<?xml version="1.0" encoding="UTF-8"?>
<gpx creator="StravaGPX" version="1.1" xmlns="http://www.topografix.com/GPX/1/1" xmlns:xsi="http://www.w3.org/2001/XMLSchema-instance" xsi:schemaLocation="http://www.topografix.com/GPX/1/1 http://www.topografix.com/GPX/1/1/gpx.xsd">
 <trk>
  <name>EP gor dol</name>
  <type>running</type>
  <trkseg>
   <trkpt lat="46.2256570" lon="14.6116230">
    <ele>382.4</ele>
   </trkpt>
   <trkpt lat="46.2256570" lon="14.6116230">
    <ele>382.4</ele>
   </trkpt>
   <trkpt lat="46.2256580" lon="14.6116220">
    <ele>382.4</ele>
   </trkpt>
   <trkpt lat="46.2256580" lon="14.6116180">
    <ele>382.4</ele>
   </trkpt>
   <trkpt lat="46.2256530" lon="14.6116170">
    <ele>382.4</ele>
   </trkpt>
   <trkpt lat="46.2256120" lon="14.6116030">
    <ele>382.4</ele>
   </trkpt>
   <trkpt lat="46.2255670" lon="14.6115900">
    <ele>382.5</ele>
   </trkpt>
   <trkpt lat="46.2255230" lon="14.6115780">
    <ele>382.5</ele>
   </trkpt>
   <trkpt lat="46.2254720" lon="14.6115650">
    <ele>382.6</ele>
   </trkpt>
   <trkpt lat="46.2254180" lon="14.6115500">
    <ele>382.7</ele>
   </trkpt>
   <trkpt lat="46.2253550" lon="14.6115350">
    <ele>382.9</ele>
   </trkpt>
   <trkpt lat="46.2252970" lon="14.6115220">
    <ele>383.0</ele>
   </trkpt>
   <trkpt lat="46.2252380" lon="14.6115030">
    <ele>383.2</ele>
   </trkpt>
   <trkpt lat="46.2251880" lon="14.6114880">
    <ele>383.3</ele>
   </trkpt>
   <trkpt lat="46.2251330" lon="14.6114680">
    <ele>383.5</ele>
   </trkpt>
   <trkpt lat="46.2250730" lon="14.6114350">
    <ele>383.7</ele>
   </trkpt>
   <trkpt lat="46.2250270" lon="14.6114020">
    <ele>383.8</ele>
   </trkpt>
   <trkpt lat="46.2249850" lon="14.6113630">
    <ele>383.9</ele>
   </trkpt>
   <trkpt lat="46.2249480" lon="14.6113220">
    <ele>384.1</ele>
   </trkpt>
   <trkpt lat="46.2249200" lon="14.6112850">
    <ele>384.2</ele>
   </trkpt>
   <trkpt lat="46.2248780" lon="14.6112230">
    <ele>384.3</ele>
   </trkpt>
   <trkpt lat="46.2248420" lon="14.6111720">
    <ele>384.4</ele>
   </trkpt>
   <trkpt lat="46.2248030" lon="14.6111200">
    <ele>384.5</ele>
   </trkpt>
   <trkpt lat="46.2247730" lon="14.6110780">
    <ele>384.6</ele>
   </trkpt>
   <trkpt lat="46.2247320" lon="14.6110150">
    <ele>384.7</ele>
   </trkpt>
   <trkpt lat="46.2246970" lon="14.6109620">
    <ele>384.8</ele>
   </trkpt>
   <trkpt lat="46.2246700" lon="14.6109200">
    <ele>384.8</ele>
   </trkpt>
   <trkpt lat="46.2246370" lon="14.6108630">
    <ele>384.8</ele>
   </trkpt>
   <trkpt lat="46.2246030" lon="14.6108080">
    <ele>384.8</ele>
   </trkpt>
   <trkpt lat="46.2245600" lon="14.6107470">
    <ele>384.8</ele>
   </trkpt>
   <trkpt lat="46.2245270" lon="14.6106870">
    <ele>384.7</ele>
   </trkpt>
   <trkpt lat="46.2244920" lon="14.6106300">
    <ele>384.6</ele>
   </trkpt>
   <trkpt lat="46.2244580" lon="14.6105730">
    <ele>384.6</ele>
   </trkpt>
   <trkpt lat="46.2244230" lon="14.6105170">
    <ele>384.5</ele>
   </trkpt>
   <trkpt lat="46.2243850" lon="14.6104580">
    <ele>384.4</ele>
   </trkpt>
   <trkpt lat="46.2243480" lon="14.6104050">
    <ele>384.2</ele>
   </trkpt>
   <trkpt lat="46.2243180" lon="14.6103620">
    <ele>384.0</ele>
   </trkpt>
   <trkpt lat="46.2242830" lon="14.6103080">
    <ele>383.8</ele>
   </trkpt>
   <trkpt lat="46.2242400" lon="14.6102420">
    <ele>383.5</ele>
   </trkpt>
   <trkpt lat="46.2242050" lon="14.6101850">
    <ele>383.2</ele>
   </trkpt>
   <trkpt lat="46.2241770" lon="14.6101370">
    <ele>383.0</ele>
   </trkpt>
   <trkpt lat="46.2241370" lon="14.6100650">
    <ele>382.8</ele>
   </trkpt>
   <trkpt lat="46.2241100" lon="14.6100130">
    <ele>382.6</ele>
   </trkpt>
   <trkpt lat="46.2240800" lon="14.6099520">
    <ele>382.5</ele>
   </trkpt>
   <trkpt lat="46.2240520" lon="14.6098880">
    <ele>382.3</ele>
   </trkpt>
   <trkpt lat="46.2240230" lon="14.6098250">
    <ele>382.2</ele>
   </trkpt>
   <trkpt lat="46.2239950" lon="14.6097650">
    <ele>382.1</ele>
   </trkpt>
   <trkpt lat="46.2239680" lon="14.6097050">
    <ele>382.0</ele>
   </trkpt>
   <trkpt lat="46.2239420" lon="14.6096430">
    <ele>381.9</ele>
   </trkpt>
   <trkpt lat="46.2239130" lon="14.6095800">
    <ele>381.9</ele>
   </trkpt>
   <trkpt lat="46.2238850" lon="14.6095220">
    <ele>381.8</ele>
   </trkpt>
   <trkpt lat="46.2238520" lon="14.6094630">
    <ele>381.7</ele>
   </trkpt>
   <trkpt lat="46.2238220" lon="14.6094050">
    <ele>381.7</ele>
   </trkpt>
   <trkpt lat="46.2237880" lon="14.6093480">
    <ele>381.6</ele>
   </trkpt>
   <trkpt lat="46.2237580" lon="14.6092900">
    <ele>381.5</ele>
   </trkpt>
   <trkpt lat="46.2237300" lon="14.6092300">
    <ele>381.4</ele>
   </trkpt>
   <trkpt lat="46.2237000" lon="14.6091700">
    <ele>381.4</ele>
   </trkpt>
   <trkpt lat="46.2236770" lon="14.6091120">
    <ele>381.3</ele>
   </trkpt>
   <trkpt lat="46.2236520" lon="14.6090580">
    <ele>381.2</ele>
   </trkpt>
   <trkpt lat="46.2236270" lon="14.6090020">
    <ele>381.1</ele>
   </trkpt>
   <trkpt lat="46.2235970" lon="14.6089480">
    <ele>381.1</ele>
   </trkpt>
   <trkpt lat="46.2235650" lon="14.6088930">
    <ele>381.0</ele>
   </trkpt>
   <trkpt lat="46.2235330" lon="14.6088400">
    <ele>380.9</ele>
   </trkpt>
   <trkpt lat="46.2234980" lon="14.6087850">
    <ele>380.8</ele>
   </trkpt>
   <trkpt lat="46.2234630" lon="14.6087320">
    <ele>380.8</ele>
   </trkpt>
   <trkpt lat="46.2234320" lon="14.6086820">
    <ele>380.7</ele>
   </trkpt>
   <trkpt lat="46.2234000" lon="14.6086350">
    <ele>380.6</ele>
   </trkpt>
   <trkpt lat="46.2233670" lon="14.6085900">
    <ele>380.6</ele>
   </trkpt>
   <trkpt lat="46.2233280" lon="14.6085470">
    <ele>380.5</ele>
   </trkpt>
   <trkpt lat="46.2232900" lon="14.6085020">
    <ele>380.4</ele>
   </trkpt>
   <trkpt lat="46.2232500" lon="14.6084600">
    <ele>380.4</ele>
   </trkpt>
   <trkpt lat="46.2232120" lon="14.6084200">
    <ele>380.3</ele>
   </trkpt>
   <trkpt lat="46.2231750" lon="14.6083830">
    <ele>380.3</ele>
   </trkpt>
   <trkpt lat="46.2231370" lon="14.6083470">
    <ele>380.2</ele>
   </trkpt>
   <trkpt lat="46.2230970" lon="14.6083150">
    <ele>380.2</ele>
   </trkpt>
   <trkpt lat="46.2230580" lon="14.6082920">
    <ele>380.0</ele>
   </trkpt>
   <trkpt lat="46.2230230" lon="14.6082800">
    <ele>379.7</ele>
   </trkpt>
   <trkpt lat="46.2229920" lon="14.6082900">
    <ele>379.5</ele>
   </trkpt>
   <trkpt lat="46.2229620" lon="14.6083220">
    <ele>379.2</ele>
   </trkpt>
   <trkpt lat="46.2229370" lon="14.6083680">
    <ele>378.9</ele>
   </trkpt>
   <trkpt lat="46.2229200" lon="14.6084220">
    <ele>378.7</ele>
   </trkpt>
   <trkpt lat="46.2229050" lon="14.6084950">
    <ele>378.3</ele>
   </trkpt>
   <trkpt lat="46.2228900" lon="14.6085650">
    <ele>378.0</ele>
   </trkpt>
   <trkpt lat="46.2228730" lon="14.6086330">
    <ele>377.8</ele>
   </trkpt>
   <trkpt lat="46.2228500" lon="14.6087000">
    <ele>377.5</ele>
   </trkpt>
   <trkpt lat="46.2228280" lon="14.6087730">
    <ele>377.3</ele>
   </trkpt>
   <trkpt lat="46.2228080" lon="14.6088430">
    <ele>377.0</ele>
   </trkpt>
   <trkpt lat="46.2227830" lon="14.6089100">
    <ele>376.9</ele>
   </trkpt>
   <trkpt lat="46.2227630" lon="14.6089780">
    <ele>376.7</ele>
   </trkpt>
   <trkpt lat="46.2227320" lon="14.6090670">
    <ele>376.5</ele>
   </trkpt>
   <trkpt lat="46.2227120" lon="14.6091230">
    <ele>376.3</ele>
   </trkpt>
   <trkpt lat="46.2226970" lon="14.6091880">
    <ele>376.2</ele>
   </trkpt>
   <trkpt lat="46.2226930" lon="14.6092600">
    <ele>376.0</ele>
   </trkpt>
   <trkpt lat="46.2226750" lon="14.6093200">
    <ele>375.8</ele>
   </trkpt>
   <trkpt lat="46.2226600" lon="14.6093820">
    <ele>375.7</ele>
   </trkpt>
   <trkpt lat="46.2226470" lon="14.6094470">
    <ele>375.6</ele>
   </trkpt>
   <trkpt lat="46.2226370" lon="14.6095030">
    <ele>375.6</ele>
   </trkpt>
   <trkpt lat="46.2226320" lon="14.6095600">
    <ele>375.7</ele>
   </trkpt>
   <trkpt lat="46.2226320" lon="14.6096080">
    <ele>375.7</ele>
   </trkpt>
   <trkpt lat="46.2226380" lon="14.6096700">
    <ele>375.7</ele>
   </trkpt>
   <trkpt lat="46.2226550" lon="14.6097300">
    <ele>375.7</ele>
   </trkpt>
   <trkpt lat="46.2226780" lon="14.6097930">
    <ele>375.7</ele>
   </trkpt>
   <trkpt lat="46.2227030" lon="14.6098670">
    <ele>375.8</ele>
   </trkpt>
   <trkpt lat="46.2227400" lon="14.6099270">
    <ele>375.8</ele>
   </trkpt>
   <trkpt lat="46.2227670" lon="14.6099800">
    <ele>375.8</ele>
   </trkpt>
   <trkpt lat="46.2227930" lon="14.6100330">
    <ele>375.9</ele>
   </trkpt>
   <trkpt lat="46.2228180" lon="14.6100830">
    <ele>375.9</ele>
   </trkpt>
   <trkpt lat="46.2228430" lon="14.6101330">
    <ele>375.9</ele>
   </trkpt>
   <trkpt lat="46.2228730" lon="14.6101820">
    <ele>376.0</ele>
   </trkpt>
   <trkpt lat="46.2229000" lon="14.6102370">
    <ele>376.0</ele>
   </trkpt>
   <trkpt lat="46.2229230" lon="14.6102920">
    <ele>376.0</ele>
   </trkpt>
   <trkpt lat="46.2229520" lon="14.6103350">
    <ele>376.1</ele>
   </trkpt>
   <trkpt lat="46.2229820" lon="14.6103820">
    <ele>376.1</ele>
   </trkpt>
   <trkpt lat="46.2230220" lon="14.6104120">
    <ele>376.1</ele>
   </trkpt>
   <trkpt lat="46.2230770" lon="14.6104530">
    <ele>376.2</ele>
   </trkpt>
   <trkpt lat="46.2231020" lon="14.6105070">
    <ele>376.2</ele>
   </trkpt>
   <trkpt lat="46.2231200" lon="14.6105570">
    <ele>376.2</ele>
   </trkpt>
   <trkpt lat="46.2231370" lon="14.6106120">
    <ele>376.3</ele>
   </trkpt>
   <trkpt lat="46.2231600" lon="14.6106680">
    <ele>376.3</ele>
   </trkpt>
   <trkpt lat="46.2231720" lon="14.6107230">
    <ele>376.4</ele>
   </trkpt>
   <trkpt lat="46.2231930" lon="14.6107780">
    <ele>376.4</ele>
   </trkpt>
   <trkpt lat="46.2232270" lon="14.6108320">
    <ele>376.4</ele>
   </trkpt>
   <trkpt lat="46.2232620" lon="14.6108780">
    <ele>376.5</ele>
   </trkpt>
   <trkpt lat="46.2232970" lon="14.6109300">
    <ele>376.5</ele>
   </trkpt>
   <trkpt lat="46.2233270" lon="14.6109900">
    <ele>376.6</ele>
   </trkpt>
   <trkpt lat="46.2233530" lon="14.6110570">
    <ele>376.6</ele>
   </trkpt>
   <trkpt lat="46.2233750" lon="14.6111250">
    <ele>376.7</ele>
   </trkpt>
   <trkpt lat="46.2233920" lon="14.6111800">
    <ele>376.7</ele>
   </trkpt>
   <trkpt lat="46.2234170" lon="14.6112420">
    <ele>376.7</ele>
   </trkpt>
   <trkpt lat="46.2234380" lon="14.6113000">
    <ele>376.7</ele>
   </trkpt>
   <trkpt lat="46.2234650" lon="14.6113600">
    <ele>376.8</ele>
   </trkpt>
   <trkpt lat="46.2234820" lon="14.6114200">
    <ele>376.8</ele>
   </trkpt>
   <trkpt lat="46.2234930" lon="14.6114770">
    <ele>376.8</ele>
   </trkpt>
   <trkpt lat="46.2235030" lon="14.6115400">
    <ele>376.8</ele>
   </trkpt>
   <trkpt lat="46.2235130" lon="14.6116050">
    <ele>376.9</ele>
   </trkpt>
   <trkpt lat="46.2235230" lon="14.6116700">
    <ele>376.9</ele>
   </trkpt>
   <trkpt lat="46.2235350" lon="14.6117300">
    <ele>376.9</ele>
   </trkpt>
   <trkpt lat="46.2235480" lon="14.6117830">
    <ele>377.0</ele>
   </trkpt>
   <trkpt lat="46.2235630" lon="14.6118330">
    <ele>377.0</ele>
   </trkpt>
   <trkpt lat="46.2235770" lon="14.6118850">
    <ele>377.0</ele>
   </trkpt>
   <trkpt lat="46.2235880" lon="14.6119470">
    <ele>377.1</ele>
   </trkpt>
   <trkpt lat="46.2235970" lon="14.6120120">
    <ele>377.1</ele>
   </trkpt>
   <trkpt lat="46.2236070" lon="14.6120800">
    <ele>377.2</ele>
   </trkpt>
   <trkpt lat="46.2236120" lon="14.6121470">
    <ele>377.2</ele>
   </trkpt>
   <trkpt lat="46.2236200" lon="14.6122100">
    <ele>377.3</ele>
   </trkpt>
   <trkpt lat="46.2236300" lon="14.6122680">
    <ele>377.3</ele>
   </trkpt>
   <trkpt lat="46.2236400" lon="14.6123270">
    <ele>377.4</ele>
   </trkpt>
   <trkpt lat="46.2236550" lon="14.6123820">
    <ele>377.4</ele>
   </trkpt>
   <trkpt lat="46.2236670" lon="14.6124370">
    <ele>377.5</ele>
   </trkpt>
   <trkpt lat="46.2236730" lon="14.6124930">
    <ele>377.5</ele>
   </trkpt>
   <trkpt lat="46.2236630" lon="14.6125570">
    <ele>377.5</ele>
   </trkpt>
   <trkpt lat="46.2236400" lon="14.6126230">
    <ele>377.6</ele>
   </trkpt>
   <trkpt lat="46.2236180" lon="14.6126830">
    <ele>377.6</ele>
   </trkpt>
   <trkpt lat="46.2235920" lon="14.6127400">
    <ele>377.6</ele>
   </trkpt>
   <trkpt lat="46.2235600" lon="14.6128020">
    <ele>377.6</ele>
   </trkpt>
   <trkpt lat="46.2235280" lon="14.6128520">
    <ele>377.6</ele>
   </trkpt>
   <trkpt lat="46.2234980" lon="14.6129030">
    <ele>377.5</ele>
   </trkpt>
   <trkpt lat="46.2234650" lon="14.6129570">
    <ele>377.5</ele>
   </trkpt>
   <trkpt lat="46.2234300" lon="14.6130150">
    <ele>377.5</ele>
   </trkpt>
   <trkpt lat="46.2233950" lon="14.6130770">
    <ele>377.4</ele>
   </trkpt>
   <trkpt lat="46.2233570" lon="14.6131280">
    <ele>377.6</ele>
   </trkpt>
   <trkpt lat="46.2233220" lon="14.6131700">
    <ele>377.8</ele>
   </trkpt>
   <trkpt lat="46.2232870" lon="14.6131930">
    <ele>377.9</ele>
   </trkpt>
   <trkpt lat="46.2232480" lon="14.6132030">
    <ele>377.9</ele>
   </trkpt>
   <trkpt lat="46.2232120" lon="14.6132000">
    <ele>378.0</ele>
   </trkpt>
   <trkpt lat="46.2231720" lon="14.6132020">
    <ele>378.0</ele>
   </trkpt>
   <trkpt lat="46.2231380" lon="14.6131980">
    <ele>378.1</ele>
   </trkpt>
   <trkpt lat="46.2230900" lon="14.6132030">
    <ele>378.2</ele>
   </trkpt>
   <trkpt lat="46.2230470" lon="14.6132120">
    <ele>378.2</ele>
   </trkpt>
   <trkpt lat="46.2229970" lon="14.6132100">
    <ele>378.3</ele>
   </trkpt>
   <trkpt lat="46.2229580" lon="14.6132070">
    <ele>378.4</ele>
   </trkpt>
   <trkpt lat="46.2229130" lon="14.6132050">
    <ele>378.5</ele>
   </trkpt>
   <trkpt lat="46.2228680" lon="14.6132070">
    <ele>378.6</ele>
   </trkpt>
   <trkpt lat="46.2228280" lon="14.6132130">
    <ele>378.7</ele>
   </trkpt>
   <trkpt lat="46.2227820" lon="14.6132230">
    <ele>378.9</ele>
   </trkpt>
   <trkpt lat="46.2227350" lon="14.6132250">
    <ele>379.0</ele>
   </trkpt>
   <trkpt lat="46.2226920" lon="14.6132150">
    <ele>379.2</ele>
   </trkpt>
   <trkpt lat="46.2226450" lon="14.6132080">
    <ele>379.4</ele>
   </trkpt>
   <trkpt lat="46.2226030" lon="14.6132030">
    <ele>379.5</ele>
   </trkpt>
   <trkpt lat="46.2225720" lon="14.6132220">
    <ele>379.6</ele>
   </trkpt>
   <trkpt lat="46.2225300" lon="14.6132230">
    <ele>379.8</ele>
   </trkpt>
   <trkpt lat="46.2224930" lon="14.6132200">
    <ele>379.9</ele>
   </trkpt>
   <trkpt lat="46.2224550" lon="14.6132150">
    <ele>380.1</ele>
   </trkpt>
   <trkpt lat="46.2224200" lon="14.6131970">
    <ele>380.2</ele>
   </trkpt>
   <trkpt lat="46.2223830" lon="14.6131820">
    <ele>380.3</ele>
   </trkpt>
   <trkpt lat="46.2223470" lon="14.6131620">
    <ele>380.4</ele>
   </trkpt>
   <trkpt lat="46.2223120" lon="14.6131420">
    <ele>380.5</ele>
   </trkpt>
   <trkpt lat="46.2222800" lon="14.6131230">
    <ele>380.5</ele>
   </trkpt>
   <trkpt lat="46.2222470" lon="14.6131120">
    <ele>380.6</ele>
   </trkpt>
   <trkpt lat="46.2222070" lon="14.6131200">
    <ele>380.5</ele>
   </trkpt>
   <trkpt lat="46.2221670" lon="14.6131330">
    <ele>381.1</ele>
   </trkpt>
   <trkpt lat="46.2221420" lon="14.6131500">
    <ele>381.5</ele>
   </trkpt>
   <trkpt lat="46.2221100" lon="14.6131730">
    <ele>381.9</ele>
   </trkpt>
   <trkpt lat="46.2220950" lon="14.6132130">
    <ele>382.3</ele>
   </trkpt>
   <trkpt lat="46.2220750" lon="14.6132630">
    <ele>382.8</ele>
   </trkpt>
   <trkpt lat="46.2220670" lon="14.6133030">
    <ele>383.1</ele>
   </trkpt>
   <trkpt lat="46.2220580" lon="14.6133480">
    <ele>383.5</ele>
   </trkpt>
   <trkpt lat="46.2220520" lon="14.6133820">
    <ele>383.8</ele>
   </trkpt>
   <trkpt lat="46.2220350" lon="14.6134320">
    <ele>384.2</ele>
   </trkpt>
   <trkpt lat="46.2220120" lon="14.6134970">
    <ele>384.8</ele>
   </trkpt>
   <trkpt lat="46.2219820" lon="14.6135620">
    <ele>385.4</ele>
   </trkpt>
   <trkpt lat="46.2219600" lon="14.6136320">
    <ele>386.0</ele>
   </trkpt>
   <trkpt lat="46.2219550" lon="14.6136650">
    <ele>386.3</ele>
   </trkpt>
   <trkpt lat="46.2219380" lon="14.6137170">
    <ele>386.7</ele>
   </trkpt>
   <trkpt lat="46.2219270" lon="14.6137480">
    <ele>387.0</ele>
   </trkpt>
   <trkpt lat="46.2219080" lon="14.6137880">
    <ele>387.3</ele>
   </trkpt>
   <trkpt lat="46.2218880" lon="14.6138370">
    <ele>387.7</ele>
   </trkpt>
   <trkpt lat="46.2218670" lon="14.6138920">
    <ele>388.1</ele>
   </trkpt>
   <trkpt lat="46.2218470" lon="14.6139430">
    <ele>388.5</ele>
   </trkpt>
   <trkpt lat="46.2218370" lon="14.6139850">
    <ele>388.8</ele>
   </trkpt>
   <trkpt lat="46.2218230" lon="14.6140350">
    <ele>389.2</ele>
   </trkpt>
   <trkpt lat="46.2218050" lon="14.6140730">
    <ele>389.5</ele>
   </trkpt>
   <trkpt lat="46.2217850" lon="14.6141220">
    <ele>389.9</ele>
   </trkpt>
   <trkpt lat="46.2217720" lon="14.6141500">
    <ele>390.2</ele>
   </trkpt>
   <trkpt lat="46.2217480" lon="14.6141950">
    <ele>390.6</ele>
   </trkpt>
   <trkpt lat="46.2217320" lon="14.6142280">
    <ele>390.9</ele>
   </trkpt>
   <trkpt lat="46.2217080" lon="14.6142630">
    <ele>391.4</ele>
   </trkpt>
   <trkpt lat="46.2216830" lon="14.6142980">
    <ele>391.8</ele>
   </trkpt>
   <trkpt lat="46.2216600" lon="14.6143280">
    <ele>392.2</ele>
   </trkpt>
   <trkpt lat="46.2216350" lon="14.6143570">
    <ele>392.5</ele>
   </trkpt>
   <trkpt lat="46.2216070" lon="14.6143830">
    <ele>392.9</ele>
   </trkpt>
   <trkpt lat="46.2215750" lon="14.6144020">
    <ele>393.3</ele>
   </trkpt>
   <trkpt lat="46.2215500" lon="14.6144180">
    <ele>393.5</ele>
   </trkpt>
   <trkpt lat="46.2215100" lon="14.6144420">
    <ele>394.0</ele>
   </trkpt>
   <trkpt lat="46.2214780" lon="14.6144530">
    <ele>394.4</ele>
   </trkpt>
   <trkpt lat="46.2214550" lon="14.6144600">
    <ele>394.6</ele>
   </trkpt>
   <trkpt lat="46.2214220" lon="14.6144720">
    <ele>395.0</ele>
   </trkpt>
   <trkpt lat="46.2213920" lon="14.6144830">
    <ele>395.4</ele>
   </trkpt>
   <trkpt lat="46.2213650" lon="14.6144930">
    <ele>395.8</ele>
   </trkpt>
   <trkpt lat="46.2213370" lon="14.6145080">
    <ele>396.3</ele>
   </trkpt>
   <trkpt lat="46.2213100" lon="14.6145250">
    <ele>396.7</ele>
   </trkpt>
   <trkpt lat="46.2212800" lon="14.6145350">
    <ele>397.2</ele>
   </trkpt>
   <trkpt lat="46.2212530" lon="14.6145420">
    <ele>397.6</ele>
   </trkpt>
   <trkpt lat="46.2212250" lon="14.6145430">
    <ele>398.1</ele>
   </trkpt>
   <trkpt lat="46.2211980" lon="14.6145480">
    <ele>398.6</ele>
   </trkpt>
   <trkpt lat="46.2211720" lon="14.6145630">
    <ele>399.0</ele>
   </trkpt>
   <trkpt lat="46.2211370" lon="14.6145880">
    <ele>399.7</ele>
   </trkpt>
   <trkpt lat="46.2211050" lon="14.6145980">
    <ele>400.4</ele>
   </trkpt>
   <trkpt lat="46.2210750" lon="14.6145900">
    <ele>400.9</ele>
   </trkpt>
   <trkpt lat="46.2210530" lon="14.6145870">
    <ele>401.4</ele>
   </trkpt>
   <trkpt lat="46.2210330" lon="14.6145870">
    <ele>401.8</ele>
   </trkpt>
   <trkpt lat="46.2210100" lon="14.6145800">
    <ele>402.2</ele>
   </trkpt>
   <trkpt lat="46.2209900" lon="14.6145770">
    <ele>402.6</ele>
   </trkpt>
   <trkpt lat="46.2209720" lon="14.6145770">
    <ele>403.0</ele>
   </trkpt>
   <trkpt lat="46.2209450" lon="14.6145700">
    <ele>403.5</ele>
   </trkpt>
   <trkpt lat="46.2209280" lon="14.6145650">
    <ele>403.9</ele>
   </trkpt>
   <trkpt lat="46.2209070" lon="14.6145580">
    <ele>404.3</ele>
   </trkpt>
   <trkpt lat="46.2208820" lon="14.6145580">
    <ele>404.8</ele>
   </trkpt>
   <trkpt lat="46.2208600" lon="14.6145670">
    <ele>405.3</ele>
   </trkpt>
   <trkpt lat="46.2208420" lon="14.6145700">
    <ele>405.7</ele>
   </trkpt>
   <trkpt lat="46.2208200" lon="14.6145730">
    <ele>406.2</ele>
   </trkpt>
   <trkpt lat="46.2208020" lon="14.6145830">
    <ele>406.6</ele>
   </trkpt>
   <trkpt lat="46.2207850" lon="14.6145980">
    <ele>407.0</ele>
   </trkpt>
   <trkpt lat="46.2207600" lon="14.6146000">
    <ele>407.6</ele>
   </trkpt>
   <trkpt lat="46.2207420" lon="14.6145970">
    <ele>408.0</ele>
   </trkpt>
   <trkpt lat="46.2207270" lon="14.6146000">
    <ele>408.4</ele>
   </trkpt>
   <trkpt lat="46.2207000" lon="14.6146000">
    <ele>409.0</ele>
   </trkpt>
   <trkpt lat="46.2206820" lon="14.6146120">
    <ele>409.4</ele>
   </trkpt>
   <trkpt lat="46.2206630" lon="14.6146200">
    <ele>409.9</ele>
   </trkpt>
   <trkpt lat="46.2206420" lon="14.6146350">
    <ele>410.4</ele>
   </trkpt>
   <trkpt lat="46.2206180" lon="14.6146480">
    <ele>411.0</ele>
   </trkpt>
   <trkpt lat="46.2205970" lon="14.6146730">
    <ele>411.5</ele>
   </trkpt>
   <trkpt lat="46.2205800" lon="14.6146980">
    <ele>412.1</ele>
   </trkpt>
   <trkpt lat="46.2205700" lon="14.6147250">
    <ele>412.5</ele>
   </trkpt>
   <trkpt lat="46.2205700" lon="14.6147480">
    <ele>412.8</ele>
   </trkpt>
   <trkpt lat="46.2205730" lon="14.6147730">
    <ele>413.2</ele>
   </trkpt>
   <trkpt lat="46.2205770" lon="14.6147850">
    <ele>413.4</ele>
   </trkpt>
   <trkpt lat="46.2205820" lon="14.6147900">
    <ele>413.5</ele>
   </trkpt>
   <trkpt lat="46.2205820" lon="14.6147970">
    <ele>413.7</ele>
   </trkpt>
   <trkpt lat="46.2205950" lon="14.6147980">
    <ele>413.9</ele>
   </trkpt>
   <trkpt lat="46.2206120" lon="14.6148070">
    <ele>414.3</ele>
   </trkpt>
   <trkpt lat="46.2206300" lon="14.6148180">
    <ele>414.6</ele>
   </trkpt>
   <trkpt lat="46.2206430" lon="14.6148300">
    <ele>414.9</ele>
   </trkpt>
   <trkpt lat="46.2206530" lon="14.6148400">
    <ele>415.1</ele>
   </trkpt>
   <trkpt lat="46.2206650" lon="14.6148580">
    <ele>415.5</ele>
   </trkpt>
   <trkpt lat="46.2206770" lon="14.6148750">
    <ele>415.8</ele>
   </trkpt>
   <trkpt lat="46.2206930" lon="14.6149100">
    <ele>416.3</ele>
   </trkpt>
   <trkpt lat="46.2207120" lon="14.6149330">
    <ele>416.8</ele>
   </trkpt>
   <trkpt lat="46.2207370" lon="14.6149580">
    <ele>417.4</ele>
   </trkpt>
   <trkpt lat="46.2207650" lon="14.6149720">
    <ele>418.0</ele>
   </trkpt>
   <trkpt lat="46.2207970" lon="14.6149870">
    <ele>418.7</ele>
   </trkpt>
   <trkpt lat="46.2208270" lon="14.6149970">
    <ele>419.4</ele>
   </trkpt>
   <trkpt lat="46.2208570" lon="14.6150120">
    <ele>420.0</ele>
   </trkpt>
   <trkpt lat="46.2208850" lon="14.6150430">
    <ele>420.8</ele>
   </trkpt>
   <trkpt lat="46.2209070" lon="14.6150600">
    <ele>421.3</ele>
   </trkpt>
   <trkpt lat="46.2209200" lon="14.6150630">
    <ele>421.6</ele>
   </trkpt>
   <trkpt lat="46.2209370" lon="14.6150720">
    <ele>422.0</ele>
   </trkpt>
   <trkpt lat="46.2209500" lon="14.6150770">
    <ele>422.2</ele>
   </trkpt>
   <trkpt lat="46.2209630" lon="14.6150900">
    <ele>422.6</ele>
   </trkpt>
   <trkpt lat="46.2209800" lon="14.6151130">
    <ele>423.0</ele>
   </trkpt>
   <trkpt lat="46.2209970" lon="14.6151400">
    <ele>423.6</ele>
   </trkpt>
   <trkpt lat="46.2210180" lon="14.6151650">
    <ele>424.1</ele>
   </trkpt>
   <trkpt lat="46.2210400" lon="14.6151870">
    <ele>424.6</ele>
   </trkpt>
   <trkpt lat="46.2210550" lon="14.6152050">
    <ele>425.0</ele>
   </trkpt>
   <trkpt lat="46.2210630" lon="14.6152250">
    <ele>425.3</ele>
   </trkpt>
   <trkpt lat="46.2210830" lon="14.6152470">
    <ele>425.8</ele>
   </trkpt>
   <trkpt lat="46.2211020" lon="14.6152600">
    <ele>426.2</ele>
   </trkpt>
   <trkpt lat="46.2211280" lon="14.6152780">
    <ele>426.7</ele>
   </trkpt>
   <trkpt lat="46.2211630" lon="14.6153020">
    <ele>427.4</ele>
   </trkpt>
   <trkpt lat="46.2211880" lon="14.6153220">
    <ele>427.9</ele>
   </trkpt>
   <trkpt lat="46.2212030" lon="14.6153430">
    <ele>428.3</ele>
   </trkpt>
   <trkpt lat="46.2212150" lon="14.6153650">
    <ele>428.6</ele>
   </trkpt>
   <trkpt lat="46.2212230" lon="14.6153870">
    <ele>428.9</ele>
   </trkpt>
   <trkpt lat="46.2212320" lon="14.6154020">
    <ele>429.1</ele>
   </trkpt>
   <trkpt lat="46.2212380" lon="14.6154170">
    <ele>429.3</ele>
   </trkpt>
   <trkpt lat="46.2212570" lon="14.6154450">
    <ele>429.5</ele>
   </trkpt>
   <trkpt lat="46.2213070" lon="14.6155200">
    <ele>430.2</ele>
   </trkpt>
   <trkpt lat="46.2213470" lon="14.6155750">
    <ele>430.7</ele>
   </trkpt>
   <trkpt lat="46.2213670" lon="14.6156120">
    <ele>431.0</ele>
   </trkpt>
   <trkpt lat="46.2214170" lon="14.6156770">
    <ele>431.5</ele>
   </trkpt>
   <trkpt lat="46.2214500" lon="14.6157030">
    <ele>432.0</ele>
   </trkpt>
   <trkpt lat="46.2214730" lon="14.6157300">
    <ele>432.4</ele>
   </trkpt>
   <trkpt lat="46.2214930" lon="14.6157620">
    <ele>432.8</ele>
   </trkpt>
   <trkpt lat="46.2215080" lon="14.6157930">
    <ele>433.2</ele>
   </trkpt>
   <trkpt lat="46.2215120" lon="14.6158120">
    <ele>433.3</ele>
   </trkpt>
   <trkpt lat="46.2215230" lon="14.6158320">
    <ele>433.6</ele>
   </trkpt>
   <trkpt lat="46.2215430" lon="14.6158550">
    <ele>433.8</ele>
   </trkpt>
   <trkpt lat="46.2215500" lon="14.6159130">
    <ele>434.3</ele>
   </trkpt>
   <trkpt lat="46.2215620" lon="14.6159870">
    <ele>434.8</ele>
   </trkpt>
   <trkpt lat="46.2215850" lon="14.6160230">
    <ele>435.0</ele>
   </trkpt>
   <trkpt lat="46.2215850" lon="14.6160230">
    <ele>435.0</ele>
   </trkpt>
   <trkpt lat="46.2215830" lon="14.6160180">
    <ele>435.1</ele>
   </trkpt>
   <trkpt lat="46.2215930" lon="14.6160200">
    <ele>435.2</ele>
   </trkpt>
   <trkpt lat="46.2216080" lon="14.6160380">
    <ele>435.3</ele>
   </trkpt>
   <trkpt lat="46.2216400" lon="14.6160750">
    <ele>435.6</ele>
   </trkpt>
   <trkpt lat="46.2216520" lon="14.6160950">
    <ele>435.7</ele>
   </trkpt>
   <trkpt lat="46.2216680" lon="14.6161280">
    <ele>435.8</ele>
   </trkpt>
   <trkpt lat="46.2216820" lon="14.6161650">
    <ele>435.9</ele>
   </trkpt>
   <trkpt lat="46.2216950" lon="14.6162050">
    <ele>436.1</ele>
   </trkpt>
   <trkpt lat="46.2217020" lon="14.6162720">
    <ele>436.2</ele>
   </trkpt>
   <trkpt lat="46.2217050" lon="14.6163220">
    <ele>436.4</ele>
   </trkpt>
   <trkpt lat="46.2217120" lon="14.6163700">
    <ele>436.5</ele>
   </trkpt>
   <trkpt lat="46.2217100" lon="14.6164180">
    <ele>436.6</ele>
   </trkpt>
   <trkpt lat="46.2217180" lon="14.6164480">
    <ele>436.7</ele>
   </trkpt>
   <trkpt lat="46.2217320" lon="14.6164880">
    <ele>436.7</ele>
   </trkpt>
   <trkpt lat="46.2217420" lon="14.6165080">
    <ele>436.7</ele>
   </trkpt>
   <trkpt lat="46.2217200" lon="14.6165100">
    <ele>436.7</ele>
   </trkpt>
   <trkpt lat="46.2217220" lon="14.6164600">
    <ele>436.9</ele>
   </trkpt>
   <trkpt lat="46.2217320" lon="14.6164350">
    <ele>436.9</ele>
   </trkpt>
   <trkpt lat="46.2217470" lon="14.6164120">
    <ele>437.0</ele>
   </trkpt>
   <trkpt lat="46.2217600" lon="14.6163870">
    <ele>437.1</ele>
   </trkpt>
   <trkpt lat="46.2217800" lon="14.6163530">
    <ele>437.2</ele>
   </trkpt>
   <trkpt lat="46.2217950" lon="14.6163250">
    <ele>437.4</ele>
   </trkpt>
   <trkpt lat="46.2218020" lon="14.6162950">
    <ele>437.5</ele>
   </trkpt>
   <trkpt lat="46.2218050" lon="14.6162670">
    <ele>437.6</ele>
   </trkpt>
   <trkpt lat="46.2218170" lon="14.6162170">
    <ele>437.9</ele>
   </trkpt>
   <trkpt lat="46.2218330" lon="14.6161750">
    <ele>438.2</ele>
   </trkpt>
   <trkpt lat="46.2218500" lon="14.6161420">
    <ele>438.5</ele>
   </trkpt>
   <trkpt lat="46.2218630" lon="14.6161070">
    <ele>438.8</ele>
   </trkpt>
   <trkpt lat="46.2218830" lon="14.6160620">
    <ele>439.2</ele>
   </trkpt>
   <trkpt lat="46.2219020" lon="14.6160230">
    <ele>439.7</ele>
   </trkpt>
   <trkpt lat="46.2219170" lon="14.6159970">
    <ele>440.0</ele>
   </trkpt>
   <trkpt lat="46.2219270" lon="14.6159650">
    <ele>440.4</ele>
   </trkpt>
   <trkpt lat="46.2219330" lon="14.6159370">
    <ele>440.8</ele>
   </trkpt>
   <trkpt lat="46.2219500" lon="14.6159070">
    <ele>441.3</ele>
   </trkpt>
   <trkpt lat="46.2219620" lon="14.6158700">
    <ele>441.8</ele>
   </trkpt>
   <trkpt lat="46.2219730" lon="14.6158450">
    <ele>442.2</ele>
   </trkpt>
   <trkpt lat="46.2219850" lon="14.6158150">
    <ele>442.7</ele>
   </trkpt>
   <trkpt lat="46.2219950" lon="14.6157920">
    <ele>443.1</ele>
   </trkpt>
   <trkpt lat="46.2220100" lon="14.6157670">
    <ele>443.5</ele>
   </trkpt>
   <trkpt lat="46.2220230" lon="14.6157400">
    <ele>444.0</ele>
   </trkpt>
   <trkpt lat="46.2220370" lon="14.6157170">
    <ele>444.4</ele>
   </trkpt>
   <trkpt lat="46.2220480" lon="14.6156870">
    <ele>444.8</ele>
   </trkpt>
   <trkpt lat="46.2220600" lon="14.6156570">
    <ele>445.3</ele>
   </trkpt>
   <trkpt lat="46.2220680" lon="14.6156270">
    <ele>445.8</ele>
   </trkpt>
   <trkpt lat="46.2220780" lon="14.6155970">
    <ele>446.2</ele>
   </trkpt>
   <trkpt lat="46.2220880" lon="14.6155670">
    <ele>446.6</ele>
   </trkpt>
   <trkpt lat="46.2221000" lon="14.6155400">
    <ele>446.9</ele>
   </trkpt>
   <trkpt lat="46.2221150" lon="14.6155150">
    <ele>447.2</ele>
   </trkpt>
   <trkpt lat="46.2221350" lon="14.6155020">
    <ele>447.5</ele>
   </trkpt>
   <trkpt lat="46.2221580" lon="14.6154880">
    <ele>447.7</ele>
   </trkpt>
   <trkpt lat="46.2221880" lon="14.6154770">
    <ele>447.9</ele>
   </trkpt>
   <trkpt lat="46.2222270" lon="14.6154630">
    <ele>448.0</ele>
   </trkpt>
   <trkpt lat="46.2222600" lon="14.6154570">
    <ele>448.2</ele>
   </trkpt>
   <trkpt lat="46.2222880" lon="14.6154500">
    <ele>448.4</ele>
   </trkpt>
   <trkpt lat="46.2223200" lon="14.6154430">
    <ele>448.6</ele>
   </trkpt>
   <trkpt lat="46.2223480" lon="14.6154370">
    <ele>448.9</ele>
   </trkpt>
   <trkpt lat="46.2223770" lon="14.6154280">
    <ele>449.3</ele>
   </trkpt>
   <trkpt lat="46.2224050" lon="14.6154180">
    <ele>449.6</ele>
   </trkpt>
   <trkpt lat="46.2224300" lon="14.6154070">
    <ele>450.1</ele>
   </trkpt>
   <trkpt lat="46.2224470" lon="14.6153770">
    <ele>450.5</ele>
   </trkpt>
   <trkpt lat="46.2224600" lon="14.6153550">
    <ele>450.9</ele>
   </trkpt>
   <trkpt lat="46.2224870" lon="14.6153330">
    <ele>451.6</ele>
   </trkpt>
   <trkpt lat="46.2225130" lon="14.6153220">
    <ele>452.2</ele>
   </trkpt>
   <trkpt lat="46.2225280" lon="14.6153230">
    <ele>452.6</ele>
   </trkpt>
   <trkpt lat="46.2225400" lon="14.6153130">
    <ele>452.9</ele>
   </trkpt>
   <trkpt lat="46.2225570" lon="14.6153100">
    <ele>453.3</ele>
   </trkpt>
   <trkpt lat="46.2225770" lon="14.6153020">
    <ele>453.8</ele>
   </trkpt>
   <trkpt lat="46.2225930" lon="14.6153000">
    <ele>454.1</ele>
   </trkpt>
   <trkpt lat="46.2226050" lon="14.6153080">
    <ele>454.4</ele>
   </trkpt>
   <trkpt lat="46.2226100" lon="14.6153220">
    <ele>454.7</ele>
   </trkpt>
   <trkpt lat="46.2226100" lon="14.6153470">
    <ele>455.1</ele>
   </trkpt>
   <trkpt lat="46.2226070" lon="14.6153750">
    <ele>455.5</ele>
   </trkpt>
   <trkpt lat="46.2226020" lon="14.6154000">
    <ele>455.8</ele>
   </trkpt>
   <trkpt lat="46.2225920" lon="14.6154300">
    <ele>456.3</ele>
   </trkpt>
   <trkpt lat="46.2225870" lon="14.6154550">
    <ele>456.7</ele>
   </trkpt>
   <trkpt lat="46.2225830" lon="14.6154800">
    <ele>457.1</ele>
   </trkpt>
   <trkpt lat="46.2225800" lon="14.6154950">
    <ele>457.3</ele>
   </trkpt>
   <trkpt lat="46.2225730" lon="14.6155180">
    <ele>457.7</ele>
   </trkpt>
   <trkpt lat="46.2225650" lon="14.6155400">
    <ele>458.1</ele>
   </trkpt>
   <trkpt lat="46.2225570" lon="14.6155600">
    <ele>458.5</ele>
   </trkpt>
   <trkpt lat="46.2225500" lon="14.6155830">
    <ele>458.9</ele>
   </trkpt>
   <trkpt lat="46.2225380" lon="14.6156170">
    <ele>459.6</ele>
   </trkpt>
   <trkpt lat="46.2225370" lon="14.6156420">
    <ele>460.1</ele>
   </trkpt>
   <trkpt lat="46.2225300" lon="14.6156580">
    <ele>460.4</ele>
   </trkpt>
   <trkpt lat="46.2225230" lon="14.6156780">
    <ele>460.9</ele>
   </trkpt>
   <trkpt lat="46.2225200" lon="14.6157000">
    <ele>461.3</ele>
   </trkpt>
   <trkpt lat="46.2225150" lon="14.6157220">
    <ele>461.7</ele>
   </trkpt>
   <trkpt lat="46.2225100" lon="14.6157480">
    <ele>462.2</ele>
   </trkpt>
   <trkpt lat="46.2225070" lon="14.6157670">
    <ele>462.6</ele>
   </trkpt>
   <trkpt lat="46.2225020" lon="14.6157830">
    <ele>462.9</ele>
   </trkpt>
   <trkpt lat="46.2225020" lon="14.6157930">
    <ele>463.1</ele>
   </trkpt>
   <trkpt lat="46.2225000" lon="14.6158100">
    <ele>463.4</ele>
   </trkpt>
   <trkpt lat="46.2224970" lon="14.6158350">
    <ele>463.9</ele>
   </trkpt>
   <trkpt lat="46.2224920" lon="14.6158630">
    <ele>464.5</ele>
   </trkpt>
   <trkpt lat="46.2224880" lon="14.6158920">
    <ele>465.0</ele>
   </trkpt>
   <trkpt lat="46.2224880" lon="14.6159230">
    <ele>465.5</ele>
   </trkpt>
   <trkpt lat="46.2224930" lon="14.6159530">
    <ele>466.0</ele>
   </trkpt>
   <trkpt lat="46.2224950" lon="14.6159800">
    <ele>466.5</ele>
   </trkpt>
   <trkpt lat="46.2224920" lon="14.6160070">
    <ele>466.9</ele>
   </trkpt>
   <trkpt lat="46.2224880" lon="14.6160370">
    <ele>467.3</ele>
   </trkpt>
   <trkpt lat="46.2224870" lon="14.6160570">
    <ele>467.6</ele>
   </trkpt>
   <trkpt lat="46.2224850" lon="14.6160800">
    <ele>467.9</ele>
   </trkpt>
   <trkpt lat="46.2224820" lon="14.6161020">
    <ele>468.2</ele>
   </trkpt>
   <trkpt lat="46.2224750" lon="14.6161250">
    <ele>468.5</ele>
   </trkpt>
   <trkpt lat="46.2224720" lon="14.6161480">
    <ele>468.8</ele>
   </trkpt>
   <trkpt lat="46.2224720" lon="14.6161680">
    <ele>469.0</ele>
   </trkpt>
   <trkpt lat="46.2224720" lon="14.6161830">
    <ele>469.2</ele>
   </trkpt>
   <trkpt lat="46.2224650" lon="14.6162070">
    <ele>469.5</ele>
   </trkpt>
   <trkpt lat="46.2224600" lon="14.6162270">
    <ele>469.8</ele>
   </trkpt>
   <trkpt lat="46.2224570" lon="14.6162450">
    <ele>470.0</ele>
   </trkpt>
   <trkpt lat="46.2224420" lon="14.6162750">
    <ele>470.5</ele>
   </trkpt>
   <trkpt lat="46.2224250" lon="14.6163080">
    <ele>471.1</ele>
   </trkpt>
   <trkpt lat="46.2224080" lon="14.6163270">
    <ele>471.5</ele>
   </trkpt>
   <trkpt lat="46.2223980" lon="14.6163450">
    <ele>471.8</ele>
   </trkpt>
   <trkpt lat="46.2223930" lon="14.6163700">
    <ele>472.2</ele>
   </trkpt>
   <trkpt lat="46.2223930" lon="14.6164020">
    <ele>472.7</ele>
   </trkpt>
   <trkpt lat="46.2224000" lon="14.6164280">
    <ele>473.2</ele>
   </trkpt>
   <trkpt lat="46.2224000" lon="14.6164530">
    <ele>473.6</ele>
   </trkpt>
   <trkpt lat="46.2223970" lon="14.6164670">
    <ele>473.8</ele>
   </trkpt>
   <trkpt lat="46.2223850" lon="14.6164750">
    <ele>474.1</ele>
   </trkpt>
   <trkpt lat="46.2223700" lon="14.6164780">
    <ele>474.5</ele>
   </trkpt>
   <trkpt lat="46.2223550" lon="14.6164880">
    <ele>474.9</ele>
   </trkpt>
   <trkpt lat="46.2223520" lon="14.6165030">
    <ele>475.2</ele>
   </trkpt>
   <trkpt lat="46.2223480" lon="14.6165120">
    <ele>475.3</ele>
   </trkpt>
   <trkpt lat="46.2223430" lon="14.6165330">
    <ele>475.7</ele>
   </trkpt>
   <trkpt lat="46.2223430" lon="14.6165480">
    <ele>476.0</ele>
   </trkpt>
   <trkpt lat="46.2223430" lon="14.6165620">
    <ele>476.2</ele>
   </trkpt>
   <trkpt lat="46.2223480" lon="14.6165900">
    <ele>476.7</ele>
   </trkpt>
   <trkpt lat="46.2223530" lon="14.6166270">
    <ele>477.2</ele>
   </trkpt>
   <trkpt lat="46.2223550" lon="14.6166620">
    <ele>477.8</ele>
   </trkpt>
   <trkpt lat="46.2223550" lon="14.6166970">
    <ele>478.3</ele>
   </trkpt>
   <trkpt lat="46.2223570" lon="14.6167330">
    <ele>478.8</ele>
   </trkpt>
   <trkpt lat="46.2223520" lon="14.6167820">
    <ele>479.5</ele>
   </trkpt>
   <trkpt lat="46.2223520" lon="14.6168230">
    <ele>480.0</ele>
   </trkpt>
   <trkpt lat="46.2223430" lon="14.6168800">
    <ele>480.8</ele>
   </trkpt>
   <trkpt lat="46.2223280" lon="14.6169450">
    <ele>481.7</ele>
   </trkpt>
   <trkpt lat="46.2223250" lon="14.6170120">
    <ele>482.7</ele>
   </trkpt>
   <trkpt lat="46.2223270" lon="14.6170550">
    <ele>483.2</ele>
   </trkpt>
   <trkpt lat="46.2223350" lon="14.6170820">
    <ele>483.6</ele>
   </trkpt>
   <trkpt lat="46.2223470" lon="14.6171250">
    <ele>484.3</ele>
   </trkpt>
   <trkpt lat="46.2223570" lon="14.6171870">
    <ele>485.0</ele>
   </trkpt>
   <trkpt lat="46.2223630" lon="14.6172250">
    <ele>485.5</ele>
   </trkpt>
   <trkpt lat="46.2223530" lon="14.6172850">
    <ele>486.2</ele>
   </trkpt>
   <trkpt lat="46.2223420" lon="14.6173430">
    <ele>486.8</ele>
   </trkpt>
   <trkpt lat="46.2223430" lon="14.6173770">
    <ele>487.2</ele>
   </trkpt>
   <trkpt lat="46.2223480" lon="14.6174170">
    <ele>487.7</ele>
   </trkpt>
   <trkpt lat="46.2223450" lon="14.6174470">
    <ele>488.1</ele>
   </trkpt>
   <trkpt lat="46.2223450" lon="14.6174780">
    <ele>488.5</ele>
   </trkpt>
   <trkpt lat="46.2223430" lon="14.6174970">
    <ele>488.7</ele>
   </trkpt>
   <trkpt lat="46.2223470" lon="14.6174820">
    <ele>488.9</ele>
   </trkpt>
   <trkpt lat="46.2223450" lon="14.6174450">
    <ele>489.4</ele>
   </trkpt>
   <trkpt lat="46.2223380" lon="14.6174000">
    <ele>490.0</ele>
   </trkpt>
   <trkpt lat="46.2223150" lon="14.6173630">
    <ele>490.7</ele>
   </trkpt>
   <trkpt lat="46.2223170" lon="14.6173180">
    <ele>491.3</ele>
   </trkpt>
   <trkpt lat="46.2223330" lon="14.6172820">
    <ele>491.9</ele>
   </trkpt>
   <trkpt lat="46.2223370" lon="14.6172580">
    <ele>492.2</ele>
   </trkpt>
   <trkpt lat="46.2223470" lon="14.6172420">
    <ele>492.5</ele>
   </trkpt>
   <trkpt lat="46.2223570" lon="14.6172180">
    <ele>492.8</ele>
   </trkpt>
   <trkpt lat="46.2223770" lon="14.6171850">
    <ele>493.4</ele>
   </trkpt>
   <trkpt lat="46.2223950" lon="14.6171520">
    <ele>493.9</ele>
   </trkpt>
   <trkpt lat="46.2224070" lon="14.6171270">
    <ele>494.3</ele>
   </trkpt>
   <trkpt lat="46.2224100" lon="14.6171180">
    <ele>494.5</ele>
   </trkpt>
   <trkpt lat="46.2224120" lon="14.6170950">
    <ele>494.8</ele>
   </trkpt>
   <trkpt lat="46.2224170" lon="14.6170630">
    <ele>495.2</ele>
   </trkpt>
   <trkpt lat="46.2224220" lon="14.6170220">
    <ele>495.7</ele>
   </trkpt>
   <trkpt lat="46.2224380" lon="14.6169920">
    <ele>496.3</ele>
   </trkpt>
   <trkpt lat="46.2224620" lon="14.6169730">
    <ele>496.8</ele>
   </trkpt>
   <trkpt lat="46.2224800" lon="14.6169570">
    <ele>497.1</ele>
   </trkpt>
   <trkpt lat="46.2224950" lon="14.6169420">
    <ele>497.5</ele>
   </trkpt>
   <trkpt lat="46.2225100" lon="14.6169300">
    <ele>497.8</ele>
   </trkpt>
   <trkpt lat="46.2225300" lon="14.6169230">
    <ele>498.1</ele>
   </trkpt>
   <trkpt lat="46.2225450" lon="14.6169170">
    <ele>498.4</ele>
   </trkpt>
   <trkpt lat="46.2225580" lon="14.6169050">
    <ele>498.7</ele>
   </trkpt>
   <trkpt lat="46.2225680" lon="14.6168980">
    <ele>498.9</ele>
   </trkpt>
   <trkpt lat="46.2225780" lon="14.6168950">
    <ele>499.0</ele>
   </trkpt>
   <trkpt lat="46.2225850" lon="14.6168850">
    <ele>499.2</ele>
   </trkpt>
   <trkpt lat="46.2225950" lon="14.6168600">
    <ele>499.6</ele>
   </trkpt>
   <trkpt lat="46.2226050" lon="14.6168330">
    <ele>500.0</ele>
   </trkpt>
   <trkpt lat="46.2226170" lon="14.6168120">
    <ele>500.4</ele>
   </trkpt>
   <trkpt lat="46.2226330" lon="14.6167830">
    <ele>500.9</ele>
   </trkpt>
   <trkpt lat="46.2226420" lon="14.6167620">
    <ele>501.2</ele>
   </trkpt>
   <trkpt lat="46.2226480" lon="14.6167380">
    <ele>501.5</ele>
   </trkpt>
   <trkpt lat="46.2226520" lon="14.6167230">
    <ele>501.8</ele>
   </trkpt>
   <trkpt lat="46.2226700" lon="14.6167120">
    <ele>502.2</ele>
   </trkpt>
   <trkpt lat="46.2226900" lon="14.6167050">
    <ele>502.6</ele>
   </trkpt>
   <trkpt lat="46.2227070" lon="14.6166950">
    <ele>503.0</ele>
   </trkpt>
   <trkpt lat="46.2227280" lon="14.6166880">
    <ele>503.4</ele>
   </trkpt>
   <trkpt lat="46.2227450" lon="14.6166830">
    <ele>503.8</ele>
   </trkpt>
   <trkpt lat="46.2227600" lon="14.6166750">
    <ele>504.1</ele>
   </trkpt>
   <trkpt lat="46.2227720" lon="14.6166600">
    <ele>504.4</ele>
   </trkpt>
   <trkpt lat="46.2227830" lon="14.6166480">
    <ele>504.7</ele>
   </trkpt>
   <trkpt lat="46.2227980" lon="14.6166300">
    <ele>505.1</ele>
   </trkpt>
   <trkpt lat="46.2228030" lon="14.6166180">
    <ele>505.3</ele>
   </trkpt>
   <trkpt lat="46.2228170" lon="14.6165980">
    <ele>505.7</ele>
   </trkpt>
   <trkpt lat="46.2228300" lon="14.6165750">
    <ele>506.1</ele>
   </trkpt>
   <trkpt lat="46.2228530" lon="14.6165530">
    <ele>506.7</ele>
   </trkpt>
   <trkpt lat="46.2228630" lon="14.6165380">
    <ele>507.0</ele>
   </trkpt>
   <trkpt lat="46.2228720" lon="14.6165150">
    <ele>507.3</ele>
   </trkpt>
   <trkpt lat="46.2228880" lon="14.6164930">
    <ele>507.8</ele>
   </trkpt>
   <trkpt lat="46.2229030" lon="14.6164820">
    <ele>508.2</ele>
   </trkpt>
   <trkpt lat="46.2229180" lon="14.6164650">
    <ele>508.6</ele>
   </trkpt>
   <trkpt lat="46.2229350" lon="14.6164480">
    <ele>509.1</ele>
   </trkpt>
   <trkpt lat="46.2229480" lon="14.6164320">
    <ele>509.4</ele>
   </trkpt>
   <trkpt lat="46.2229600" lon="14.6164250">
    <ele>509.7</ele>
   </trkpt>
   <trkpt lat="46.2229730" lon="14.6164180">
    <ele>510.0</ele>
   </trkpt>
   <trkpt lat="46.2229880" lon="14.6164180">
    <ele>510.4</ele>
   </trkpt>
   <trkpt lat="46.2229930" lon="14.6164270">
    <ele>510.6</ele>
   </trkpt>
   <trkpt lat="46.2230080" lon="14.6164430">
    <ele>511.0</ele>
   </trkpt>
   <trkpt lat="46.2230200" lon="14.6164950">
    <ele>511.8</ele>
   </trkpt>
   <trkpt lat="46.2230370" lon="14.6165220">
    <ele>512.4</ele>
   </trkpt>
   <trkpt lat="46.2230500" lon="14.6165480">
    <ele>512.9</ele>
   </trkpt>
   <trkpt lat="46.2230630" lon="14.6165750">
    <ele>513.5</ele>
   </trkpt>
   <trkpt lat="46.2230820" lon="14.6166020">
    <ele>514.2</ele>
   </trkpt>
   <trkpt lat="46.2230700" lon="14.6166170">
    <ele>514.6</ele>
   </trkpt>
   <trkpt lat="46.2230700" lon="14.6166350">
    <ele>514.9</ele>
   </trkpt>
   <trkpt lat="46.2230650" lon="14.6166520">
    <ele>515.3</ele>
   </trkpt>
   <trkpt lat="46.2230700" lon="14.6166670">
    <ele>515.6</ele>
   </trkpt>
   <trkpt lat="46.2230780" lon="14.6166750">
    <ele>515.8</ele>
   </trkpt>
   <trkpt lat="46.2230850" lon="14.6166920">
    <ele>516.2</ele>
   </trkpt>
   <trkpt lat="46.2230930" lon="14.6167130">
    <ele>516.7</ele>
   </trkpt>
   <trkpt lat="46.2231050" lon="14.6167400">
    <ele>517.3</ele>
   </trkpt>
   <trkpt lat="46.2231080" lon="14.6167680">
    <ele>517.8</ele>
   </trkpt>
   <trkpt lat="46.2231120" lon="14.6167850">
    <ele>518.1</ele>
   </trkpt>
   <trkpt lat="46.2231130" lon="14.6167930">
    <ele>518.3</ele>
   </trkpt>
   <trkpt lat="46.2231150" lon="14.6168050">
    <ele>518.5</ele>
   </trkpt>
   <trkpt lat="46.2231170" lon="14.6168230">
    <ele>518.8</ele>
   </trkpt>
   <trkpt lat="46.2231130" lon="14.6168470">
    <ele>519.3</ele>
   </trkpt>
   <trkpt lat="46.2231070" lon="14.6168750">
    <ele>519.8</ele>
   </trkpt>
   <trkpt lat="46.2231030" lon="14.6169070">
    <ele>520.4</ele>
   </trkpt>
   <trkpt lat="46.2230920" lon="14.6169400">
    <ele>521.2</ele>
   </trkpt>
   <trkpt lat="46.2230850" lon="14.6169770">
    <ele>522.0</ele>
   </trkpt>
   <trkpt lat="46.2230870" lon="14.6169930">
    <ele>522.3</ele>
   </trkpt>
   <trkpt lat="46.2230850" lon="14.6170030">
    <ele>522.5</ele>
   </trkpt>
   <trkpt lat="46.2230870" lon="14.6170050">
    <ele>522.6</ele>
   </trkpt>
   <trkpt lat="46.2230950" lon="14.6169980">
    <ele>522.9</ele>
   </trkpt>
   <trkpt lat="46.2231000" lon="14.6169950">
    <ele>523.1</ele>
   </trkpt>
   <trkpt lat="46.2231050" lon="14.6169870">
    <ele>523.3</ele>
   </trkpt>
   <trkpt lat="46.2231130" lon="14.6169580">
    <ele>524.0</ele>
   </trkpt>
   <trkpt lat="46.2231200" lon="14.6169400">
    <ele>524.5</ele>
   </trkpt>
   <trkpt lat="46.2231280" lon="14.6169320">
    <ele>524.8</ele>
   </trkpt>
   <trkpt lat="46.2231400" lon="14.6169250">
    <ele>525.2</ele>
   </trkpt>
   <trkpt lat="46.2231520" lon="14.6169230">
    <ele>525.6</ele>
   </trkpt>
   <trkpt lat="46.2231530" lon="14.6169280">
    <ele>525.7</ele>
   </trkpt>
   <trkpt lat="46.2231580" lon="14.6169330">
    <ele>525.9</ele>
   </trkpt>
   <trkpt lat="46.2231600" lon="14.6169430">
    <ele>526.1</ele>
   </trkpt>
   <trkpt lat="46.2231600" lon="14.6169580">
    <ele>526.5</ele>
   </trkpt>
   <trkpt lat="46.2231600" lon="14.6169750">
    <ele>526.9</ele>
   </trkpt>
   <trkpt lat="46.2231600" lon="14.6169950">
    <ele>527.3</ele>
   </trkpt>
   <trkpt lat="46.2231580" lon="14.6170130">
    <ele>527.7</ele>
   </trkpt>
   <trkpt lat="46.2231570" lon="14.6170270">
    <ele>528.0</ele>
   </trkpt>
   <trkpt lat="46.2231570" lon="14.6170420">
    <ele>528.3</ele>
   </trkpt>
   <trkpt lat="46.2231550" lon="14.6170550">
    <ele>528.6</ele>
   </trkpt>
   <trkpt lat="46.2231520" lon="14.6170650">
    <ele>528.8</ele>
   </trkpt>
   <trkpt lat="46.2231470" lon="14.6170800">
    <ele>529.2</ele>
   </trkpt>
   <trkpt lat="46.2231470" lon="14.6170930">
    <ele>529.4</ele>
   </trkpt>
   <trkpt lat="46.2231480" lon="14.6171070">
    <ele>529.7</ele>
   </trkpt>
   <trkpt lat="46.2231470" lon="14.6171230">
    <ele>530.0</ele>
   </trkpt>
   <trkpt lat="46.2231430" lon="14.6171400">
    <ele>530.3</ele>
   </trkpt>
   <trkpt lat="46.2231400" lon="14.6171650">
    <ele>530.8</ele>
   </trkpt>
   <trkpt lat="46.2231380" lon="14.6171880">
    <ele>531.2</ele>
   </trkpt>
   <trkpt lat="46.2231330" lon="14.6172200">
    <ele>531.8</ele>
   </trkpt>
   <trkpt lat="46.2231320" lon="14.6172370">
    <ele>532.1</ele>
   </trkpt>
   <trkpt lat="46.2231330" lon="14.6172520">
    <ele>532.3</ele>
   </trkpt>
   <trkpt lat="46.2231350" lon="14.6172670">
    <ele>532.6</ele>
   </trkpt>
   <trkpt lat="46.2231350" lon="14.6172720">
    <ele>532.6</ele>
   </trkpt>
   <trkpt lat="46.2231330" lon="14.6172750">
    <ele>532.7</ele>
   </trkpt>
   <trkpt lat="46.2231370" lon="14.6172930">
    <ele>533.0</ele>
   </trkpt>
   <trkpt lat="46.2231380" lon="14.6173100">
    <ele>533.3</ele>
   </trkpt>
   <trkpt lat="46.2231380" lon="14.6173270">
    <ele>533.5</ele>
   </trkpt>
   <trkpt lat="46.2231380" lon="14.6173600">
    <ele>534.1</ele>
   </trkpt>
   <trkpt lat="46.2231420" lon="14.6173880">
    <ele>534.5</ele>
   </trkpt>
   <trkpt lat="46.2231320" lon="14.6174230">
    <ele>535.1</ele>
   </trkpt>
   <trkpt lat="46.2231320" lon="14.6174570">
    <ele>535.6</ele>
   </trkpt>
   <trkpt lat="46.2231280" lon="14.6174830">
    <ele>536.1</ele>
   </trkpt>
   <trkpt lat="46.2231300" lon="14.6175070">
    <ele>536.6</ele>
   </trkpt>
   <trkpt lat="46.2231320" lon="14.6175130">
    <ele>536.8</ele>
   </trkpt>
   <trkpt lat="46.2231370" lon="14.6175130">
    <ele>536.9</ele>
   </trkpt>
   <trkpt lat="46.2231450" lon="14.6175080">
    <ele>537.1</ele>
   </trkpt>
   <trkpt lat="46.2231520" lon="14.6175000">
    <ele>537.4</ele>
   </trkpt>
   <trkpt lat="46.2231600" lon="14.6174920">
    <ele>537.7</ele>
   </trkpt>
   <trkpt lat="46.2231700" lon="14.6174900">
    <ele>537.9</ele>
   </trkpt>
   <trkpt lat="46.2231800" lon="14.6174980">
    <ele>538.3</ele>
   </trkpt>
   <trkpt lat="46.2231930" lon="14.6175100">
    <ele>538.7</ele>
   </trkpt>
   <trkpt lat="46.2231930" lon="14.6175350">
    <ele>539.2</ele>
   </trkpt>
   <trkpt lat="46.2231900" lon="14.6175550">
    <ele>539.6</ele>
   </trkpt>
   <trkpt lat="46.2231920" lon="14.6175820">
    <ele>540.1</ele>
   </trkpt>
   <trkpt lat="46.2231920" lon="14.6176030">
    <ele>540.5</ele>
   </trkpt>
   <trkpt lat="46.2231970" lon="14.6176150">
    <ele>540.8</ele>
   </trkpt>
   <trkpt lat="46.2232100" lon="14.6176250">
    <ele>541.1</ele>
   </trkpt>
   <trkpt lat="46.2232300" lon="14.6176420">
    <ele>541.7</ele>
   </trkpt>
   <trkpt lat="46.2232470" lon="14.6176550">
    <ele>542.2</ele>
   </trkpt>
   <trkpt lat="46.2232620" lon="14.6176720">
    <ele>542.7</ele>
   </trkpt>
   <trkpt lat="46.2232750" lon="14.6176730">
    <ele>543.0</ele>
   </trkpt>
   <trkpt lat="46.2232920" lon="14.6176670">
    <ele>543.4</ele>
   </trkpt>
   <trkpt lat="46.2232950" lon="14.6176630">
    <ele>543.6</ele>
   </trkpt>
   <trkpt lat="46.2233080" lon="14.6176580">
    <ele>543.9</ele>
   </trkpt>
   <trkpt lat="46.2233180" lon="14.6176550">
    <ele>544.1</ele>
   </trkpt>
   <trkpt lat="46.2233330" lon="14.6176470">
    <ele>544.5</ele>
   </trkpt>
   <trkpt lat="46.2233380" lon="14.6176380">
    <ele>544.8</ele>
   </trkpt>
   <trkpt lat="46.2233370" lon="14.6176230">
    <ele>545.0</ele>
   </trkpt>
   <trkpt lat="46.2233380" lon="14.6176150">
    <ele>545.2</ele>
   </trkpt>
   <trkpt lat="46.2233400" lon="14.6175880">
    <ele>545.7</ele>
   </trkpt>
   <trkpt lat="46.2233370" lon="14.6175570">
    <ele>546.3</ele>
   </trkpt>
   <trkpt lat="46.2233400" lon="14.6175320">
    <ele>546.8</ele>
   </trkpt>
   <trkpt lat="46.2233480" lon="14.6175030">
    <ele>547.4</ele>
   </trkpt>
   <trkpt lat="46.2233630" lon="14.6174750">
    <ele>548.1</ele>
   </trkpt>
   <trkpt lat="46.2233800" lon="14.6174720">
    <ele>548.6</ele>
   </trkpt>
   <trkpt lat="46.2233880" lon="14.6174720">
    <ele>548.9</ele>
   </trkpt>
   <trkpt lat="46.2234030" lon="14.6174800">
    <ele>549.3</ele>
   </trkpt>
   <trkpt lat="46.2234100" lon="14.6174820">
    <ele>549.6</ele>
   </trkpt>
   <trkpt lat="46.2234300" lon="14.6175050">
    <ele>550.3</ele>
   </trkpt>
   <trkpt lat="46.2234450" lon="14.6175120">
    <ele>550.8</ele>
   </trkpt>
   <trkpt lat="46.2234580" lon="14.6175180">
    <ele>551.2</ele>
   </trkpt>
   <trkpt lat="46.2234730" lon="14.6175600">
    <ele>552.2</ele>
   </trkpt>
   <trkpt lat="46.2234900" lon="14.6175830">
    <ele>552.9</ele>
   </trkpt>
   <trkpt lat="46.2235050" lon="14.6176070">
    <ele>553.6</ele>
   </trkpt>
   <trkpt lat="46.2235050" lon="14.6176320">
    <ele>554.2</ele>
   </trkpt>
   <trkpt lat="46.2235180" lon="14.6176480">
    <ele>554.7</ele>
   </trkpt>
   <trkpt lat="46.2235280" lon="14.6176570">
    <ele>555.1</ele>
   </trkpt>
   <trkpt lat="46.2235350" lon="14.6176470">
    <ele>555.5</ele>
   </trkpt>
   <trkpt lat="46.2235400" lon="14.6176450">
    <ele>555.7</ele>
   </trkpt>
   <trkpt lat="46.2235350" lon="14.6176320">
    <ele>556.0</ele>
   </trkpt>
   <trkpt lat="46.2235370" lon="14.6176120">
    <ele>556.5</ele>
   </trkpt>
   <trkpt lat="46.2235300" lon="14.6175970">
    <ele>556.9</ele>
   </trkpt>
   <trkpt lat="46.2235230" lon="14.6175780">
    <ele>557.4</ele>
   </trkpt>
   <trkpt lat="46.2235180" lon="14.6175380">
    <ele>558.4</ele>
   </trkpt>
   <trkpt lat="46.2235130" lon="14.6175230">
    <ele>558.8</ele>
   </trkpt>
   <trkpt lat="46.2235120" lon="14.6175070">
    <ele>559.2</ele>
   </trkpt>
   <trkpt lat="46.2235070" lon="14.6174900">
    <ele>559.6</ele>
   </trkpt>
   <trkpt lat="46.2235050" lon="14.6174770">
    <ele>560.0</ele>
   </trkpt>
   <trkpt lat="46.2235020" lon="14.6174880">
    <ele>560.2</ele>
   </trkpt>
   <trkpt lat="46.2235030" lon="14.6174850">
    <ele>560.3</ele>
   </trkpt>
   <trkpt lat="46.2235120" lon="14.6174600">
    <ele>561.0</ele>
   </trkpt>
   <trkpt lat="46.2235220" lon="14.6174380">
    <ele>561.6</ele>
   </trkpt>
   <trkpt lat="46.2235100" lon="14.6174130">
    <ele>562.3</ele>
   </trkpt>
   <trkpt lat="46.2235070" lon="14.6173950">
    <ele>562.7</ele>
   </trkpt>
   <trkpt lat="46.2235180" lon="14.6173830">
    <ele>563.2</ele>
   </trkpt>
   <trkpt lat="46.2235220" lon="14.6173820">
    <ele>563.3</ele>
   </trkpt>
   <trkpt lat="46.2235230" lon="14.6173820">
    <ele>563.3</ele>
   </trkpt>
   <trkpt lat="46.2235320" lon="14.6173930">
    <ele>563.7</ele>
   </trkpt>
   <trkpt lat="46.2235430" lon="14.6174130">
    <ele>564.3</ele>
   </trkpt>
   <trkpt lat="46.2235630" lon="14.6174270">
    <ele>565.0</ele>
   </trkpt>
   <trkpt lat="46.2235730" lon="14.6174570">
    <ele>565.7</ele>
   </trkpt>
   <trkpt lat="46.2235930" lon="14.6174920">
    <ele>566.7</ele>
   </trkpt>
   <trkpt lat="46.2236070" lon="14.6175130">
    <ele>567.3</ele>
   </trkpt>
   <trkpt lat="46.2236070" lon="14.6175530">
    <ele>568.2</ele>
   </trkpt>
   <trkpt lat="46.2236250" lon="14.6175720">
    <ele>568.8</ele>
   </trkpt>
   <trkpt lat="46.2236370" lon="14.6175550">
    <ele>569.3</ele>
   </trkpt>
   <trkpt lat="46.2236380" lon="14.6175520">
    <ele>569.4</ele>
   </trkpt>
   <trkpt lat="46.2236580" lon="14.6175520">
    <ele>570.0</ele>
   </trkpt>
   <trkpt lat="46.2236720" lon="14.6175670">
    <ele>570.5</ele>
   </trkpt>
   <trkpt lat="46.2236780" lon="14.6175750">
    <ele>570.7</ele>
   </trkpt>
   <trkpt lat="46.2236830" lon="14.6175920">
    <ele>571.1</ele>
   </trkpt>
   <trkpt lat="46.2236800" lon="14.6175830">
    <ele>571.3</ele>
   </trkpt>
   <trkpt lat="46.2236770" lon="14.6175630">
    <ele>571.6</ele>
   </trkpt>
   <trkpt lat="46.2236780" lon="14.6175620">
    <ele>571.7</ele>
   </trkpt>
   <trkpt lat="46.2236800" lon="14.6175630">
    <ele>571.7</ele>
   </trkpt>
   <trkpt lat="46.2236830" lon="14.6175550">
    <ele>571.9</ele>
   </trkpt>
   <trkpt lat="46.2236870" lon="14.6175330">
    <ele>572.3</ele>
   </trkpt>
   <trkpt lat="46.2236930" lon="14.6175050">
    <ele>572.9</ele>
   </trkpt>
   <trkpt lat="46.2236930" lon="14.6174800">
    <ele>573.4</ele>
   </trkpt>
   <trkpt lat="46.2237020" lon="14.6174400">
    <ele>574.2</ele>
   </trkpt>
   <trkpt lat="46.2237180" lon="14.6174330">
    <ele>574.6</ele>
   </trkpt>
   <trkpt lat="46.2237270" lon="14.6174400">
    <ele>574.9</ele>
   </trkpt>
   <trkpt lat="46.2237370" lon="14.6174350">
    <ele>575.2</ele>
   </trkpt>
   <trkpt lat="46.2237520" lon="14.6174300">
    <ele>575.6</ele>
   </trkpt>
   <trkpt lat="46.2237720" lon="14.6174250">
    <ele>576.2</ele>
   </trkpt>
   <trkpt lat="46.2237800" lon="14.6174170">
    <ele>576.5</ele>
   </trkpt>
   <trkpt lat="46.2237730" lon="14.6174070">
    <ele>576.8</ele>
   </trkpt>
   <trkpt lat="46.2237720" lon="14.6173900">
    <ele>577.1</ele>
   </trkpt>
   <trkpt lat="46.2237720" lon="14.6173730">
    <ele>577.5</ele>
   </trkpt>
   <trkpt lat="46.2237730" lon="14.6173550">
    <ele>577.8</ele>
   </trkpt>
   <trkpt lat="46.2237770" lon="14.6173370">
    <ele>578.2</ele>
   </trkpt>
   <trkpt lat="46.2237870" lon="14.6173220">
    <ele>578.6</ele>
   </trkpt>
   <trkpt lat="46.2237930" lon="14.6173120">
    <ele>578.9</ele>
   </trkpt>
   <trkpt lat="46.2238030" lon="14.6173000">
    <ele>579.3</ele>
   </trkpt>
   <trkpt lat="46.2238130" lon="14.6172900">
    <ele>579.6</ele>
   </trkpt>
   <trkpt lat="46.2238200" lon="14.6172780">
    <ele>579.9</ele>
   </trkpt>
   <trkpt lat="46.2238230" lon="14.6172620">
    <ele>580.2</ele>
   </trkpt>
   <trkpt lat="46.2238230" lon="14.6172420">
    <ele>580.6</ele>
   </trkpt>
   <trkpt lat="46.2238230" lon="14.6172230">
    <ele>580.9</ele>
   </trkpt>
   <trkpt lat="46.2238270" lon="14.6172020">
    <ele>581.3</ele>
   </trkpt>
   <trkpt lat="46.2238350" lon="14.6171830">
    <ele>581.6</ele>
   </trkpt>
   <trkpt lat="46.2238420" lon="14.6171720">
    <ele>581.9</ele>
   </trkpt>
   <trkpt lat="46.2238470" lon="14.6171600">
    <ele>582.1</ele>
   </trkpt>
   <trkpt lat="46.2238520" lon="14.6171450">
    <ele>582.4</ele>
   </trkpt>
   <trkpt lat="46.2238530" lon="14.6171300">
    <ele>582.6</ele>
   </trkpt>
   <trkpt lat="46.2238600" lon="14.6171130">
    <ele>582.9</ele>
   </trkpt>
   <trkpt lat="46.2238680" lon="14.6171000">
    <ele>583.1</ele>
   </trkpt>
   <trkpt lat="46.2238780" lon="14.6170830">
    <ele>583.4</ele>
   </trkpt>
   <trkpt lat="46.2238870" lon="14.6170680">
    <ele>583.6</ele>
   </trkpt>
   <trkpt lat="46.2238980" lon="14.6170520">
    <ele>583.9</ele>
   </trkpt>
   <trkpt lat="46.2239120" lon="14.6170420">
    <ele>584.2</ele>
   </trkpt>
   <trkpt lat="46.2239270" lon="14.6170320">
    <ele>584.4</ele>
   </trkpt>
   <trkpt lat="46.2239420" lon="14.6170250">
    <ele>584.7</ele>
   </trkpt>
   <trkpt lat="46.2239570" lon="14.6170180">
    <ele>584.9</ele>
   </trkpt>
   <trkpt lat="46.2239680" lon="14.6170180">
    <ele>585.1</ele>
   </trkpt>
   <trkpt lat="46.2239730" lon="14.6170270">
    <ele>585.1</ele>
   </trkpt>
   <trkpt lat="46.2239900" lon="14.6170470">
    <ele>585.2</ele>
   </trkpt>
   <trkpt lat="46.2240050" lon="14.6170700">
    <ele>585.2</ele>
   </trkpt>
   <trkpt lat="46.2240180" lon="14.6171100">
    <ele>585.2</ele>
   </trkpt>
   <trkpt lat="46.2240230" lon="14.6171580">
    <ele>585.2</ele>
   </trkpt>
   <trkpt lat="46.2240300" lon="14.6172150">
    <ele>585.2</ele>
   </trkpt>
   <trkpt lat="46.2240350" lon="14.6172520">
    <ele>585.1</ele>
   </trkpt>
   <trkpt lat="46.2240380" lon="14.6173000">
    <ele>584.8</ele>
   </trkpt>
   <trkpt lat="46.2240450" lon="14.6173480">
    <ele>584.4</ele>
   </trkpt>
   <trkpt lat="46.2240570" lon="14.6173720">
    <ele>584.2</ele>
   </trkpt>
   <trkpt lat="46.2240570" lon="14.6174020">
    <ele>583.9</ele>
   </trkpt>
   <trkpt lat="46.2240550" lon="14.6174420">
    <ele>583.6</ele>
   </trkpt>
   <trkpt lat="46.2240470" lon="14.6174980">
    <ele>583.1</ele>
   </trkpt>
   <trkpt lat="46.2240350" lon="14.6175520">
    <ele>582.6</ele>
   </trkpt>
   <trkpt lat="46.2240280" lon="14.6175920">
    <ele>582.3</ele>
   </trkpt>
   <trkpt lat="46.2240370" lon="14.6176030">
    <ele>582.1</ele>
   </trkpt>
   <trkpt lat="46.2240520" lon="14.6175930">
    <ele>581.9</ele>
   </trkpt>
   <trkpt lat="46.2240900" lon="14.6175500">
    <ele>581.2</ele>
   </trkpt>
   <trkpt lat="46.2241140" lon="14.6175330">
    <ele>580.7</ele>
   </trkpt>
   <trkpt lat="46.2241370" lon="14.6175150">
    <ele>580.3</ele>
   </trkpt>
   <trkpt lat="46.2241600" lon="14.6174970">
    <ele>579.9</ele>
   </trkpt>
   <trkpt lat="46.2241930" lon="14.6175180">
    <ele>579.0</ele>
   </trkpt>
   <trkpt lat="46.2242150" lon="14.6175480">
    <ele>578.5</ele>
   </trkpt>
   <trkpt lat="46.2242280" lon="14.6175950">
    <ele>577.8</ele>
   </trkpt>
   <trkpt lat="46.2242330" lon="14.6176550">
    <ele>577.0</ele>
   </trkpt>
   <trkpt lat="46.2242280" lon="14.6177080">
    <ele>576.3</ele>
   </trkpt>
   <trkpt lat="46.2242220" lon="14.6177570">
    <ele>575.6</ele>
   </trkpt>
   <trkpt lat="46.2242130" lon="14.6178220">
    <ele>574.6</ele>
   </trkpt>
   <trkpt lat="46.2242030" lon="14.6178920">
    <ele>573.6</ele>
   </trkpt>
   <trkpt lat="46.2242000" lon="14.6179730">
    <ele>572.4</ele>
   </trkpt>
   <trkpt lat="46.2241980" lon="14.6180330">
    <ele>571.5</ele>
   </trkpt>
   <trkpt lat="46.2241930" lon="14.6181030">
    <ele>570.5</ele>
   </trkpt>
   <trkpt lat="46.2241920" lon="14.6181730">
    <ele>569.5</ele>
   </trkpt>
   <trkpt lat="46.2241830" lon="14.6182380">
    <ele>568.5</ele>
   </trkpt>
   <trkpt lat="46.2241670" lon="14.6182980">
    <ele>567.6</ele>
   </trkpt>
   <trkpt lat="46.2241380" lon="14.6183570">
    <ele>566.5</ele>
   </trkpt>
   <trkpt lat="46.2241020" lon="14.6183900">
    <ele>565.6</ele>
   </trkpt>
   <trkpt lat="46.2240520" lon="14.6184200">
    <ele>564.6</ele>
   </trkpt>
   <trkpt lat="46.2240020" lon="14.6184420">
    <ele>563.7</ele>
   </trkpt>
   <trkpt lat="46.2239530" lon="14.6184530">
    <ele>562.9</ele>
   </trkpt>
   <trkpt lat="46.2239080" lon="14.6184650">
    <ele>562.3</ele>
   </trkpt>
   <trkpt lat="46.2238630" lon="14.6184700">
    <ele>561.7</ele>
   </trkpt>
   <trkpt lat="46.2238230" lon="14.6184820">
    <ele>561.2</ele>
   </trkpt>
   <trkpt lat="46.2237820" lon="14.6185070">
    <ele>560.6</ele>
   </trkpt>
   <trkpt lat="46.2237370" lon="14.6185550">
    <ele>559.9</ele>
   </trkpt>
   <trkpt lat="46.2237070" lon="14.6185930">
    <ele>559.4</ele>
   </trkpt>
   <trkpt lat="46.2236930" lon="14.6186330">
    <ele>559.0</ele>
   </trkpt>
   <trkpt lat="46.2236850" lon="14.6186850">
    <ele>558.5</ele>
   </trkpt>
   <trkpt lat="46.2236720" lon="14.6187450">
    <ele>557.9</ele>
   </trkpt>
   <trkpt lat="46.2236570" lon="14.6188170">
    <ele>557.2</ele>
   </trkpt>
   <trkpt lat="46.2236450" lon="14.6188980">
    <ele>556.5</ele>
   </trkpt>
   <trkpt lat="46.2236370" lon="14.6189720">
    <ele>556.0</ele>
   </trkpt>
   <trkpt lat="46.2236320" lon="14.6190520">
    <ele>555.6</ele>
   </trkpt>
   <trkpt lat="46.2236250" lon="14.6191430">
    <ele>555.3</ele>
   </trkpt>
   <trkpt lat="46.2236250" lon="14.6192000">
    <ele>555.2</ele>
   </trkpt>
   <trkpt lat="46.2236180" lon="14.6192650">
    <ele>555.2</ele>
   </trkpt>
   <trkpt lat="46.2236100" lon="14.6193320">
    <ele>555.6</ele>
   </trkpt>
   <trkpt lat="46.2235980" lon="14.6193950">
    <ele>556.0</ele>
   </trkpt>
   <trkpt lat="46.2235880" lon="14.6194530">
    <ele>556.4</ele>
   </trkpt>
   <trkpt lat="46.2235770" lon="14.6195080">
    <ele>556.8</ele>
   </trkpt>
   <trkpt lat="46.2235650" lon="14.6195570">
    <ele>557.2</ele>
   </trkpt>
   <trkpt lat="46.2235570" lon="14.6196030">
    <ele>557.5</ele>
   </trkpt>
   <trkpt lat="46.2235500" lon="14.6196480">
    <ele>557.9</ele>
   </trkpt>
   <trkpt lat="46.2235480" lon="14.6196970">
    <ele>558.3</ele>
   </trkpt>
   <trkpt lat="46.2235430" lon="14.6197430">
    <ele>558.7</ele>
   </trkpt>
   <trkpt lat="46.2235430" lon="14.6197870">
    <ele>558.8</ele>
   </trkpt>
   <trkpt lat="46.2235450" lon="14.6198280">
    <ele>558.8</ele>
   </trkpt>
   <trkpt lat="46.2235470" lon="14.6198700">
    <ele>558.9</ele>
   </trkpt>
   <trkpt lat="46.2235430" lon="14.6199080">
    <ele>559.0</ele>
   </trkpt>
   <trkpt lat="46.2235320" lon="14.6199480">
    <ele>559.8</ele>
   </trkpt>
   <trkpt lat="46.2235200" lon="14.6199730">
    <ele>560.2</ele>
   </trkpt>
   <trkpt lat="46.2235080" lon="14.6199920">
    <ele>560.6</ele>
   </trkpt>
   <trkpt lat="46.2234950" lon="14.6200100">
    <ele>561.0</ele>
   </trkpt>
   <trkpt lat="46.2234750" lon="14.6200400">
    <ele>561.6</ele>
   </trkpt>
   <trkpt lat="46.2234470" lon="14.6200670">
    <ele>562.3</ele>
   </trkpt>
   <trkpt lat="46.2234200" lon="14.6200870">
    <ele>562.9</ele>
   </trkpt>
   <trkpt lat="46.2233950" lon="14.6201030">
    <ele>563.5</ele>
   </trkpt>
   <trkpt lat="46.2233770" lon="14.6201130">
    <ele>563.9</ele>
   </trkpt>
   <trkpt lat="46.2233580" lon="14.6201230">
    <ele>564.4</ele>
   </trkpt>
   <trkpt lat="46.2233420" lon="14.6201320">
    <ele>564.8</ele>
   </trkpt>
   <trkpt lat="46.2233200" lon="14.6201400">
    <ele>565.3</ele>
   </trkpt>
   <trkpt lat="46.2233050" lon="14.6201470">
    <ele>565.7</ele>
   </trkpt>
   <trkpt lat="46.2232930" lon="14.6201600">
    <ele>566.1</ele>
   </trkpt>
   <trkpt lat="46.2232850" lon="14.6201780">
    <ele>566.5</ele>
   </trkpt>
   <trkpt lat="46.2232830" lon="14.6201930">
    <ele>566.7</ele>
   </trkpt>
   <trkpt lat="46.2232850" lon="14.6202080">
    <ele>567.0</ele>
   </trkpt>
   <trkpt lat="46.2232850" lon="14.6202250">
    <ele>567.3</ele>
   </trkpt>
   <trkpt lat="46.2232900" lon="14.6202430">
    <ele>567.7</ele>
   </trkpt>
   <trkpt lat="46.2232930" lon="14.6202620">
    <ele>568.1</ele>
   </trkpt>
   <trkpt lat="46.2233000" lon="14.6202870">
    <ele>568.5</ele>
   </trkpt>
   <trkpt lat="46.2233050" lon="14.6203120">
    <ele>569.0</ele>
   </trkpt>
   <trkpt lat="46.2233100" lon="14.6203370">
    <ele>569.5</ele>
   </trkpt>
   <trkpt lat="46.2233150" lon="14.6203630">
    <ele>569.9</ele>
   </trkpt>
   <trkpt lat="46.2233300" lon="14.6204050">
    <ele>570.7</ele>
   </trkpt>
   <trkpt lat="46.2233330" lon="14.6204570">
    <ele>571.4</ele>
   </trkpt>
   <trkpt lat="46.2233180" lon="14.6204950">
    <ele>572.1</ele>
   </trkpt>
   <trkpt lat="46.2233100" lon="14.6205280">
    <ele>572.4</ele>
   </trkpt>
   <trkpt lat="46.2232970" lon="14.6205650">
    <ele>573.0</ele>
   </trkpt>
   <trkpt lat="46.2232830" lon="14.6205950">
    <ele>573.4</ele>
   </trkpt>
   <trkpt lat="46.2232700" lon="14.6206220">
    <ele>573.8</ele>
   </trkpt>
   <trkpt lat="46.2232600" lon="14.6206420">
    <ele>574.1</ele>
   </trkpt>
   <trkpt lat="46.2232500" lon="14.6206600">
    <ele>574.4</ele>
   </trkpt>
   <trkpt lat="46.2232330" lon="14.6206730">
    <ele>574.7</ele>
   </trkpt>
   <trkpt lat="46.2232220" lon="14.6206820">
    <ele>574.9</ele>
   </trkpt>
   <trkpt lat="46.2232100" lon="14.6206870">
    <ele>575.2</ele>
   </trkpt>
   <trkpt lat="46.2231980" lon="14.6206920">
    <ele>575.4</ele>
   </trkpt>
   <trkpt lat="46.2231800" lon="14.6207020">
    <ele>575.7</ele>
   </trkpt>
   <trkpt lat="46.2231650" lon="14.6207070">
    <ele>576.0</ele>
   </trkpt>
   <trkpt lat="46.2231470" lon="14.6207150">
    <ele>576.3</ele>
   </trkpt>
   <trkpt lat="46.2231200" lon="14.6207280">
    <ele>576.8</ele>
   </trkpt>
   <trkpt lat="46.2231000" lon="14.6207320">
    <ele>577.2</ele>
   </trkpt>
   <trkpt lat="46.2230850" lon="14.6207270">
    <ele>577.5</ele>
   </trkpt>
   <trkpt lat="46.2230680" lon="14.6207220">
    <ele>577.8</ele>
   </trkpt>
   <trkpt lat="46.2230500" lon="14.6207050">
    <ele>578.2</ele>
   </trkpt>
   <trkpt lat="46.2230330" lon="14.6206870">
    <ele>578.6</ele>
   </trkpt>
   <trkpt lat="46.2230120" lon="14.6206800">
    <ele>579.0</ele>
   </trkpt>
   <trkpt lat="46.2229920" lon="14.6206750">
    <ele>579.3</ele>
   </trkpt>
   <trkpt lat="46.2229750" lon="14.6206620">
    <ele>579.7</ele>
   </trkpt>
   <trkpt lat="46.2229470" lon="14.6206530">
    <ele>580.2</ele>
   </trkpt>
   <trkpt lat="46.2229280" lon="14.6206480">
    <ele>580.6</ele>
   </trkpt>
   <trkpt lat="46.2229130" lon="14.6206400">
    <ele>580.9</ele>
   </trkpt>
   <trkpt lat="46.2228970" lon="14.6206280">
    <ele>581.2</ele>
   </trkpt>
   <trkpt lat="46.2228870" lon="14.6206180">
    <ele>581.4</ele>
   </trkpt>
   <trkpt lat="46.2228750" lon="14.6206050">
    <ele>581.7</ele>
   </trkpt>
   <trkpt lat="46.2228570" lon="14.6205930">
    <ele>582.1</ele>
   </trkpt>
   <trkpt lat="46.2228420" lon="14.6205830">
    <ele>582.4</ele>
   </trkpt>
   <trkpt lat="46.2228230" lon="14.6205670">
    <ele>582.8</ele>
   </trkpt>
   <trkpt lat="46.2228100" lon="14.6205600">
    <ele>583.1</ele>
   </trkpt>
   <trkpt lat="46.2227980" lon="14.6205500">
    <ele>583.3</ele>
   </trkpt>
   <trkpt lat="46.2227820" lon="14.6205430">
    <ele>583.7</ele>
   </trkpt>
   <trkpt lat="46.2227780" lon="14.6205420">
    <ele>583.8</ele>
   </trkpt>
   <trkpt lat="46.2227570" lon="14.6205480">
    <ele>584.2</ele>
   </trkpt>
   <trkpt lat="46.2227330" lon="14.6205570">
    <ele>584.7</ele>
   </trkpt>
   <trkpt lat="46.2227200" lon="14.6205670">
    <ele>585.1</ele>
   </trkpt>
   <trkpt lat="46.2226980" lon="14.6205830">
    <ele>585.6</ele>
   </trkpt>
   <trkpt lat="46.2226870" lon="14.6205920">
    <ele>585.9</ele>
   </trkpt>
   <trkpt lat="46.2226730" lon="14.6206030">
    <ele>586.2</ele>
   </trkpt>
   <trkpt lat="46.2226620" lon="14.6206200">
    <ele>586.7</ele>
   </trkpt>
   <trkpt lat="46.2226670" lon="14.6206270">
    <ele>586.9</ele>
   </trkpt>
   <trkpt lat="46.2226670" lon="14.6206430">
    <ele>587.2</ele>
   </trkpt>
   <trkpt lat="46.2226670" lon="14.6206580">
    <ele>587.5</ele>
   </trkpt>
   <trkpt lat="46.2226630" lon="14.6206780">
    <ele>587.9</ele>
   </trkpt>
   <trkpt lat="46.2226670" lon="14.6206970">
    <ele>588.3</ele>
   </trkpt>
   <trkpt lat="46.2226720" lon="14.6207150">
    <ele>588.7</ele>
   </trkpt>
   <trkpt lat="46.2226770" lon="14.6207350">
    <ele>589.1</ele>
   </trkpt>
   <trkpt lat="46.2226800" lon="14.6207550">
    <ele>589.5</ele>
   </trkpt>
   <trkpt lat="46.2226800" lon="14.6207750">
    <ele>589.9</ele>
   </trkpt>
   <trkpt lat="46.2226780" lon="14.6207980">
    <ele>590.3</ele>
   </trkpt>
   <trkpt lat="46.2226750" lon="14.6208180">
    <ele>590.7</ele>
   </trkpt>
   <trkpt lat="46.2226750" lon="14.6208430">
    <ele>591.2</ele>
   </trkpt>
   <trkpt lat="46.2226750" lon="14.6208670">
    <ele>591.6</ele>
   </trkpt>
   <trkpt lat="46.2226780" lon="14.6208880">
    <ele>592.0</ele>
   </trkpt>
   <trkpt lat="46.2226830" lon="14.6209100">
    <ele>592.4</ele>
   </trkpt>
   <trkpt lat="46.2226800" lon="14.6209320">
    <ele>592.8</ele>
   </trkpt>
   <trkpt lat="46.2226700" lon="14.6209600">
    <ele>593.4</ele>
   </trkpt>
   <trkpt lat="46.2226630" lon="14.6209800">
    <ele>593.8</ele>
   </trkpt>
   <trkpt lat="46.2226500" lon="14.6210050">
    <ele>594.4</ele>
   </trkpt>
   <trkpt lat="46.2226470" lon="14.6210230">
    <ele>594.7</ele>
   </trkpt>
   <trkpt lat="46.2226480" lon="14.6210400">
    <ele>595.0</ele>
   </trkpt>
   <trkpt lat="46.2226420" lon="14.6210620">
    <ele>595.4</ele>
   </trkpt>
   <trkpt lat="46.2226380" lon="14.6210870">
    <ele>595.8</ele>
   </trkpt>
   <trkpt lat="46.2226370" lon="14.6211130">
    <ele>596.3</ele>
   </trkpt>
   <trkpt lat="46.2226270" lon="14.6211400">
    <ele>596.8</ele>
   </trkpt>
   <trkpt lat="46.2226170" lon="14.6211600">
    <ele>597.2</ele>
   </trkpt>
   <trkpt lat="46.2225930" lon="14.6211930">
    <ele>598.1</ele>
   </trkpt>
   <trkpt lat="46.2225820" lon="14.6212130">
    <ele>598.5</ele>
   </trkpt>
   <trkpt lat="46.2225820" lon="14.6212230">
    <ele>598.7</ele>
   </trkpt>
   <trkpt lat="46.2225750" lon="14.6212430">
    <ele>599.1</ele>
   </trkpt>
   <trkpt lat="46.2225600" lon="14.6212620">
    <ele>599.6</ele>
   </trkpt>
   <trkpt lat="46.2225470" lon="14.6212800">
    <ele>600.1</ele>
   </trkpt>
   <trkpt lat="46.2225380" lon="14.6213020">
    <ele>600.5</ele>
   </trkpt>
   <trkpt lat="46.2225320" lon="14.6213200">
    <ele>600.9</ele>
   </trkpt>
   <trkpt lat="46.2225270" lon="14.6213380">
    <ele>601.2</ele>
   </trkpt>
   <trkpt lat="46.2225180" lon="14.6213620">
    <ele>601.7</ele>
   </trkpt>
   <trkpt lat="46.2225120" lon="14.6213720">
    <ele>601.9</ele>
   </trkpt>
   <trkpt lat="46.2225080" lon="14.6213820">
    <ele>602.1</ele>
   </trkpt>
   <trkpt lat="46.2225000" lon="14.6213970">
    <ele>602.4</ele>
   </trkpt>
   <trkpt lat="46.2224870" lon="14.6214180">
    <ele>602.9</ele>
   </trkpt>
   <trkpt lat="46.2224750" lon="14.6214420">
    <ele>603.4</ele>
   </trkpt>
   <trkpt lat="46.2224730" lon="14.6214630">
    <ele>603.8</ele>
   </trkpt>
   <trkpt lat="46.2224830" lon="14.6214720">
    <ele>604.1</ele>
   </trkpt>
   <trkpt lat="46.2224820" lon="14.6214950">
    <ele>604.5</ele>
   </trkpt>
   <trkpt lat="46.2224800" lon="14.6215100">
    <ele>604.7</ele>
   </trkpt>
   <trkpt lat="46.2224700" lon="14.6215470">
    <ele>605.3</ele>
   </trkpt>
   <trkpt lat="46.2224700" lon="14.6215770">
    <ele>605.8</ele>
   </trkpt>
   <trkpt lat="46.2224680" lon="14.6215830">
    <ele>605.9</ele>
   </trkpt>
   <trkpt lat="46.2224680" lon="14.6215970">
    <ele>606.1</ele>
   </trkpt>
   <trkpt lat="46.2224670" lon="14.6216080">
    <ele>606.3</ele>
   </trkpt>
   <trkpt lat="46.2224580" lon="14.6216270">
    <ele>606.7</ele>
   </trkpt>
   <trkpt lat="46.2224550" lon="14.6216400">
    <ele>606.9</ele>
   </trkpt>
   <trkpt lat="46.2224530" lon="14.6216520">
    <ele>607.1</ele>
   </trkpt>
   <trkpt lat="46.2224550" lon="14.6216670">
    <ele>607.3</ele>
   </trkpt>
   <trkpt lat="46.2224550" lon="14.6216830">
    <ele>607.6</ele>
   </trkpt>
   <trkpt lat="46.2224550" lon="14.6217000">
    <ele>607.8</ele>
   </trkpt>
   <trkpt lat="46.2224480" lon="14.6217180">
    <ele>608.1</ele>
   </trkpt>
   <trkpt lat="46.2224430" lon="14.6217350">
    <ele>608.4</ele>
   </trkpt>
   <trkpt lat="46.2224400" lon="14.6217550">
    <ele>608.7</ele>
   </trkpt>
   <trkpt lat="46.2224370" lon="14.6217680">
    <ele>609.0</ele>
   </trkpt>
   <trkpt lat="46.2224300" lon="14.6217830">
    <ele>609.2</ele>
   </trkpt>
   <trkpt lat="46.2224200" lon="14.6218030">
    <ele>609.6</ele>
   </trkpt>
   <trkpt lat="46.2224100" lon="14.6218220">
    <ele>610.0</ele>
   </trkpt>
   <trkpt lat="46.2224070" lon="14.6218420">
    <ele>610.3</ele>
   </trkpt>
   <trkpt lat="46.2224050" lon="14.6218580">
    <ele>610.5</ele>
   </trkpt>
   <trkpt lat="46.2223980" lon="14.6218830">
    <ele>611.0</ele>
   </trkpt>
   <trkpt lat="46.2223870" lon="14.6219050">
    <ele>611.4</ele>
   </trkpt>
   <trkpt lat="46.2223730" lon="14.6219370">
    <ele>612.0</ele>
   </trkpt>
   <trkpt lat="46.2223620" lon="14.6219580">
    <ele>612.4</ele>
   </trkpt>
   <trkpt lat="46.2223530" lon="14.6219680">
    <ele>612.6</ele>
   </trkpt>
   <trkpt lat="46.2223450" lon="14.6219770">
    <ele>612.9</ele>
   </trkpt>
   <trkpt lat="46.2223330" lon="14.6219930">
    <ele>613.2</ele>
   </trkpt>
   <trkpt lat="46.2223250" lon="14.6220120">
    <ele>613.6</ele>
   </trkpt>
   <trkpt lat="46.2223100" lon="14.6220400">
    <ele>614.1</ele>
   </trkpt>
   <trkpt lat="46.2223000" lon="14.6220650">
    <ele>614.6</ele>
   </trkpt>
   <trkpt lat="46.2222950" lon="14.6220850">
    <ele>614.9</ele>
   </trkpt>
   <trkpt lat="46.2222870" lon="14.6221050">
    <ele>615.3</ele>
   </trkpt>
   <trkpt lat="46.2222820" lon="14.6221220">
    <ele>615.6</ele>
   </trkpt>
   <trkpt lat="46.2222770" lon="14.6221370">
    <ele>615.8</ele>
   </trkpt>
   <trkpt lat="46.2222720" lon="14.6221580">
    <ele>616.2</ele>
   </trkpt>
   <trkpt lat="46.2222650" lon="14.6221870">
    <ele>616.7</ele>
   </trkpt>
   <trkpt lat="46.2222550" lon="14.6222220">
    <ele>617.3</ele>
   </trkpt>
   <trkpt lat="46.2222530" lon="14.6222430">
    <ele>617.6</ele>
   </trkpt>
   <trkpt lat="46.2222380" lon="14.6222750">
    <ele>618.2</ele>
   </trkpt>
   <trkpt lat="46.2222300" lon="14.6222880">
    <ele>618.5</ele>
   </trkpt>
   <trkpt lat="46.2222270" lon="14.6223020">
    <ele>618.7</ele>
   </trkpt>
   <trkpt lat="46.2222250" lon="14.6223150">
    <ele>618.9</ele>
   </trkpt>
   <trkpt lat="46.2222180" lon="14.6223300">
    <ele>619.2</ele>
   </trkpt>
   <trkpt lat="46.2222100" lon="14.6223520">
    <ele>619.6</ele>
   </trkpt>
   <trkpt lat="46.2221970" lon="14.6223730">
    <ele>620.1</ele>
   </trkpt>
   <trkpt lat="46.2221870" lon="14.6223850">
    <ele>620.4</ele>
   </trkpt>
   <trkpt lat="46.2221820" lon="14.6223980">
    <ele>620.6</ele>
   </trkpt>
   <trkpt lat="46.2221730" lon="14.6224170">
    <ele>621.0</ele>
   </trkpt>
   <trkpt lat="46.2221670" lon="14.6224330">
    <ele>621.3</ele>
   </trkpt>
   <trkpt lat="46.2221550" lon="14.6224570">
    <ele>621.8</ele>
   </trkpt>
   <trkpt lat="46.2221400" lon="14.6224770">
    <ele>622.4</ele>
   </trkpt>
   <trkpt lat="46.2221280" lon="14.6224900">
    <ele>622.8</ele>
   </trkpt>
   <trkpt lat="46.2221150" lon="14.6225000">
    <ele>623.2</ele>
   </trkpt>
   <trkpt lat="46.2220980" lon="14.6225070">
    <ele>623.6</ele>
   </trkpt>
   <trkpt lat="46.2220830" lon="14.6225000">
    <ele>624.0</ele>
   </trkpt>
   <trkpt lat="46.2220680" lon="14.6224970">
    <ele>624.4</ele>
   </trkpt>
   <trkpt lat="46.2220550" lon="14.6224800">
    <ele>624.9</ele>
   </trkpt>
   <trkpt lat="46.2220400" lon="14.6224650">
    <ele>625.4</ele>
   </trkpt>
   <trkpt lat="46.2220270" lon="14.6224520">
    <ele>625.7</ele>
   </trkpt>
   <trkpt lat="46.2220170" lon="14.6224380">
    <ele>626.1</ele>
   </trkpt>
   <trkpt lat="46.2220080" lon="14.6224200">
    <ele>626.4</ele>
   </trkpt>
   <trkpt lat="46.2220030" lon="14.6224050">
    <ele>626.7</ele>
   </trkpt>
   <trkpt lat="46.2219930" lon="14.6223950">
    <ele>626.9</ele>
   </trkpt>
   <trkpt lat="46.2219830" lon="14.6223880">
    <ele>627.2</ele>
   </trkpt>
   <trkpt lat="46.2219700" lon="14.6223770">
    <ele>627.5</ele>
   </trkpt>
   <trkpt lat="46.2219570" lon="14.6223620">
    <ele>627.8</ele>
   </trkpt>
   <trkpt lat="46.2219450" lon="14.6223350">
    <ele>628.2</ele>
   </trkpt>
   <trkpt lat="46.2219230" lon="14.6223220">
    <ele>628.6</ele>
   </trkpt>
   <trkpt lat="46.2219080" lon="14.6223130">
    <ele>628.9</ele>
   </trkpt>
   <trkpt lat="46.2219000" lon="14.6222970">
    <ele>629.2</ele>
   </trkpt>
   <trkpt lat="46.2218880" lon="14.6222780">
    <ele>629.5</ele>
   </trkpt>
   <trkpt lat="46.2218770" lon="14.6222720">
    <ele>629.7</ele>
   </trkpt>
   <trkpt lat="46.2218630" lon="14.6222620">
    <ele>630.0</ele>
   </trkpt>
   <trkpt lat="46.2218520" lon="14.6222480">
    <ele>630.3</ele>
   </trkpt>
   <trkpt lat="46.2218370" lon="14.6222330">
    <ele>630.7</ele>
   </trkpt>
   <trkpt lat="46.2218250" lon="14.6222220">
    <ele>631.1</ele>
   </trkpt>
   <trkpt lat="46.2218120" lon="14.6222070">
    <ele>631.4</ele>
   </trkpt>
   <trkpt lat="46.2217970" lon="14.6221930">
    <ele>631.9</ele>
   </trkpt>
   <trkpt lat="46.2217800" lon="14.6221870">
    <ele>632.3</ele>
   </trkpt>
   <trkpt lat="46.2217620" lon="14.6221770">
    <ele>632.7</ele>
   </trkpt>
   <trkpt lat="46.2217450" lon="14.6221670">
    <ele>633.2</ele>
   </trkpt>
   <trkpt lat="46.2217280" lon="14.6221550">
    <ele>633.6</ele>
   </trkpt>
   <trkpt lat="46.2217120" lon="14.6221450">
    <ele>634.1</ele>
   </trkpt>
   <trkpt lat="46.2216930" lon="14.6221370">
    <ele>634.5</ele>
   </trkpt>
   <trkpt lat="46.2216730" lon="14.6221250">
    <ele>635.1</ele>
   </trkpt>
   <trkpt lat="46.2216570" lon="14.6221120">
    <ele>635.5</ele>
   </trkpt>
   <trkpt lat="46.2216430" lon="14.6220980">
    <ele>635.9</ele>
   </trkpt>
   <trkpt lat="46.2216250" lon="14.6220850">
    <ele>636.4</ele>
   </trkpt>
   <trkpt lat="46.2216050" lon="14.6220750">
    <ele>636.8</ele>
   </trkpt>
   <trkpt lat="46.2215880" lon="14.6220680">
    <ele>637.2</ele>
   </trkpt>
   <trkpt lat="46.2215750" lon="14.6220550">
    <ele>637.5</ele>
   </trkpt>
   <trkpt lat="46.2215580" lon="14.6220500">
    <ele>637.9</ele>
   </trkpt>
   <trkpt lat="46.2215350" lon="14.6220400">
    <ele>638.3</ele>
   </trkpt>
   <trkpt lat="46.2215130" lon="14.6220370">
    <ele>638.7</ele>
   </trkpt>
   <trkpt lat="46.2214970" lon="14.6220330">
    <ele>639.0</ele>
   </trkpt>
   <trkpt lat="46.2214800" lon="14.6220270">
    <ele>639.3</ele>
   </trkpt>
   <trkpt lat="46.2214630" lon="14.6220120">
    <ele>639.6</ele>
   </trkpt>
   <trkpt lat="46.2214450" lon="14.6219950">
    <ele>639.9</ele>
   </trkpt>
   <trkpt lat="46.2214270" lon="14.6219900">
    <ele>640.2</ele>
   </trkpt>
   <trkpt lat="46.2214070" lon="14.6219900">
    <ele>640.5</ele>
   </trkpt>
   <trkpt lat="46.2213880" lon="14.6219930">
    <ele>640.9</ele>
   </trkpt>
   <trkpt lat="46.2213680" lon="14.6220020">
    <ele>641.2</ele>
   </trkpt>
   <trkpt lat="46.2213500" lon="14.6220000">
    <ele>641.6</ele>
   </trkpt>
   <trkpt lat="46.2213370" lon="14.6219970">
    <ele>641.8</ele>
   </trkpt>
   <trkpt lat="46.2213180" lon="14.6220000">
    <ele>642.2</ele>
   </trkpt>
   <trkpt lat="46.2213030" lon="14.6220050">
    <ele>642.5</ele>
   </trkpt>
   <trkpt lat="46.2212870" lon="14.6220150">
    <ele>642.8</ele>
   </trkpt>
   <trkpt lat="46.2212770" lon="14.6220170">
    <ele>643.0</ele>
   </trkpt>
   <trkpt lat="46.2212620" lon="14.6220200">
    <ele>643.3</ele>
   </trkpt>
   <trkpt lat="46.2212470" lon="14.6220280">
    <ele>643.7</ele>
   </trkpt>
   <trkpt lat="46.2212250" lon="14.6220470">
    <ele>644.2</ele>
   </trkpt>
   <trkpt lat="46.2212020" lon="14.6220550">
    <ele>644.7</ele>
   </trkpt>
   <trkpt lat="46.2211750" lon="14.6220530">
    <ele>645.3</ele>
   </trkpt>
   <trkpt lat="46.2211550" lon="14.6220430">
    <ele>645.6</ele>
   </trkpt>
   <trkpt lat="46.2211350" lon="14.6220430">
    <ele>645.9</ele>
   </trkpt>
   <trkpt lat="46.2211170" lon="14.6220470">
    <ele>646.1</ele>
   </trkpt>
   <trkpt lat="46.2211030" lon="14.6220530">
    <ele>646.3</ele>
   </trkpt>
   <trkpt lat="46.2210880" lon="14.6220600">
    <ele>646.5</ele>
   </trkpt>
   <trkpt lat="46.2210770" lon="14.6220580">
    <ele>646.7</ele>
   </trkpt>
   <trkpt lat="46.2210680" lon="14.6220550">
    <ele>646.8</ele>
   </trkpt>
   <trkpt lat="46.2210530" lon="14.6220500">
    <ele>647.0</ele>
   </trkpt>
   <trkpt lat="46.2210380" lon="14.6220480">
    <ele>647.2</ele>
   </trkpt>
   <trkpt lat="46.2210180" lon="14.6220500">
    <ele>647.5</ele>
   </trkpt>
   <trkpt lat="46.2210020" lon="14.6220530">
    <ele>647.7</ele>
   </trkpt>
   <trkpt lat="46.2209800" lon="14.6220450">
    <ele>648.0</ele>
   </trkpt>
   <trkpt lat="46.2209600" lon="14.6220380">
    <ele>648.3</ele>
   </trkpt>
   <trkpt lat="46.2209330" lon="14.6220370">
    <ele>648.6</ele>
   </trkpt>
   <trkpt lat="46.2209130" lon="14.6220320">
    <ele>648.9</ele>
   </trkpt>
   <trkpt lat="46.2208720" lon="14.6220330">
    <ele>649.6</ele>
   </trkpt>
   <trkpt lat="46.2208330" lon="14.6220350">
    <ele>650.2</ele>
   </trkpt>
   <trkpt lat="46.2207500" lon="14.6220620">
    <ele>651.9</ele>
   </trkpt>
   <trkpt lat="46.2207200" lon="14.6220620">
    <ele>652.5</ele>
   </trkpt>
   <trkpt lat="46.2207050" lon="14.6220530">
    <ele>652.8</ele>
   </trkpt>
   <trkpt lat="46.2206920" lon="14.6220500">
    <ele>653.1</ele>
   </trkpt>
   <trkpt lat="46.2206800" lon="14.6220350">
    <ele>653.4</ele>
   </trkpt>
   <trkpt lat="46.2206550" lon="14.6220500">
    <ele>653.9</ele>
   </trkpt>
   <trkpt lat="46.2206300" lon="14.6220680">
    <ele>654.5</ele>
   </trkpt>
   <trkpt lat="46.2206130" lon="14.6220770">
    <ele>654.8</ele>
   </trkpt>
   <trkpt lat="46.2206070" lon="14.6220770">
    <ele>655.0</ele>
   </trkpt>
   <trkpt lat="46.2205880" lon="14.6220750">
    <ele>655.3</ele>
   </trkpt>
   <trkpt lat="46.2205800" lon="14.6220770">
    <ele>655.5</ele>
   </trkpt>
   <trkpt lat="46.2205680" lon="14.6220580">
    <ele>655.8</ele>
   </trkpt>
   <trkpt lat="46.2205630" lon="14.6220270">
    <ele>656.2</ele>
   </trkpt>
   <trkpt lat="46.2205450" lon="14.6220180">
    <ele>656.5</ele>
   </trkpt>
   <trkpt lat="46.2205370" lon="14.6220150">
    <ele>656.6</ele>
   </trkpt>
   <trkpt lat="46.2205280" lon="14.6220130">
    <ele>656.8</ele>
   </trkpt>
   <trkpt lat="46.2205150" lon="14.6220120">
    <ele>657.0</ele>
   </trkpt>
   <trkpt lat="46.2205020" lon="14.6220130">
    <ele>657.2</ele>
   </trkpt>
   <trkpt lat="46.2204920" lon="14.6220030">
    <ele>657.4</ele>
   </trkpt>
   <trkpt lat="46.2204770" lon="14.6219970">
    <ele>657.6</ele>
   </trkpt>
   <trkpt lat="46.2204630" lon="14.6219900">
    <ele>657.8</ele>
   </trkpt>
   <trkpt lat="46.2204450" lon="14.6219820">
    <ele>658.1</ele>
   </trkpt>
   <trkpt lat="46.2204280" lon="14.6219730">
    <ele>658.4</ele>
   </trkpt>
   <trkpt lat="46.2204120" lon="14.6219670">
    <ele>658.6</ele>
   </trkpt>
   <trkpt lat="46.2203950" lon="14.6219470">
    <ele>659.0</ele>
   </trkpt>
   <trkpt lat="46.2203830" lon="14.6219220">
    <ele>659.3</ele>
   </trkpt>
   <trkpt lat="46.2203730" lon="14.6218970">
    <ele>659.7</ele>
   </trkpt>
   <trkpt lat="46.2203620" lon="14.6218730">
    <ele>660.0</ele>
   </trkpt>
   <trkpt lat="46.2203470" lon="14.6218580">
    <ele>660.3</ele>
   </trkpt>
   <trkpt lat="46.2203370" lon="14.6218300">
    <ele>660.7</ele>
   </trkpt>
   <trkpt lat="46.2203170" lon="14.6218150">
    <ele>661.1</ele>
   </trkpt>
   <trkpt lat="46.2203030" lon="14.6217930">
    <ele>661.5</ele>
   </trkpt>
   <trkpt lat="46.2202900" lon="14.6217750">
    <ele>661.8</ele>
   </trkpt>
   <trkpt lat="46.2202630" lon="14.6217700">
    <ele>662.3</ele>
   </trkpt>
   <trkpt lat="46.2202320" lon="14.6217680">
    <ele>662.9</ele>
   </trkpt>
   <trkpt lat="46.2202020" lon="14.6217670">
    <ele>663.4</ele>
   </trkpt>
   <trkpt lat="46.2201830" lon="14.6217570">
    <ele>663.8</ele>
   </trkpt>
   <trkpt lat="46.2201670" lon="14.6217500">
    <ele>664.0</ele>
   </trkpt>
   <trkpt lat="46.2201480" lon="14.6217470">
    <ele>664.4</ele>
   </trkpt>
   <trkpt lat="46.2201280" lon="14.6217320">
    <ele>664.7</ele>
   </trkpt>
   <trkpt lat="46.2201130" lon="14.6217170">
    <ele>664.0</ele>
   </trkpt>
   <trkpt lat="46.2200950" lon="14.6217000">
    <ele>664.3</ele>
   </trkpt>
   <trkpt lat="46.2200830" lon="14.6216720">
    <ele>663.3</ele>
   </trkpt>
   <trkpt lat="46.2200630" lon="14.6216470">
    <ele>663.6</ele>
   </trkpt>
   <trkpt lat="46.2200450" lon="14.6216350">
    <ele>662.4</ele>
   </trkpt>
   <trkpt lat="46.2200230" lon="14.6216270">
    <ele>662.7</ele>
   </trkpt>
   <trkpt lat="46.2199980" lon="14.6216250">
    <ele>662.8</ele>
   </trkpt>
   <trkpt lat="46.2199680" lon="14.6216220">
    <ele>663.0</ele>
   </trkpt>
   <trkpt lat="46.2199380" lon="14.6216200">
    <ele>663.1</ele>
   </trkpt>
   <trkpt lat="46.2199130" lon="14.6216220">
    <ele>663.2</ele>
   </trkpt>
   <trkpt lat="46.2198850" lon="14.6216250">
    <ele>663.3</ele>
   </trkpt>
   <trkpt lat="46.2198550" lon="14.6216280">
    <ele>663.4</ele>
   </trkpt>
   <trkpt lat="46.2198250" lon="14.6216270">
    <ele>663.4</ele>
   </trkpt>
   <trkpt lat="46.2198030" lon="14.6216270">
    <ele>663.3</ele>
   </trkpt>
   <trkpt lat="46.2197900" lon="14.6216320">
    <ele>663.6</ele>
   </trkpt>
   <trkpt lat="46.2197820" lon="14.6216350">
    <ele>663.9</ele>
   </trkpt>
   <trkpt lat="46.2197720" lon="14.6216450">
    <ele>665.2</ele>
   </trkpt>
   <trkpt lat="46.2197600" lon="14.6216530">
    <ele>665.5</ele>
   </trkpt>
   <trkpt lat="46.2197470" lon="14.6216630">
    <ele>665.3</ele>
   </trkpt>
   <trkpt lat="46.2197370" lon="14.6216730">
    <ele>665.5</ele>
   </trkpt>
   <trkpt lat="46.2197270" lon="14.6216970">
    <ele>667.2</ele>
   </trkpt>
   <trkpt lat="46.2197180" lon="14.6217270">
    <ele>666.9</ele>
   </trkpt>
   <trkpt lat="46.2197100" lon="14.6217580">
    <ele>668.4</ele>
   </trkpt>
   <trkpt lat="46.2196970" lon="14.6217820">
    <ele>669.5</ele>
   </trkpt>
   <trkpt lat="46.2196770" lon="14.6217930">
    <ele>669.3</ele>
   </trkpt>
   <trkpt lat="46.2196650" lon="14.6218030">
    <ele>669.6</ele>
   </trkpt>
   <trkpt lat="46.2196480" lon="14.6218200">
    <ele>669.9</ele>
   </trkpt>
   <trkpt lat="46.2196350" lon="14.6218370">
    <ele>670.2</ele>
   </trkpt>
   <trkpt lat="46.2196250" lon="14.6218520">
    <ele>670.0</ele>
   </trkpt>
   <trkpt lat="46.2196170" lon="14.6218720">
    <ele>670.3</ele>
   </trkpt>
   <trkpt lat="46.2196100" lon="14.6218900">
    <ele>670.6</ele>
   </trkpt>
   <trkpt lat="46.2196070" lon="14.6219050">
    <ele>670.8</ele>
   </trkpt>
   <trkpt lat="46.2196070" lon="14.6219200">
    <ele>671.0</ele>
   </trkpt>
   <trkpt lat="46.2196100" lon="14.6219380">
    <ele>671.2</ele>
   </trkpt>
   <trkpt lat="46.2196170" lon="14.6219600">
    <ele>671.5</ele>
   </trkpt>
   <trkpt lat="46.2196230" lon="14.6219820">
    <ele>671.8</ele>
   </trkpt>
   <trkpt lat="46.2196220" lon="14.6220070">
    <ele>672.1</ele>
   </trkpt>
   <trkpt lat="46.2196170" lon="14.6220320">
    <ele>672.4</ele>
   </trkpt>
   <trkpt lat="46.2196130" lon="14.6220670">
    <ele>672.7</ele>
   </trkpt>
   <trkpt lat="46.2196080" lon="14.6221020">
    <ele>673.0</ele>
   </trkpt>
   <trkpt lat="46.2196030" lon="14.6221370">
    <ele>673.4</ele>
   </trkpt>
   <trkpt lat="46.2196030" lon="14.6221620">
    <ele>673.6</ele>
   </trkpt>
   <trkpt lat="46.2196080" lon="14.6221780">
    <ele>673.7</ele>
   </trkpt>
   <trkpt lat="46.2196130" lon="14.6222000">
    <ele>673.9</ele>
   </trkpt>
   <trkpt lat="46.2196180" lon="14.6222230">
    <ele>674.1</ele>
   </trkpt>
   <trkpt lat="46.2196220" lon="14.6222480">
    <ele>674.3</ele>
   </trkpt>
   <trkpt lat="46.2196200" lon="14.6222750">
    <ele>674.5</ele>
   </trkpt>
   <trkpt lat="46.2196230" lon="14.6223070">
    <ele>674.8</ele>
   </trkpt>
   <trkpt lat="46.2196250" lon="14.6223380">
    <ele>675.0</ele>
   </trkpt>
   <trkpt lat="46.2196280" lon="14.6223750">
    <ele>675.3</ele>
   </trkpt>
   <trkpt lat="46.2196350" lon="14.6224070">
    <ele>675.6</ele>
   </trkpt>
   <trkpt lat="46.2196380" lon="14.6224320">
    <ele>675.8</ele>
   </trkpt>
   <trkpt lat="46.2196400" lon="14.6224670">
    <ele>676.1</ele>
   </trkpt>
   <trkpt lat="46.2196350" lon="14.6224980">
    <ele>676.3</ele>
   </trkpt>
   <trkpt lat="46.2196320" lon="14.6225230">
    <ele>676.5</ele>
   </trkpt>
   <trkpt lat="46.2196330" lon="14.6225420">
    <ele>676.7</ele>
   </trkpt>
   <trkpt lat="46.2196380" lon="14.6225620">
    <ele>676.8</ele>
   </trkpt>
   <trkpt lat="46.2196470" lon="14.6225830">
    <ele>677.0</ele>
   </trkpt>
   <trkpt lat="46.2196520" lon="14.6226150">
    <ele>677.2</ele>
   </trkpt>
   <trkpt lat="46.2196550" lon="14.6226500">
    <ele>677.4</ele>
   </trkpt>
   <trkpt lat="46.2196570" lon="14.6226900">
    <ele>677.7</ele>
   </trkpt>
   <trkpt lat="46.2196530" lon="14.6227250">
    <ele>677.9</ele>
   </trkpt>
   <trkpt lat="46.2196530" lon="14.6227570">
    <ele>678.1</ele>
   </trkpt>
   <trkpt lat="46.2196550" lon="14.6227950">
    <ele>678.3</ele>
   </trkpt>
   <trkpt lat="46.2196680" lon="14.6228300">
    <ele>678.4</ele>
   </trkpt>
   <trkpt lat="46.2196780" lon="14.6228620">
    <ele>678.6</ele>
   </trkpt>
   <trkpt lat="46.2196950" lon="14.6228880">
    <ele>678.7</ele>
   </trkpt>
   <trkpt lat="46.2197120" lon="14.6229180">
    <ele>678.8</ele>
   </trkpt>
   <trkpt lat="46.2197250" lon="14.6229550">
    <ele>678.9</ele>
   </trkpt>
   <trkpt lat="46.2197370" lon="14.6230070">
    <ele>679.0</ele>
   </trkpt>
   <trkpt lat="46.2197420" lon="14.6230600">
    <ele>678.9</ele>
   </trkpt>
   <trkpt lat="46.2197420" lon="14.6231150">
    <ele>678.8</ele>
   </trkpt>
   <trkpt lat="46.2197380" lon="14.6231680">
    <ele>678.6</ele>
   </trkpt>
   <trkpt lat="46.2197330" lon="14.6232230">
    <ele>678.3</ele>
   </trkpt>
   <trkpt lat="46.2197320" lon="14.6232820">
    <ele>678.1</ele>
   </trkpt>
   <trkpt lat="46.2197370" lon="14.6233370">
    <ele>677.8</ele>
   </trkpt>
   <trkpt lat="46.2197430" lon="14.6233800">
    <ele>677.7</ele>
   </trkpt>
   <trkpt lat="46.2197470" lon="14.6234200">
    <ele>677.7</ele>
   </trkpt>
   <trkpt lat="46.2197570" lon="14.6234630">
    <ele>677.7</ele>
   </trkpt>
   <trkpt lat="46.2197750" lon="14.6235030">
    <ele>677.9</ele>
   </trkpt>
   <trkpt lat="46.2197950" lon="14.6235430">
    <ele>678.1</ele>
   </trkpt>
   <trkpt lat="46.2198050" lon="14.6235920">
    <ele>678.4</ele>
   </trkpt>
   <trkpt lat="46.2198080" lon="14.6236530">
    <ele>678.2</ele>
   </trkpt>
   <trkpt lat="46.2198100" lon="14.6237100">
    <ele>678.0</ele>
   </trkpt>
   <trkpt lat="46.2198100" lon="14.6237620">
    <ele>677.7</ele>
   </trkpt>
   <trkpt lat="46.2198150" lon="14.6238150">
    <ele>677.4</ele>
   </trkpt>
   <trkpt lat="46.2198130" lon="14.6238630">
    <ele>677.0</ele>
   </trkpt>
   <trkpt lat="46.2198130" lon="14.6239030">
    <ele>676.6</ele>
   </trkpt>
   <trkpt lat="46.2198150" lon="14.6239400">
    <ele>676.3</ele>
   </trkpt>
   <trkpt lat="46.2198230" lon="14.6239780">
    <ele>675.9</ele>
   </trkpt>
   <trkpt lat="46.2198350" lon="14.6240170">
    <ele>675.4</ele>
   </trkpt>
   <trkpt lat="46.2198550" lon="14.6240450">
    <ele>674.9</ele>
   </trkpt>
   <trkpt lat="46.2198730" lon="14.6240700">
    <ele>674.5</ele>
   </trkpt>
   <trkpt lat="46.2198950" lon="14.6240880">
    <ele>674.0</ele>
   </trkpt>
   <trkpt lat="46.2199070" lon="14.6241100">
    <ele>673.6</ele>
   </trkpt>
   <trkpt lat="46.2199150" lon="14.6241520">
    <ele>672.9</ele>
   </trkpt>
   <trkpt lat="46.2199170" lon="14.6242030">
    <ele>672.1</ele>
   </trkpt>
   <trkpt lat="46.2199320" lon="14.6242620">
    <ele>671.1</ele>
   </trkpt>
   <trkpt lat="46.2199470" lon="14.6243080">
    <ele>670.2</ele>
   </trkpt>
   <trkpt lat="46.2199530" lon="14.6243520">
    <ele>669.4</ele>
   </trkpt>
   <trkpt lat="46.2199620" lon="14.6243970">
    <ele>668.6</ele>
   </trkpt>
   <trkpt lat="46.2199750" lon="14.6244380">
    <ele>667.8</ele>
   </trkpt>
   <trkpt lat="46.2199800" lon="14.6244750">
    <ele>667.1</ele>
   </trkpt>
   <trkpt lat="46.2199820" lon="14.6245130">
    <ele>666.4</ele>
   </trkpt>
   <trkpt lat="46.2199820" lon="14.6245550">
    <ele>665.6</ele>
   </trkpt>
   <trkpt lat="46.2199900" lon="14.6245970">
    <ele>664.8</ele>
   </trkpt>
   <trkpt lat="46.2200030" lon="14.6246280">
    <ele>664.1</ele>
   </trkpt>
   <trkpt lat="46.2200200" lon="14.6246480">
    <ele>663.6</ele>
   </trkpt>
   <trkpt lat="46.2200480" lon="14.6246680">
    <ele>662.8</ele>
   </trkpt>
   <trkpt lat="46.2200680" lon="14.6247080">
    <ele>662.0</ele>
   </trkpt>
   <trkpt lat="46.2200870" lon="14.6247530">
    <ele>661.1</ele>
   </trkpt>
   <trkpt lat="46.2200920" lon="14.6248150">
    <ele>660.1</ele>
   </trkpt>
   <trkpt lat="46.2200880" lon="14.6248620">
    <ele>659.4</ele>
   </trkpt>
   <trkpt lat="46.2200870" lon="14.6249220">
    <ele>658.6</ele>
   </trkpt>
   <trkpt lat="46.2200750" lon="14.6249900">
    <ele>657.7</ele>
   </trkpt>
   <trkpt lat="46.2200670" lon="14.6250520">
    <ele>657.0</ele>
   </trkpt>
   <trkpt lat="46.2200550" lon="14.6251200">
    <ele>656.3</ele>
   </trkpt>
   <trkpt lat="46.2200520" lon="14.6251850">
    <ele>655.6</ele>
   </trkpt>
   <trkpt lat="46.2200570" lon="14.6252500">
    <ele>655.1</ele>
   </trkpt>
   <trkpt lat="46.2200720" lon="14.6253130">
    <ele>654.5</ele>
   </trkpt>
   <trkpt lat="46.2200880" lon="14.6253620">
    <ele>654.1</ele>
   </trkpt>
   <trkpt lat="46.2201030" lon="14.6254000">
    <ele>653.9</ele>
   </trkpt>
   <trkpt lat="46.2201130" lon="14.6254380">
    <ele>653.6</ele>
   </trkpt>
   <trkpt lat="46.2201230" lon="14.6254780">
    <ele>653.4</ele>
   </trkpt>
   <trkpt lat="46.2201320" lon="14.6255200">
    <ele>653.1</ele>
   </trkpt>
   <trkpt lat="46.2201370" lon="14.6255570">
    <ele>652.9</ele>
   </trkpt>
   <trkpt lat="46.2201400" lon="14.6255980">
    <ele>652.7</ele>
   </trkpt>
   <trkpt lat="46.2201420" lon="14.6256470">
    <ele>652.4</ele>
   </trkpt>
   <trkpt lat="46.2201480" lon="14.6257000">
    <ele>652.2</ele>
   </trkpt>
   <trkpt lat="46.2201550" lon="14.6257470">
    <ele>652.0</ele>
   </trkpt>
   <trkpt lat="46.2201630" lon="14.6257820">
    <ele>651.8</ele>
   </trkpt>
   <trkpt lat="46.2201700" lon="14.6258120">
    <ele>651.7</ele>
   </trkpt>
   <trkpt lat="46.2201800" lon="14.6258430">
    <ele>651.6</ele>
   </trkpt>
   <trkpt lat="46.2201900" lon="14.6258800">
    <ele>651.6</ele>
   </trkpt>
   <trkpt lat="46.2202030" lon="14.6259220">
    <ele>651.5</ele>
   </trkpt>
   <trkpt lat="46.2202270" lon="14.6259700">
    <ele>651.4</ele>
   </trkpt>
   <trkpt lat="46.2202430" lon="14.6260270">
    <ele>651.4</ele>
   </trkpt>
   <trkpt lat="46.2202580" lon="14.6260820">
    <ele>651.4</ele>
   </trkpt>
   <trkpt lat="46.2202770" lon="14.6261330">
    <ele>651.4</ele>
   </trkpt>
   <trkpt lat="46.2202920" lon="14.6261780">
    <ele>651.4</ele>
   </trkpt>
   <trkpt lat="46.2203030" lon="14.6262230">
    <ele>651.4</ele>
   </trkpt>
   <trkpt lat="46.2203050" lon="14.6262750">
    <ele>651.4</ele>
   </trkpt>
   <trkpt lat="46.2203030" lon="14.6263050">
    <ele>651.4</ele>
   </trkpt>
   <trkpt lat="46.2202880" lon="14.6263200">
    <ele>650.7</ele>
   </trkpt>
   <trkpt lat="46.2202680" lon="14.6263370">
    <ele>650.0</ele>
   </trkpt>
   <trkpt lat="46.2202470" lon="14.6263520">
    <ele>649.1</ele>
   </trkpt>
   <trkpt lat="46.2202280" lon="14.6263630">
    <ele>648.2</ele>
   </trkpt>
   <trkpt lat="46.2202120" lon="14.6263630">
    <ele>647.5</ele>
   </trkpt>
   <trkpt lat="46.2201950" lon="14.6263580">
    <ele>646.6</ele>
   </trkpt>
   <trkpt lat="46.2201830" lon="14.6263400">
    <ele>645.7</ele>
   </trkpt>
   <trkpt lat="46.2201750" lon="14.6263180">
    <ele>644.7</ele>
   </trkpt>
   <trkpt lat="46.2201700" lon="14.6263000">
    <ele>643.9</ele>
   </trkpt>
   <trkpt lat="46.2201620" lon="14.6262870">
    <ele>643.1</ele>
   </trkpt>
   <trkpt lat="46.2201570" lon="14.6262870">
    <ele>642.8</ele>
   </trkpt>
   <trkpt lat="46.2201520" lon="14.6263050">
    <ele>642.0</ele>
   </trkpt>
   <trkpt lat="46.2201430" lon="14.6263320">
    <ele>641.4</ele>
   </trkpt>
   <trkpt lat="46.2201270" lon="14.6263700">
    <ele>640.4</ele>
   </trkpt>
   <trkpt lat="46.2201080" lon="14.6264250">
    <ele>639.0</ele>
   </trkpt>
   <trkpt lat="46.2200950" lon="14.6264750">
    <ele>637.8</ele>
   </trkpt>
   <trkpt lat="46.2200850" lon="14.6265180">
    <ele>636.8</ele>
   </trkpt>
   <trkpt lat="46.2200730" lon="14.6265570">
    <ele>635.8</ele>
   </trkpt>
   <trkpt lat="46.2200580" lon="14.6265900">
    <ele>634.9</ele>
   </trkpt>
   <trkpt lat="46.2200420" lon="14.6266350">
    <ele>633.7</ele>
   </trkpt>
   <trkpt lat="46.2200270" lon="14.6266780">
    <ele>632.6</ele>
   </trkpt>
   <trkpt lat="46.2200120" lon="14.6267120">
    <ele>631.5</ele>
   </trkpt>
   <trkpt lat="46.2199830" lon="14.6267500">
    <ele>630.0</ele>
   </trkpt>
   <trkpt lat="46.2199620" lon="14.6267580">
    <ele>629.1</ele>
   </trkpt>
   <trkpt lat="46.2199480" lon="14.6267530">
    <ele>628.5</ele>
   </trkpt>
   <trkpt lat="46.2199280" lon="14.6267500">
    <ele>627.7</ele>
   </trkpt>
   <trkpt lat="46.2199150" lon="14.6267520">
    <ele>627.0</ele>
   </trkpt>
   <trkpt lat="46.2198970" lon="14.6267750">
    <ele>626.0</ele>
   </trkpt>
   <trkpt lat="46.2198820" lon="14.6268000">
    <ele>625.1</ele>
   </trkpt>
   <trkpt lat="46.2198730" lon="14.6268180">
    <ele>624.4</ele>
   </trkpt>
   <trkpt lat="46.2198530" lon="14.6268480">
    <ele>623.3</ele>
   </trkpt>
   <trkpt lat="46.2198420" lon="14.6268450">
    <ele>622.8</ele>
   </trkpt>
   <trkpt lat="46.2198230" lon="14.6268480">
    <ele>622.1</ele>
   </trkpt>
   <trkpt lat="46.2198030" lon="14.6268470">
    <ele>621.3</ele>
   </trkpt>
   <trkpt lat="46.2197850" lon="14.6268420">
    <ele>620.5</ele>
   </trkpt>
   <trkpt lat="46.2197630" lon="14.6268330">
    <ele>619.6</ele>
   </trkpt>
   <trkpt lat="46.2197430" lon="14.6268330">
    <ele>618.8</ele>
   </trkpt>
   <trkpt lat="46.2197150" lon="14.6268270">
    <ele>617.7</ele>
   </trkpt>
   <trkpt lat="46.2196870" lon="14.6268250">
    <ele>616.5</ele>
   </trkpt>
   <trkpt lat="46.2196630" lon="14.6268230">
    <ele>615.5</ele>
   </trkpt>
   <trkpt lat="46.2196500" lon="14.6268180">
    <ele>614.9</ele>
   </trkpt>
   <trkpt lat="46.2196350" lon="14.6268250">
    <ele>614.3</ele>
   </trkpt>
   <trkpt lat="46.2196130" lon="14.6268370">
    <ele>613.3</ele>
   </trkpt>
   <trkpt lat="46.2195920" lon="14.6268580">
    <ele>612.2</ele>
   </trkpt>
   <trkpt lat="46.2195820" lon="14.6268820">
    <ele>611.3</ele>
   </trkpt>
   <trkpt lat="46.2195750" lon="14.6269070">
    <ele>610.6</ele>
   </trkpt>
   <trkpt lat="46.2195650" lon="14.6269280">
    <ele>609.8</ele>
   </trkpt>
   <trkpt lat="46.2195480" lon="14.6269500">
    <ele>608.8</ele>
   </trkpt>
   <trkpt lat="46.2195320" lon="14.6269680">
    <ele>608.0</ele>
   </trkpt>
   <trkpt lat="46.2195150" lon="14.6269780">
    <ele>607.2</ele>
   </trkpt>
   <trkpt lat="46.2194930" lon="14.6269750">
    <ele>606.3</ele>
   </trkpt>
   <trkpt lat="46.2194700" lon="14.6269720">
    <ele>605.3</ele>
   </trkpt>
   <trkpt lat="46.2194450" lon="14.6269700">
    <ele>604.3</ele>
   </trkpt>
   <trkpt lat="46.2194220" lon="14.6269670">
    <ele>603.3</ele>
   </trkpt>
   <trkpt lat="46.2194000" lon="14.6269630">
    <ele>602.4</ele>
   </trkpt>
   <trkpt lat="46.2193720" lon="14.6269530">
    <ele>601.3</ele>
   </trkpt>
   <trkpt lat="46.2193450" lon="14.6269170">
    <ele>600.0</ele>
   </trkpt>
   <trkpt lat="46.2193200" lon="14.6268820">
    <ele>598.8</ele>
   </trkpt>
   <trkpt lat="46.2193020" lon="14.6268370">
    <ele>597.6</ele>
   </trkpt>
   <trkpt lat="46.2192920" lon="14.6267870">
    <ele>596.6</ele>
   </trkpt>
   <trkpt lat="46.2192820" lon="14.6267370">
    <ele>596.9</ele>
   </trkpt>
   <trkpt lat="46.2192750" lon="14.6266830">
    <ele>597.2</ele>
   </trkpt>
   <trkpt lat="46.2192670" lon="14.6266180">
    <ele>596.2</ele>
   </trkpt>
   <trkpt lat="46.2192550" lon="14.6265670">
    <ele>595.1</ele>
   </trkpt>
   <trkpt lat="46.2192430" lon="14.6265300">
    <ele>594.3</ele>
   </trkpt>
   <trkpt lat="46.2192320" lon="14.6264830">
    <ele>593.4</ele>
   </trkpt>
   <trkpt lat="46.2192050" lon="14.6264370">
    <ele>592.2</ele>
   </trkpt>
   <trkpt lat="46.2191800" lon="14.6264080">
    <ele>591.2</ele>
   </trkpt>
   <trkpt lat="46.2191470" lon="14.6263770">
    <ele>590.0</ele>
   </trkpt>
   <trkpt lat="46.2191030" lon="14.6263450">
    <ele>589.3</ele>
   </trkpt>
   <trkpt lat="46.2190700" lon="14.6263330">
    <ele>589.0</ele>
   </trkpt>
   <trkpt lat="46.2190300" lon="14.6263120">
    <ele>588.5</ele>
   </trkpt>
   <trkpt lat="46.2189830" lon="14.6262770">
    <ele>588.0</ele>
   </trkpt>
   <trkpt lat="46.2189500" lon="14.6262530">
    <ele>587.8</ele>
   </trkpt>
   <trkpt lat="46.2189250" lon="14.6262300">
    <ele>587.7</ele>
   </trkpt>
   <trkpt lat="46.2188920" lon="14.6261970">
    <ele>587.4</ele>
   </trkpt>
   <trkpt lat="46.2188570" lon="14.6261600">
    <ele>587.1</ele>
   </trkpt>
   <trkpt lat="46.2188200" lon="14.6261330">
    <ele>586.7</ele>
   </trkpt>
   <trkpt lat="46.2187930" lon="14.6261020">
    <ele>586.3</ele>
   </trkpt>
   <trkpt lat="46.2187630" lon="14.6260520">
    <ele>585.8</ele>
   </trkpt>
   <trkpt lat="46.2187500" lon="14.6260200">
    <ele>585.5</ele>
   </trkpt>
   <trkpt lat="46.2187270" lon="14.6259570">
    <ele>585.0</ele>
   </trkpt>
   <trkpt lat="46.2186930" lon="14.6258980">
    <ele>584.4</ele>
   </trkpt>
   <trkpt lat="46.2186620" lon="14.6258400">
    <ele>583.7</ele>
   </trkpt>
   <trkpt lat="46.2186270" lon="14.6257970">
    <ele>583.1</ele>
   </trkpt>
   <trkpt lat="46.2185920" lon="14.6257630">
    <ele>582.5</ele>
   </trkpt>
   <trkpt lat="46.2185650" lon="14.6257270">
    <ele>581.9</ele>
   </trkpt>
   <trkpt lat="46.2185420" lon="14.6256980">
    <ele>581.5</ele>
   </trkpt>
   <trkpt lat="46.2185150" lon="14.6256580">
    <ele>581.0</ele>
   </trkpt>
   <trkpt lat="46.2184880" lon="14.6256100">
    <ele>580.5</ele>
   </trkpt>
   <trkpt lat="46.2184620" lon="14.6255580">
    <ele>580.1</ele>
   </trkpt>
   <trkpt lat="46.2184400" lon="14.6255230">
    <ele>579.7</ele>
   </trkpt>
   <trkpt lat="46.2184180" lon="14.6254750">
    <ele>579.3</ele>
   </trkpt>
   <trkpt lat="46.2183920" lon="14.6254320">
    <ele>578.9</ele>
   </trkpt>
   <trkpt lat="46.2183570" lon="14.6253850">
    <ele>578.2</ele>
   </trkpt>
   <trkpt lat="46.2183180" lon="14.6253400">
    <ele>577.5</ele>
   </trkpt>
   <trkpt lat="46.2182820" lon="14.6253020">
    <ele>576.8</ele>
   </trkpt>
   <trkpt lat="46.2182520" lon="14.6252600">
    <ele>576.1</ele>
   </trkpt>
   <trkpt lat="46.2182220" lon="14.6252120">
    <ele>575.5</ele>
   </trkpt>
   <trkpt lat="46.2181980" lon="14.6251630">
    <ele>574.8</ele>
   </trkpt>
   <trkpt lat="46.2181780" lon="14.6251130">
    <ele>574.3</ele>
   </trkpt>
   <trkpt lat="46.2181630" lon="14.6250700">
    <ele>573.7</ele>
   </trkpt>
   <trkpt lat="46.2181500" lon="14.6250200">
    <ele>573.1</ele>
   </trkpt>
   <trkpt lat="46.2181370" lon="14.6249670">
    <ele>572.4</ele>
   </trkpt>
   <trkpt lat="46.2181230" lon="14.6249130">
    <ele>571.7</ele>
   </trkpt>
   <trkpt lat="46.2181100" lon="14.6248620">
    <ele>570.9</ele>
   </trkpt>
   <trkpt lat="46.2180980" lon="14.6248080">
    <ele>570.2</ele>
   </trkpt>
   <trkpt lat="46.2180870" lon="14.6247430">
    <ele>569.3</ele>
   </trkpt>
   <trkpt lat="46.2180800" lon="14.6246930">
    <ele>568.6</ele>
   </trkpt>
   <trkpt lat="46.2180750" lon="14.6246350">
    <ele>568.0</ele>
   </trkpt>
   <trkpt lat="46.2180680" lon="14.6245730">
    <ele>567.4</ele>
   </trkpt>
   <trkpt lat="46.2180550" lon="14.6245150">
    <ele>566.9</ele>
   </trkpt>
   <trkpt lat="46.2180470" lon="14.6244780">
    <ele>566.7</ele>
   </trkpt>
   <trkpt lat="46.2180400" lon="14.6244420">
    <ele>566.5</ele>
   </trkpt>
   <trkpt lat="46.2180320" lon="14.6243980">
    <ele>566.4</ele>
   </trkpt>
   <trkpt lat="46.2180120" lon="14.6243400">
    <ele>566.2</ele>
   </trkpt>
   <trkpt lat="46.2179980" lon="14.6242830">
    <ele>566.0</ele>
   </trkpt>
   <trkpt lat="46.2179830" lon="14.6242520">
    <ele>565.9</ele>
   </trkpt>
   <trkpt lat="46.2179630" lon="14.6241900">
    <ele>565.7</ele>
   </trkpt>
   <trkpt lat="46.2179470" lon="14.6241430">
    <ele>565.5</ele>
   </trkpt>
   <trkpt lat="46.2179320" lon="14.6240920">
    <ele>565.3</ele>
   </trkpt>
   <trkpt lat="46.2179180" lon="14.6240350">
    <ele>565.0</ele>
   </trkpt>
   <trkpt lat="46.2179020" lon="14.6239730">
    <ele>564.6</ele>
   </trkpt>
   <trkpt lat="46.2178850" lon="14.6239070">
    <ele>564.2</ele>
   </trkpt>
   <trkpt lat="46.2178650" lon="14.6238320">
    <ele>563.7</ele>
   </trkpt>
   <trkpt lat="46.2178480" lon="14.6237730">
    <ele>563.2</ele>
   </trkpt>
   <trkpt lat="46.2178320" lon="14.6237080">
    <ele>562.7</ele>
   </trkpt>
   <trkpt lat="46.2178220" lon="14.6236430">
    <ele>562.3</ele>
   </trkpt>
   <trkpt lat="46.2178150" lon="14.6235830">
    <ele>562.0</ele>
   </trkpt>
   <trkpt lat="46.2178100" lon="14.6235280">
    <ele>561.8</ele>
   </trkpt>
   <trkpt lat="46.2178070" lon="14.6234930">
    <ele>561.8</ele>
   </trkpt>
   <trkpt lat="46.2178000" lon="14.6234500">
    <ele>561.8</ele>
   </trkpt>
   <trkpt lat="46.2177900" lon="14.6234150">
    <ele>561.8</ele>
   </trkpt>
   <trkpt lat="46.2177830" lon="14.6233930">
    <ele>561.8</ele>
   </trkpt>
   <trkpt lat="46.2177750" lon="14.6233580">
    <ele>561.9</ele>
   </trkpt>
   <trkpt lat="46.2177670" lon="14.6233230">
    <ele>561.9</ele>
   </trkpt>
   <trkpt lat="46.2177570" lon="14.6232870">
    <ele>562.0</ele>
   </trkpt>
   <trkpt lat="46.2177500" lon="14.6232500">
    <ele>562.0</ele>
   </trkpt>
   <trkpt lat="46.2177480" lon="14.6231830">
    <ele>561.9</ele>
   </trkpt>
   <trkpt lat="46.2177630" lon="14.6231270">
    <ele>561.7</ele>
   </trkpt>
   <trkpt lat="46.2177730" lon="14.6230750">
    <ele>561.3</ele>
   </trkpt>
   <trkpt lat="46.2177830" lon="14.6230180">
    <ele>560.8</ele>
   </trkpt>
   <trkpt lat="46.2177970" lon="14.6229580">
    <ele>560.0</ele>
   </trkpt>
   <trkpt lat="46.2178070" lon="14.6229070">
    <ele>559.3</ele>
   </trkpt>
   <trkpt lat="46.2178170" lon="14.6228430">
    <ele>558.4</ele>
   </trkpt>
   <trkpt lat="46.2178370" lon="14.6227720">
    <ele>557.4</ele>
   </trkpt>
   <trkpt lat="46.2178550" lon="14.6227280">
    <ele>556.7</ele>
   </trkpt>
   <trkpt lat="46.2178750" lon="14.6226950">
    <ele>556.1</ele>
   </trkpt>
   <trkpt lat="46.2178920" lon="14.6226530">
    <ele>555.5</ele>
   </trkpt>
   <trkpt lat="46.2179080" lon="14.6226120">
    <ele>554.9</ele>
   </trkpt>
   <trkpt lat="46.2179230" lon="14.6225600">
    <ele>554.2</ele>
   </trkpt>
   <trkpt lat="46.2179380" lon="14.6225030">
    <ele>553.5</ele>
   </trkpt>
   <trkpt lat="46.2179470" lon="14.6224450">
    <ele>552.8</ele>
   </trkpt>
   <trkpt lat="46.2179620" lon="14.6223680">
    <ele>552.1</ele>
   </trkpt>
   <trkpt lat="46.2179680" lon="14.6223180">
    <ele>551.8</ele>
   </trkpt>
   <trkpt lat="46.2179780" lon="14.6222650">
    <ele>551.5</ele>
   </trkpt>
   <trkpt lat="46.2179880" lon="14.6222070">
    <ele>551.4</ele>
   </trkpt>
   <trkpt lat="46.2179830" lon="14.6221170">
    <ele>551.4</ele>
   </trkpt>
   <trkpt lat="46.2179800" lon="14.6220430">
    <ele>551.5</ele>
   </trkpt>
   <trkpt lat="46.2179800" lon="14.6219630">
    <ele>551.5</ele>
   </trkpt>
   <trkpt lat="46.2179700" lon="14.6219070">
    <ele>551.5</ele>
   </trkpt>
   <trkpt lat="46.2179650" lon="14.6218420">
    <ele>551.5</ele>
   </trkpt>
   <trkpt lat="46.2179620" lon="14.6217600">
    <ele>551.3</ele>
   </trkpt>
   <trkpt lat="46.2179700" lon="14.6216920">
    <ele>551.1</ele>
   </trkpt>
   <trkpt lat="46.2179830" lon="14.6216470">
    <ele>551.0</ele>
   </trkpt>
   <trkpt lat="46.2179930" lon="14.6216050">
    <ele>551.0</ele>
   </trkpt>
   <trkpt lat="46.2180100" lon="14.6215670">
    <ele>550.9</ele>
   </trkpt>
   <trkpt lat="46.2180250" lon="14.6215130">
    <ele>550.8</ele>
   </trkpt>
   <trkpt lat="46.2180330" lon="14.6214730">
    <ele>550.8</ele>
   </trkpt>
   <trkpt lat="46.2180430" lon="14.6214280">
    <ele>550.6</ele>
   </trkpt>
   <trkpt lat="46.2180500" lon="14.6213780">
    <ele>550.4</ele>
   </trkpt>
   <trkpt lat="46.2180550" lon="14.6213250">
    <ele>550.2</ele>
   </trkpt>
   <trkpt lat="46.2180650" lon="14.6212580">
    <ele>549.8</ele>
   </trkpt>
   <trkpt lat="46.2180670" lon="14.6211980">
    <ele>549.3</ele>
   </trkpt>
   <trkpt lat="46.2180800" lon="14.6211400">
    <ele>548.9</ele>
   </trkpt>
   <trkpt lat="46.2181020" lon="14.6210850">
    <ele>548.4</ele>
   </trkpt>
   <trkpt lat="46.2181250" lon="14.6210400">
    <ele>547.9</ele>
   </trkpt>
   <trkpt lat="46.2181530" lon="14.6209980">
    <ele>547.5</ele>
   </trkpt>
   <trkpt lat="46.2181870" lon="14.6209350">
    <ele>546.8</ele>
   </trkpt>
   <trkpt lat="46.2182080" lon="14.6208920">
    <ele>546.3</ele>
   </trkpt>
   <trkpt lat="46.2182270" lon="14.6208500">
    <ele>545.7</ele>
   </trkpt>
   <trkpt lat="46.2182420" lon="14.6208200">
    <ele>545.3</ele>
   </trkpt>
   <trkpt lat="46.2182630" lon="14.6207800">
    <ele>544.6</ele>
   </trkpt>
   <trkpt lat="46.2182700" lon="14.6207430">
    <ele>544.1</ele>
   </trkpt>
   <trkpt lat="46.2182670" lon="14.6207080">
    <ele>543.7</ele>
   </trkpt>
   <trkpt lat="46.2182670" lon="14.6206820">
    <ele>543.3</ele>
   </trkpt>
   <trkpt lat="46.2182630" lon="14.6206580">
    <ele>543.0</ele>
   </trkpt>
   <trkpt lat="46.2182650" lon="14.6206250">
    <ele>542.6</ele>
   </trkpt>
   <trkpt lat="46.2182630" lon="14.6205780">
    <ele>541.9</ele>
   </trkpt>
   <trkpt lat="46.2182520" lon="14.6205130">
    <ele>541.0</ele>
   </trkpt>
   <trkpt lat="46.2182470" lon="14.6204830">
    <ele>540.7</ele>
   </trkpt>
   <trkpt lat="46.2182280" lon="14.6204450">
    <ele>540.1</ele>
   </trkpt>
   <trkpt lat="46.2182050" lon="14.6204070">
    <ele>539.5</ele>
   </trkpt>
   <trkpt lat="46.2181880" lon="14.6203430">
    <ele>538.7</ele>
   </trkpt>
   <trkpt lat="46.2181830" lon="14.6202850">
    <ele>538.1</ele>
   </trkpt>
   <trkpt lat="46.2181870" lon="14.6202170">
    <ele>537.3</ele>
   </trkpt>
   <trkpt lat="46.2181930" lon="14.6201630">
    <ele>536.7</ele>
   </trkpt>
   <trkpt lat="46.2182080" lon="14.6201200">
    <ele>536.2</ele>
   </trkpt>
   <trkpt lat="46.2182370" lon="14.6200680">
    <ele>535.5</ele>
   </trkpt>
   <trkpt lat="46.2182700" lon="14.6200350">
    <ele>534.9</ele>
   </trkpt>
   <trkpt lat="46.2183080" lon="14.6200120">
    <ele>534.4</ele>
   </trkpt>
   <trkpt lat="46.2183350" lon="14.6200000">
    <ele>534.0</ele>
   </trkpt>
   <trkpt lat="46.2183620" lon="14.6199830">
    <ele>533.6</ele>
   </trkpt>
   <trkpt lat="46.2183850" lon="14.6199680">
    <ele>533.2</ele>
   </trkpt>
   <trkpt lat="46.2184030" lon="14.6199380">
    <ele>532.7</ele>
   </trkpt>
   <trkpt lat="46.2184170" lon="14.6198870">
    <ele>532.0</ele>
   </trkpt>
   <trkpt lat="46.2184250" lon="14.6198500">
    <ele>531.5</ele>
   </trkpt>
   <trkpt lat="46.2184430" lon="14.6198050">
    <ele>530.9</ele>
   </trkpt>
   <trkpt lat="46.2184770" lon="14.6197500">
    <ele>530.1</ele>
   </trkpt>
   <trkpt lat="46.2185020" lon="14.6197130">
    <ele>529.7</ele>
   </trkpt>
   <trkpt lat="46.2185320" lon="14.6196820">
    <ele>529.4</ele>
   </trkpt>
   <trkpt lat="46.2185600" lon="14.6196520">
    <ele>529.1</ele>
   </trkpt>
   <trkpt lat="46.2185770" lon="14.6196270">
    <ele>529.0</ele>
   </trkpt>
   <trkpt lat="46.2185900" lon="14.6195970">
    <ele>528.9</ele>
   </trkpt>
   <trkpt lat="46.2186000" lon="14.6195520">
    <ele>528.7</ele>
   </trkpt>
   <trkpt lat="46.2186230" lon="14.6195170">
    <ele>528.5</ele>
   </trkpt>
   <trkpt lat="46.2186430" lon="14.6194830">
    <ele>528.2</ele>
   </trkpt>
   <trkpt lat="46.2186750" lon="14.6194480">
    <ele>527.8</ele>
   </trkpt>
   <trkpt lat="46.2187050" lon="14.6194020">
    <ele>527.2</ele>
   </trkpt>
   <trkpt lat="46.2187230" lon="14.6193700">
    <ele>526.9</ele>
   </trkpt>
   <trkpt lat="46.2187370" lon="14.6193270">
    <ele>526.5</ele>
   </trkpt>
   <trkpt lat="46.2187480" lon="14.6192750">
    <ele>526.1</ele>
   </trkpt>
   <trkpt lat="46.2187700" lon="14.6192300">
    <ele>525.7</ele>
   </trkpt>
   <trkpt lat="46.2187780" lon="14.6192200">
    <ele>525.6</ele>
   </trkpt>
   <trkpt lat="46.2187800" lon="14.6192070">
    <ele>525.5</ele>
   </trkpt>
   <trkpt lat="46.2187720" lon="14.6191770">
    <ele>525.3</ele>
   </trkpt>
   <trkpt lat="46.2187630" lon="14.6191380">
    <ele>525.1</ele>
   </trkpt>
   <trkpt lat="46.2187580" lon="14.6190880">
    <ele>524.8</ele>
   </trkpt>
   <trkpt lat="46.2187520" lon="14.6190200">
    <ele>524.5</ele>
   </trkpt>
   <trkpt lat="46.2187470" lon="14.6189550">
    <ele>524.3</ele>
   </trkpt>
   <trkpt lat="46.2187380" lon="14.6189070">
    <ele>524.1</ele>
   </trkpt>
   <trkpt lat="46.2187280" lon="14.6188520">
    <ele>524.0</ele>
   </trkpt>
   <trkpt lat="46.2187250" lon="14.6188100">
    <ele>523.9</ele>
   </trkpt>
   <trkpt lat="46.2187230" lon="14.6187500">
    <ele>523.7</ele>
   </trkpt>
   <trkpt lat="46.2187300" lon="14.6186920">
    <ele>523.6</ele>
   </trkpt>
   <trkpt lat="46.2187450" lon="14.6186330">
    <ele>523.5</ele>
   </trkpt>
   <trkpt lat="46.2187570" lon="14.6185870">
    <ele>523.3</ele>
   </trkpt>
   <trkpt lat="46.2187670" lon="14.6185470">
    <ele>523.1</ele>
   </trkpt>
   <trkpt lat="46.2187870" lon="14.6184970">
    <ele>522.8</ele>
   </trkpt>
   <trkpt lat="46.2188120" lon="14.6184500">
    <ele>522.4</ele>
   </trkpt>
   <trkpt lat="46.2188350" lon="14.6184070">
    <ele>521.9</ele>
   </trkpt>
   <trkpt lat="46.2188650" lon="14.6183570">
    <ele>521.3</ele>
   </trkpt>
   <trkpt lat="46.2188920" lon="14.6183230">
    <ele>520.8</ele>
   </trkpt>
   <trkpt lat="46.2189230" lon="14.6182880">
    <ele>520.2</ele>
   </trkpt>
   <trkpt lat="46.2189450" lon="14.6182670">
    <ele>519.8</ele>
   </trkpt>
   <trkpt lat="46.2189770" lon="14.6182550">
    <ele>519.4</ele>
   </trkpt>
   <trkpt lat="46.2190100" lon="14.6182580">
    <ele>519.0</ele>
   </trkpt>
   <trkpt lat="46.2190480" lon="14.6182570">
    <ele>518.6</ele>
   </trkpt>
   <trkpt lat="46.2190930" lon="14.6182600">
    <ele>518.2</ele>
   </trkpt>
   <trkpt lat="46.2191470" lon="14.6182730">
    <ele>517.8</ele>
   </trkpt>
   <trkpt lat="46.2191880" lon="14.6182880">
    <ele>517.6</ele>
   </trkpt>
   <trkpt lat="46.2192180" lon="14.6182970">
    <ele>517.4</ele>
   </trkpt>
   <trkpt lat="46.2192570" lon="14.6183070">
    <ele>517.2</ele>
   </trkpt>
   <trkpt lat="46.2192970" lon="14.6183050">
    <ele>517.0</ele>
   </trkpt>
   <trkpt lat="46.2193430" lon="14.6182870">
    <ele>516.6</ele>
   </trkpt>
   <trkpt lat="46.2193700" lon="14.6182850">
    <ele>516.3</ele>
   </trkpt>
   <trkpt lat="46.2193880" lon="14.6182820">
    <ele>516.2</ele>
   </trkpt>
   <trkpt lat="46.2194070" lon="14.6182700">
    <ele>516.0</ele>
   </trkpt>
   <trkpt lat="46.2194270" lon="14.6182550">
    <ele>515.8</ele>
   </trkpt>
   <trkpt lat="46.2194550" lon="14.6182370">
    <ele>515.5</ele>
   </trkpt>
   <trkpt lat="46.2194850" lon="14.6182230">
    <ele>515.3</ele>
   </trkpt>
   <trkpt lat="46.2195220" lon="14.6182170">
    <ele>515.1</ele>
   </trkpt>
   <trkpt lat="46.2195480" lon="14.6182250">
    <ele>515.0</ele>
   </trkpt>
   <trkpt lat="46.2195680" lon="14.6182330">
    <ele>515.0</ele>
   </trkpt>
   <trkpt lat="46.2195930" lon="14.6182480">
    <ele>514.9</ele>
   </trkpt>
   <trkpt lat="46.2196150" lon="14.6182600">
    <ele>514.9</ele>
   </trkpt>
   <trkpt lat="46.2196400" lon="14.6182730">
    <ele>514.9</ele>
   </trkpt>
   <trkpt lat="46.2196730" lon="14.6182930">
    <ele>514.8</ele>
   </trkpt>
   <trkpt lat="46.2196950" lon="14.6183070">
    <ele>514.8</ele>
   </trkpt>
   <trkpt lat="46.2197180" lon="14.6183370">
    <ele>514.7</ele>
   </trkpt>
   <trkpt lat="46.2197520" lon="14.6183750">
    <ele>514.6</ele>
   </trkpt>
   <trkpt lat="46.2197780" lon="14.6183970">
    <ele>514.5</ele>
   </trkpt>
   <trkpt lat="46.2198100" lon="14.6184130">
    <ele>514.4</ele>
   </trkpt>
   <trkpt lat="46.2198280" lon="14.6184220">
    <ele>514.3</ele>
   </trkpt>
   <trkpt lat="46.2198430" lon="14.6184230">
    <ele>514.3</ele>
   </trkpt>
   <trkpt lat="46.2198570" lon="14.6184080">
    <ele>513.7</ele>
   </trkpt>
   <trkpt lat="46.2198670" lon="14.6183800">
    <ele>513.0</ele>
   </trkpt>
   <trkpt lat="46.2198820" lon="14.6183530">
    <ele>512.2</ele>
   </trkpt>
   <trkpt lat="46.2198970" lon="14.6183250">
    <ele>511.4</ele>
   </trkpt>
   <trkpt lat="46.2199070" lon="14.6182980">
    <ele>510.8</ele>
   </trkpt>
   <trkpt lat="46.2199150" lon="14.6182670">
    <ele>510.1</ele>
   </trkpt>
   <trkpt lat="46.2199270" lon="14.6182200">
    <ele>509.1</ele>
   </trkpt>
   <trkpt lat="46.2199380" lon="14.6181780">
    <ele>508.2</ele>
   </trkpt>
   <trkpt lat="46.2199730" lon="14.6181230">
    <ele>506.9</ele>
   </trkpt>
   <trkpt lat="46.2200050" lon="14.6180770">
    <ele>505.8</ele>
   </trkpt>
   <trkpt lat="46.2200400" lon="14.6180220">
    <ele>504.6</ele>
   </trkpt>
   <trkpt lat="46.2200800" lon="14.6179700">
    <ele>503.5</ele>
   </trkpt>
   <trkpt lat="46.2201200" lon="14.6179170">
    <ele>502.5</ele>
   </trkpt>
   <trkpt lat="46.2201650" lon="14.6178630">
    <ele>501.4</ele>
   </trkpt>
   <trkpt lat="46.2201980" lon="14.6178020">
    <ele>500.5</ele>
   </trkpt>
   <trkpt lat="46.2202400" lon="14.6177380">
    <ele>499.4</ele>
   </trkpt>
   <trkpt lat="46.2202730" lon="14.6176950">
    <ele>498.5</ele>
   </trkpt>
   <trkpt lat="46.2203070" lon="14.6176500">
    <ele>497.5</ele>
   </trkpt>
   <trkpt lat="46.2203380" lon="14.6176000">
    <ele>496.5</ele>
   </trkpt>
   <trkpt lat="46.2203620" lon="14.6175430">
    <ele>495.4</ele>
   </trkpt>
   <trkpt lat="46.2203780" lon="14.6174880">
    <ele>494.3</ele>
   </trkpt>
   <trkpt lat="46.2203930" lon="14.6174330">
    <ele>493.2</ele>
   </trkpt>
   <trkpt lat="46.2204080" lon="14.6173830">
    <ele>492.1</ele>
   </trkpt>
   <trkpt lat="46.2204280" lon="14.6173320">
    <ele>490.9</ele>
   </trkpt>
   <trkpt lat="46.2204480" lon="14.6172780">
    <ele>489.6</ele>
   </trkpt>
   <trkpt lat="46.2204670" lon="14.6172200">
    <ele>488.3</ele>
   </trkpt>
   <trkpt lat="46.2204780" lon="14.6171620">
    <ele>487.1</ele>
   </trkpt>
   <trkpt lat="46.2204920" lon="14.6171030">
    <ele>485.8</ele>
   </trkpt>
   <trkpt lat="46.2205100" lon="14.6170450">
    <ele>484.4</ele>
   </trkpt>
   <trkpt lat="46.2205350" lon="14.6169870">
    <ele>483.0</ele>
   </trkpt>
   <trkpt lat="46.2205630" lon="14.6169500">
    <ele>481.9</ele>
   </trkpt>
   <trkpt lat="46.2206020" lon="14.6169280">
    <ele>480.7</ele>
   </trkpt>
   <trkpt lat="46.2206470" lon="14.6169120">
    <ele>479.4</ele>
   </trkpt>
   <trkpt lat="46.2206900" lon="14.6169030">
    <ele>478.4</ele>
   </trkpt>
   <trkpt lat="46.2207300" lon="14.6169100">
    <ele>477.4</ele>
   </trkpt>
   <trkpt lat="46.2207630" lon="14.6169200">
    <ele>476.7</ele>
   </trkpt>
   <trkpt lat="46.2207980" lon="14.6169300">
    <ele>475.9</ele>
   </trkpt>
   <trkpt lat="46.2208280" lon="14.6169230">
    <ele>475.2</ele>
   </trkpt>
   <trkpt lat="46.2208520" lon="14.6168950">
    <ele>474.6</ele>
   </trkpt>
   <trkpt lat="46.2208750" lon="14.6168400">
    <ele>472.8</ele>
   </trkpt>
   <trkpt lat="46.2208780" lon="14.6167770">
    <ele>471.7</ele>
   </trkpt>
   <trkpt lat="46.2208650" lon="14.6167280">
    <ele>470.8</ele>
   </trkpt>
   <trkpt lat="46.2208470" lon="14.6166870">
    <ele>470.1</ele>
   </trkpt>
   <trkpt lat="46.2208230" lon="14.6166320">
    <ele>469.2</ele>
   </trkpt>
   <trkpt lat="46.2208030" lon="14.6166000">
    <ele>468.7</ele>
   </trkpt>
   <trkpt lat="46.2207720" lon="14.6165580">
    <ele>468.0</ele>
   </trkpt>
   <trkpt lat="46.2207420" lon="14.6165280">
    <ele>467.3</ele>
   </trkpt>
   <trkpt lat="46.2207120" lon="14.6165070">
    <ele>466.7</ele>
   </trkpt>
   <trkpt lat="46.2206770" lon="14.6164870">
    <ele>466.0</ele>
   </trkpt>
   <trkpt lat="46.2206350" lon="14.6164670">
    <ele>465.2</ele>
   </trkpt>
   <trkpt lat="46.2205970" lon="14.6164520">
    <ele>464.4</ele>
   </trkpt>
   <trkpt lat="46.2205580" lon="14.6164400">
    <ele>463.6</ele>
   </trkpt>
   <trkpt lat="46.2205050" lon="14.6164170">
    <ele>462.6</ele>
   </trkpt>
   <trkpt lat="46.2204550" lon="14.6164020">
    <ele>461.8</ele>
   </trkpt>
   <trkpt lat="46.2204020" lon="14.6163730">
    <ele>460.8</ele>
   </trkpt>
   <trkpt lat="46.2203650" lon="14.6163400">
    <ele>460.0</ele>
   </trkpt>
   <trkpt lat="46.2203450" lon="14.6162900">
    <ele>459.2</ele>
   </trkpt>
   <trkpt lat="46.2203470" lon="14.6162430">
    <ele>458.5</ele>
   </trkpt>
   <trkpt lat="46.2203520" lon="14.6161750">
    <ele>457.3</ele>
   </trkpt>
   <trkpt lat="46.2203680" lon="14.6161270">
    <ele>456.3</ele>
   </trkpt>
   <trkpt lat="46.2203950" lon="14.6160680">
    <ele>455.0</ele>
   </trkpt>
   <trkpt lat="46.2204170" lon="14.6159970">
    <ele>453.5</ele>
   </trkpt>
   <trkpt lat="46.2204250" lon="14.6159480">
    <ele>452.5</ele>
   </trkpt>
   <trkpt lat="46.2204250" lon="14.6158870">
    <ele>451.4</ele>
   </trkpt>
   <trkpt lat="46.2204270" lon="14.6158280">
    <ele>450.4</ele>
   </trkpt>
   <trkpt lat="46.2204300" lon="14.6157720">
    <ele>449.4</ele>
   </trkpt>
   <trkpt lat="46.2204400" lon="14.6157220">
    <ele>448.6</ele>
   </trkpt>
   <trkpt lat="46.2204530" lon="14.6156620">
    <ele>447.5</ele>
   </trkpt>
   <trkpt lat="46.2204700" lon="14.6155980">
    <ele>446.5</ele>
   </trkpt>
   <trkpt lat="46.2204900" lon="14.6155450">
    <ele>445.5</ele>
   </trkpt>
   <trkpt lat="46.2205100" lon="14.6154970">
    <ele>444.7</ele>
   </trkpt>
   <trkpt lat="46.2205370" lon="14.6154550">
    <ele>443.8</ele>
   </trkpt>
   <trkpt lat="46.2205750" lon="14.6154170">
    <ele>442.8</ele>
   </trkpt>
   <trkpt lat="46.2206150" lon="14.6154000">
    <ele>441.9</ele>
   </trkpt>
   <trkpt lat="46.2206530" lon="14.6153980">
    <ele>441.1</ele>
   </trkpt>
   <trkpt lat="46.2207070" lon="14.6154000">
    <ele>439.9</ele>
   </trkpt>
   <trkpt lat="46.2207450" lon="14.6154120">
    <ele>439.1</ele>
   </trkpt>
   <trkpt lat="46.2207950" lon="14.6154130">
    <ele>438.0</ele>
   </trkpt>
   <trkpt lat="46.2208450" lon="14.6154180">
    <ele>436.9</ele>
   </trkpt>
   <trkpt lat="46.2208880" lon="14.6154180">
    <ele>435.8</ele>
   </trkpt>
   <trkpt lat="46.2209300" lon="14.6154220">
    <ele>434.7</ele>
   </trkpt>
   <trkpt lat="46.2209730" lon="14.6154200">
    <ele>433.6</ele>
   </trkpt>
   <trkpt lat="46.2210180" lon="14.6154150">
    <ele>432.4</ele>
   </trkpt>
   <trkpt lat="46.2210570" lon="14.6154050">
    <ele>431.4</ele>
   </trkpt>
   <trkpt lat="46.2210930" lon="14.6153850">
    <ele>430.4</ele>
   </trkpt>
   <trkpt lat="46.2211230" lon="14.6153600">
    <ele>429.6</ele>
   </trkpt>
   <trkpt lat="46.2211300" lon="14.6153320">
    <ele>429.2</ele>
   </trkpt>
   <trkpt lat="46.2210980" lon="14.6152970">
    <ele>428.4</ele>
   </trkpt>
   <trkpt lat="46.2210650" lon="14.6152630">
    <ele>427.6</ele>
   </trkpt>
   <trkpt lat="46.2210280" lon="14.6152270">
    <ele>426.7</ele>
   </trkpt>
   <trkpt lat="46.2209820" lon="14.6151950">
    <ele>425.6</ele>
   </trkpt>
   <trkpt lat="46.2209450" lon="14.6151700">
    <ele>424.8</ele>
   </trkpt>
   <trkpt lat="46.2209000" lon="14.6151330">
    <ele>423.6</ele>
   </trkpt>
   <trkpt lat="46.2208720" lon="14.6151070">
    <ele>422.9</ele>
   </trkpt>
   <trkpt lat="46.2208400" lon="14.6150720">
    <ele>421.9</ele>
   </trkpt>
   <trkpt lat="46.2208120" lon="14.6150380">
    <ele>421.1</ele>
   </trkpt>
   <trkpt lat="46.2207780" lon="14.6150020">
    <ele>420.1</ele>
   </trkpt>
   <trkpt lat="46.2207430" lon="14.6149580">
    <ele>419.0</ele>
   </trkpt>
   <trkpt lat="46.2207100" lon="14.6149220">
    <ele>418.0</ele>
   </trkpt>
   <trkpt lat="46.2206780" lon="14.6148900">
    <ele>417.2</ele>
   </trkpt>
   <trkpt lat="46.2206470" lon="14.6148650">
    <ele>416.4</ele>
   </trkpt>
   <trkpt lat="46.2206180" lon="14.6148430">
    <ele>415.7</ele>
   </trkpt>
   <trkpt lat="46.2205830" lon="14.6148100">
    <ele>414.8</ele>
   </trkpt>
   <trkpt lat="46.2205630" lon="14.6147600">
    <ele>414.0</ele>
   </trkpt>
   <trkpt lat="46.2205580" lon="14.6147030">
    <ele>412.3</ele>
   </trkpt>
   <trkpt lat="46.2205730" lon="14.6146550">
    <ele>411.6</ele>
   </trkpt>
   <trkpt lat="46.2206050" lon="14.6146000">
    <ele>410.5</ele>
   </trkpt>
   <trkpt lat="46.2206380" lon="14.6145620">
    <ele>409.5</ele>
   </trkpt>
   <trkpt lat="46.2206770" lon="14.6145300">
    <ele>408.5</ele>
   </trkpt>
   <trkpt lat="46.2207130" lon="14.6145100">
    <ele>407.7</ele>
   </trkpt>
   <trkpt lat="46.2207650" lon="14.6144930">
    <ele>406.5</ele>
   </trkpt>
   <trkpt lat="46.2208120" lon="14.6144880">
    <ele>405.5</ele>
   </trkpt>
   <trkpt lat="46.2208600" lon="14.6144870">
    <ele>404.5</ele>
   </trkpt>
   <trkpt lat="46.2209000" lon="14.6144830">
    <ele>403.6</ele>
   </trkpt>
   <trkpt lat="46.2209580" lon="14.6144800">
    <ele>402.5</ele>
   </trkpt>
   <trkpt lat="46.2210070" lon="14.6144770">
    <ele>401.5</ele>
   </trkpt>
   <trkpt lat="46.2210550" lon="14.6144780">
    <ele>400.6</ele>
   </trkpt>
   <trkpt lat="46.2210930" lon="14.6144770">
    <ele>399.9</ele>
   </trkpt>
   <trkpt lat="46.2211430" lon="14.6144680">
    <ele>399.0</ele>
   </trkpt>
   <trkpt lat="46.2211930" lon="14.6144580">
    <ele>398.1</ele>
   </trkpt>
   <trkpt lat="46.2212330" lon="14.6144500">
    <ele>397.4</ele>
   </trkpt>
   <trkpt lat="46.2212900" lon="14.6144350">
    <ele>396.5</ele>
   </trkpt>
   <trkpt lat="46.2213380" lon="14.6144350">
    <ele>395.8</ele>
   </trkpt>
   <trkpt lat="46.2213970" lon="14.6144230">
    <ele>395.1</ele>
   </trkpt>
   <trkpt lat="46.2214500" lon="14.6143980">
    <ele>394.4</ele>
   </trkpt>
   <trkpt lat="46.2215070" lon="14.6143830">
    <ele>393.8</ele>
   </trkpt>
   <trkpt lat="46.2215650" lon="14.6143800">
    <ele>393.2</ele>
   </trkpt>
   <trkpt lat="46.2216130" lon="14.6144000">
    <ele>392.6</ele>
   </trkpt>
   <trkpt lat="46.2216570" lon="14.6144370">
    <ele>392.8</ele>
   </trkpt>
   <trkpt lat="46.2216820" lon="14.6144730">
    <ele>393.0</ele>
   </trkpt>
   <trkpt lat="46.2217100" lon="14.6145120">
    <ele>393.3</ele>
   </trkpt>
   <trkpt lat="46.2217230" lon="14.6145430">
    <ele>393.5</ele>
   </trkpt>
   <trkpt lat="46.2217380" lon="14.6145570">
    <ele>393.6</ele>
   </trkpt>
   <trkpt lat="46.2217450" lon="14.6145500">
    <ele>394.0</ele>
   </trkpt>
   <trkpt lat="46.2217570" lon="14.6145300">
    <ele>394.3</ele>
   </trkpt>
   <trkpt lat="46.2217670" lon="14.6145030">
    <ele>394.8</ele>
   </trkpt>
   <trkpt lat="46.2217730" lon="14.6144870">
    <ele>395.1</ele>
   </trkpt>
   <trkpt lat="46.2217750" lon="14.6144870">
    <ele>395.2</ele>
   </trkpt>
   <trkpt lat="46.2217800" lon="14.6144980">
    <ele>395.4</ele>
   </trkpt>
   <trkpt lat="46.2217820" lon="14.6145170">
    <ele>395.8</ele>
   </trkpt>
   <trkpt lat="46.2217820" lon="14.6145370">
    <ele>396.2</ele>
   </trkpt>
   <trkpt lat="46.2217830" lon="14.6145580">
    <ele>396.6</ele>
   </trkpt>
   <trkpt lat="46.2217900" lon="14.6145730">
    <ele>397.0</ele>
   </trkpt>
   <trkpt lat="46.2218000" lon="14.6145800">
    <ele>397.4</ele>
   </trkpt>
   <trkpt lat="46.2218120" lon="14.6145750">
    <ele>397.9</ele>
   </trkpt>
   <trkpt lat="46.2218230" lon="14.6145720">
    <ele>398.3</ele>
   </trkpt>
   <trkpt lat="46.2218370" lon="14.6145780">
    <ele>398.9</ele>
   </trkpt>
   <trkpt lat="46.2218430" lon="14.6145870">
    <ele>399.2</ele>
   </trkpt>
   <trkpt lat="46.2218530" lon="14.6145950">
    <ele>399.7</ele>
   </trkpt>
   <trkpt lat="46.2218670" lon="14.6146020">
    <ele>400.3</ele>
   </trkpt>
   <trkpt lat="46.2218820" lon="14.6146050">
    <ele>400.9</ele>
   </trkpt>
   <trkpt lat="46.2218950" lon="14.6146120">
    <ele>401.5</ele>
   </trkpt>
   <trkpt lat="46.2219180" lon="14.6146150">
    <ele>402.4</ele>
   </trkpt>
   <trkpt lat="46.2219370" lon="14.6146270">
    <ele>403.2</ele>
   </trkpt>
   <trkpt lat="46.2219530" lon="14.6146320">
    <ele>403.8</ele>
   </trkpt>
   <trkpt lat="46.2219700" lon="14.6146380">
    <ele>404.5</ele>
   </trkpt>
   <trkpt lat="46.2219850" lon="14.6146430">
    <ele>405.0</ele>
   </trkpt>
   <trkpt lat="46.2219980" lon="14.6146500">
    <ele>405.5</ele>
   </trkpt>
   <trkpt lat="46.2220120" lon="14.6146520">
    <ele>406.0</ele>
   </trkpt>
   <trkpt lat="46.2220250" lon="14.6146530">
    <ele>406.5</ele>
   </trkpt>
   <trkpt lat="46.2220320" lon="14.6146570">
    <ele>406.7</ele>
   </trkpt>
   <trkpt lat="46.2220320" lon="14.6146650">
    <ele>406.9</ele>
   </trkpt>
   <trkpt lat="46.2220280" lon="14.6146780">
    <ele>407.2</ele>
   </trkpt>
   <trkpt lat="46.2220230" lon="14.6146870">
    <ele>407.5</ele>
   </trkpt>
   <trkpt lat="46.2220200" lon="14.6146980">
    <ele>407.8</ele>
   </trkpt>
   <trkpt lat="46.2220130" lon="14.6147080">
    <ele>408.1</ele>
   </trkpt>
   <trkpt lat="46.2220080" lon="14.6147200">
    <ele>408.5</ele>
   </trkpt>
   <trkpt lat="46.2220030" lon="14.6147320">
    <ele>408.8</ele>
   </trkpt>
   <trkpt lat="46.2219970" lon="14.6147450">
    <ele>409.2</ele>
   </trkpt>
   <trkpt lat="46.2219930" lon="14.6147580">
    <ele>409.5</ele>
   </trkpt>
   <trkpt lat="46.2219930" lon="14.6147720">
    <ele>409.8</ele>
   </trkpt>
   <trkpt lat="46.2219950" lon="14.6147830">
    <ele>410.1</ele>
   </trkpt>
   <trkpt lat="46.2220020" lon="14.6147900">
    <ele>410.4</ele>
   </trkpt>
   <trkpt lat="46.2220080" lon="14.6147950">
    <ele>410.7</ele>
   </trkpt>
   <trkpt lat="46.2220150" lon="14.6147930">
    <ele>410.9</ele>
   </trkpt>
   <trkpt lat="46.2220220" lon="14.6147930">
    <ele>411.2</ele>
   </trkpt>
   <trkpt lat="46.2220250" lon="14.6147950">
    <ele>411.3</ele>
   </trkpt>
   <trkpt lat="46.2220380" lon="14.6147930">
    <ele>411.7</ele>
   </trkpt>
   <trkpt lat="46.2220530" lon="14.6147950">
    <ele>412.3</ele>
   </trkpt>
   <trkpt lat="46.2220670" lon="14.6147980">
    <ele>412.8</ele>
   </trkpt>
   <trkpt lat="46.2220750" lon="14.6148000">
    <ele>413.1</ele>
   </trkpt>
   <trkpt lat="46.2220880" lon="14.6148050">
    <ele>413.6</ele>
   </trkpt>
   <trkpt lat="46.2221030" lon="14.6148080">
    <ele>414.1</ele>
   </trkpt>
   <trkpt lat="46.2221200" lon="14.6148130">
    <ele>414.7</ele>
   </trkpt>
   <trkpt lat="46.2221370" lon="14.6148180">
    <ele>415.3</ele>
   </trkpt>
   <trkpt lat="46.2221550" lon="14.6148230">
    <ele>416.0</ele>
   </trkpt>
   <trkpt lat="46.2221680" lon="14.6148230">
    <ele>416.4</ele>
   </trkpt>
   <trkpt lat="46.2221830" lon="14.6148200">
    <ele>417.0</ele>
   </trkpt>
   <trkpt lat="46.2222000" lon="14.6148130">
    <ele>417.6</ele>
   </trkpt>
   <trkpt lat="46.2222120" lon="14.6148030">
    <ele>418.1</ele>
   </trkpt>
   <trkpt lat="46.2222200" lon="14.6147950">
    <ele>418.4</ele>
   </trkpt>
   <trkpt lat="46.2222350" lon="14.6147900">
    <ele>419.0</ele>
   </trkpt>
   <trkpt lat="46.2222430" lon="14.6147830">
    <ele>419.3</ele>
   </trkpt>
   <trkpt lat="46.2222470" lon="14.6147820">
    <ele>419.5</ele>
   </trkpt>
   <trkpt lat="46.2222480" lon="14.6147780">
    <ele>419.6</ele>
   </trkpt>
   <trkpt lat="46.2222570" lon="14.6147650">
    <ele>420.0</ele>
   </trkpt>
   <trkpt lat="46.2222670" lon="14.6147580">
    <ele>420.4</ele>
   </trkpt>
   <trkpt lat="46.2222780" lon="14.6147500">
    <ele>420.9</ele>
   </trkpt>
   <trkpt lat="46.2222900" lon="14.6147400">
    <ele>421.3</ele>
   </trkpt>
   <trkpt lat="46.2223120" lon="14.6147220">
    <ele>422.2</ele>
   </trkpt>
   <trkpt lat="46.2223300" lon="14.6147050">
    <ele>423.0</ele>
   </trkpt>
   <trkpt lat="46.2223470" lon="14.6146970">
    <ele>423.6</ele>
   </trkpt>
   <trkpt lat="46.2223630" lon="14.6146920">
    <ele>424.2</ele>
   </trkpt>
   <trkpt lat="46.2223800" lon="14.6146880">
    <ele>424.8</ele>
   </trkpt>
   <trkpt lat="46.2223950" lon="14.6146870">
    <ele>425.3</ele>
   </trkpt>
   <trkpt lat="46.2224080" lon="14.6146800">
    <ele>425.9</ele>
   </trkpt>
   <trkpt lat="46.2224220" lon="14.6146720">
    <ele>426.4</ele>
   </trkpt>
   <trkpt lat="46.2224320" lon="14.6146670">
    <ele>426.8</ele>
   </trkpt>
   <trkpt lat="46.2224420" lon="14.6146620">
    <ele>427.3</ele>
   </trkpt>
   <trkpt lat="46.2224480" lon="14.6146600">
    <ele>427.5</ele>
   </trkpt>
   <trkpt lat="46.2224500" lon="14.6146600">
    <ele>427.6</ele>
   </trkpt>
   <trkpt lat="46.2224500" lon="14.6146600">
    <ele>427.6</ele>
   </trkpt>
   <trkpt lat="46.2224600" lon="14.6146570">
    <ele>428.0</ele>
   </trkpt>
   <trkpt lat="46.2224650" lon="14.6146570">
    <ele>428.2</ele>
   </trkpt>
   <trkpt lat="46.2224800" lon="14.6146620">
    <ele>428.9</ele>
   </trkpt>
   <trkpt lat="46.2224900" lon="14.6146680">
    <ele>429.3</ele>
   </trkpt>
   <trkpt lat="46.2225050" lon="14.6146720">
    <ele>430.0</ele>
   </trkpt>
   <trkpt lat="46.2225170" lon="14.6146720">
    <ele>430.5</ele>
   </trkpt>
   <trkpt lat="46.2225320" lon="14.6146750">
    <ele>431.2</ele>
   </trkpt>
   <trkpt lat="46.2225470" lon="14.6146770">
    <ele>431.8</ele>
   </trkpt>
   <trkpt lat="46.2225650" lon="14.6146770">
    <ele>432.6</ele>
   </trkpt>
   <trkpt lat="46.2225750" lon="14.6146750">
    <ele>433.1</ele>
   </trkpt>
   <trkpt lat="46.2225850" lon="14.6146770">
    <ele>433.3</ele>
   </trkpt>
   <trkpt lat="46.2225970" lon="14.6146900">
    <ele>433.6</ele>
   </trkpt>
   <trkpt lat="46.2226120" lon="14.6147050">
    <ele>434.0</ele>
   </trkpt>
   <trkpt lat="46.2226270" lon="14.6147200">
    <ele>434.3</ele>
   </trkpt>
   <trkpt lat="46.2226380" lon="14.6147350">
    <ele>434.6</ele>
   </trkpt>
   <trkpt lat="46.2226620" lon="14.6147430">
    <ele>435.1</ele>
   </trkpt>
   <trkpt lat="46.2226800" lon="14.6147430">
    <ele>435.5</ele>
   </trkpt>
   <trkpt lat="46.2226950" lon="14.6147380">
    <ele>435.9</ele>
   </trkpt>
   <trkpt lat="46.2227070" lon="14.6147330">
    <ele>436.2</ele>
   </trkpt>
   <trkpt lat="46.2227180" lon="14.6147320">
    <ele>436.5</ele>
   </trkpt>
   <trkpt lat="46.2227320" lon="14.6147330">
    <ele>436.9</ele>
   </trkpt>
   <trkpt lat="46.2227450" lon="14.6147380">
    <ele>437.3</ele>
   </trkpt>
   <trkpt lat="46.2227600" lon="14.6147380">
    <ele>437.8</ele>
   </trkpt>
   <trkpt lat="46.2227750" lon="14.6147380">
    <ele>438.2</ele>
   </trkpt>
   <trkpt lat="46.2227780" lon="14.6147420">
    <ele>438.3</ele>
   </trkpt>
   <trkpt lat="46.2227750" lon="14.6147480">
    <ele>438.5</ele>
   </trkpt>
   <trkpt lat="46.2227700" lon="14.6147600">
    <ele>438.8</ele>
   </trkpt>
   <trkpt lat="46.2227630" lon="14.6147720">
    <ele>439.1</ele>
   </trkpt>
   <trkpt lat="46.2227530" lon="14.6147800">
    <ele>439.4</ele>
   </trkpt>
   <trkpt lat="46.2227450" lon="14.6147850">
    <ele>439.7</ele>
   </trkpt>
   <trkpt lat="46.2227420" lon="14.6147950">
    <ele>439.9</ele>
   </trkpt>
   <trkpt lat="46.2227370" lon="14.6148070">
    <ele>440.2</ele>
   </trkpt>
   <trkpt lat="46.2227300" lon="14.6148200">
    <ele>440.5</ele>
   </trkpt>
   <trkpt lat="46.2227220" lon="14.6148300">
    <ele>440.8</ele>
   </trkpt>
   <trkpt lat="46.2227170" lon="14.6148400">
    <ele>441.0</ele>
   </trkpt>
   <trkpt lat="46.2227070" lon="14.6148500">
    <ele>441.3</ele>
   </trkpt>
   <trkpt lat="46.2227000" lon="14.6148580">
    <ele>441.6</ele>
   </trkpt>
   <trkpt lat="46.2226920" lon="14.6148770">
    <ele>442.0</ele>
   </trkpt>
   <trkpt lat="46.2226850" lon="14.6148950">
    <ele>442.4</ele>
   </trkpt>
   <trkpt lat="46.2226770" lon="14.6149150">
    <ele>442.8</ele>
   </trkpt>
   <trkpt lat="46.2226720" lon="14.6149200">
    <ele>443.0</ele>
   </trkpt>
   <trkpt lat="46.2226650" lon="14.6149300">
    <ele>443.3</ele>
   </trkpt>
   <trkpt lat="46.2226520" lon="14.6149420">
    <ele>443.7</ele>
   </trkpt>
   <trkpt lat="46.2226450" lon="14.6149480">
    <ele>444.0</ele>
   </trkpt>
   <trkpt lat="46.2226430" lon="14.6149520">
    <ele>444.1</ele>
   </trkpt>
   <trkpt lat="46.2226420" lon="14.6149600">
    <ele>444.2</ele>
   </trkpt>
   <trkpt lat="46.2226430" lon="14.6149800">
    <ele>444.7</ele>
   </trkpt>
   <trkpt lat="46.2226430" lon="14.6149930">
    <ele>445.0</ele>
   </trkpt>
   <trkpt lat="46.2226430" lon="14.6149970">
    <ele>445.0</ele>
   </trkpt>
   <trkpt lat="46.2226500" lon="14.6149930">
    <ele>445.3</ele>
   </trkpt>
   <trkpt lat="46.2226620" lon="14.6149880">
    <ele>445.7</ele>
   </trkpt>
   <trkpt lat="46.2226770" lon="14.6149820">
    <ele>446.2</ele>
   </trkpt>
   <trkpt lat="46.2226850" lon="14.6149850">
    <ele>446.4</ele>
   </trkpt>
   <trkpt lat="46.2227000" lon="14.6149920">
    <ele>446.9</ele>
   </trkpt>
   <trkpt lat="46.2227130" lon="14.6150070">
    <ele>447.5</ele>
   </trkpt>
   <trkpt lat="46.2227270" lon="14.6150370">
    <ele>448.2</ele>
   </trkpt>
   <trkpt lat="46.2227280" lon="14.6150670">
    <ele>448.9</ele>
   </trkpt>
   <trkpt lat="46.2227250" lon="14.6150900">
    <ele>449.4</ele>
   </trkpt>
   <trkpt lat="46.2227170" lon="14.6151020">
    <ele>449.8</ele>
   </trkpt>
   <trkpt lat="46.2227080" lon="14.6151170">
    <ele>450.2</ele>
   </trkpt>
   <trkpt lat="46.2226970" lon="14.6151270">
    <ele>450.6</ele>
   </trkpt>
   <trkpt lat="46.2226830" lon="14.6151380">
    <ele>451.1</ele>
   </trkpt>
   <trkpt lat="46.2226780" lon="14.6151450">
    <ele>451.3</ele>
   </trkpt>
   <trkpt lat="46.2226700" lon="14.6151570">
    <ele>451.7</ele>
   </trkpt>
   <trkpt lat="46.2226630" lon="14.6151670">
    <ele>452.0</ele>
   </trkpt>
   <trkpt lat="46.2226580" lon="14.6151850">
    <ele>452.4</ele>
   </trkpt>
   <trkpt lat="46.2226520" lon="14.6152100">
    <ele>453.0</ele>
   </trkpt>
   <trkpt lat="46.2226420" lon="14.6152320">
    <ele>453.5</ele>
   </trkpt>
   <trkpt lat="46.2226320" lon="14.6152550">
    <ele>454.1</ele>
   </trkpt>
   <trkpt lat="46.2226280" lon="14.6152730">
    <ele>454.5</ele>
   </trkpt>
   <trkpt lat="46.2226200" lon="14.6153030">
    <ele>454.9</ele>
   </trkpt>
   <trkpt lat="46.2226100" lon="14.6153330">
    <ele>455.4</ele>
   </trkpt>
   <trkpt lat="46.2225950" lon="14.6153570">
    <ele>455.9</ele>
   </trkpt>
   <trkpt lat="46.2225800" lon="14.6153730">
    <ele>456.2</ele>
   </trkpt>
   <trkpt lat="46.2225680" lon="14.6153870">
    <ele>456.6</ele>
   </trkpt>
   <trkpt lat="46.2225580" lon="14.6154020">
    <ele>456.9</ele>
   </trkpt>
   <trkpt lat="46.2225570" lon="14.6154220">
    <ele>457.2</ele>
   </trkpt>
   <trkpt lat="46.2225570" lon="14.6154380">
    <ele>457.5</ele>
   </trkpt>
   <trkpt lat="46.2225530" lon="14.6154570">
    <ele>457.8</ele>
   </trkpt>
   <trkpt lat="46.2225450" lon="14.6154800">
    <ele>458.3</ele>
   </trkpt>
   <trkpt lat="46.2225400" lon="14.6154950">
    <ele>458.6</ele>
   </trkpt>
   <trkpt lat="46.2225250" lon="14.6155030">
    <ele>459.0</ele>
   </trkpt>
   <trkpt lat="46.2225150" lon="14.6155080">
    <ele>459.3</ele>
   </trkpt>
   <trkpt lat="46.2225120" lon="14.6155130">
    <ele>459.4</ele>
   </trkpt>
   <trkpt lat="46.2225080" lon="14.6155320">
    <ele>459.7</ele>
   </trkpt>
   <trkpt lat="46.2225000" lon="14.6155500">
    <ele>460.2</ele>
   </trkpt>
   <trkpt lat="46.2224950" lon="14.6155720">
    <ele>460.6</ele>
   </trkpt>
   <trkpt lat="46.2224930" lon="14.6155930">
    <ele>461.0</ele>
   </trkpt>
   <trkpt lat="46.2224880" lon="14.6156180">
    <ele>461.5</ele>
   </trkpt>
   <trkpt lat="46.2224770" lon="14.6156430">
    <ele>462.1</ele>
   </trkpt>
   <trkpt lat="46.2224700" lon="14.6156650">
    <ele>462.6</ele>
   </trkpt>
   <trkpt lat="46.2224630" lon="14.6156900">
    <ele>463.1</ele>
   </trkpt>
   <trkpt lat="46.2224620" lon="14.6157070">
    <ele>463.5</ele>
   </trkpt>
   <trkpt lat="46.2224580" lon="14.6157230">
    <ele>463.8</ele>
   </trkpt>
   <trkpt lat="46.2224550" lon="14.6157300">
    <ele>464.0</ele>
   </trkpt>
   <trkpt lat="46.2224550" lon="14.6157330">
    <ele>464.0</ele>
   </trkpt>
   <trkpt lat="46.2224550" lon="14.6157500">
    <ele>464.4</ele>
   </trkpt>
   <trkpt lat="46.2224530" lon="14.6157720">
    <ele>464.8</ele>
   </trkpt>
   <trkpt lat="46.2224530" lon="14.6157900">
    <ele>465.1</ele>
   </trkpt>
   <trkpt lat="46.2224530" lon="14.6158150">
    <ele>465.6</ele>
   </trkpt>
   <trkpt lat="46.2224530" lon="14.6158380">
    <ele>465.9</ele>
   </trkpt>
   <trkpt lat="46.2224530" lon="14.6158630">
    <ele>466.4</ele>
   </trkpt>
   <trkpt lat="46.2224520" lon="14.6158900">
    <ele>466.8</ele>
   </trkpt>
   <trkpt lat="46.2224500" lon="14.6159180">
    <ele>467.2</ele>
   </trkpt>
   <trkpt lat="46.2224480" lon="14.6159420">
    <ele>467.6</ele>
   </trkpt>
   <trkpt lat="46.2224420" lon="14.6159730">
    <ele>468.0</ele>
   </trkpt>
   <trkpt lat="46.2224370" lon="14.6160020">
    <ele>468.4</ele>
   </trkpt>
   <trkpt lat="46.2224280" lon="14.6160230">
    <ele>468.7</ele>
   </trkpt>
   <trkpt lat="46.2224180" lon="14.6160400">
    <ele>469.0</ele>
   </trkpt>
   <trkpt lat="46.2224120" lon="14.6160650">
    <ele>469.3</ele>
   </trkpt>
   <trkpt lat="46.2224080" lon="14.6160970">
    <ele>469.8</ele>
   </trkpt>
   <trkpt lat="46.2224020" lon="14.6161150">
    <ele>470.0</ele>
   </trkpt>
   <trkpt lat="46.2223880" lon="14.6161350">
    <ele>470.4</ele>
   </trkpt>
   <trkpt lat="46.2223780" lon="14.6161500">
    <ele>470.7</ele>
   </trkpt>
   <trkpt lat="46.2223650" lon="14.6161650">
    <ele>471.0</ele>
   </trkpt>
   <trkpt lat="46.2223550" lon="14.6161850">
    <ele>471.4</ele>
   </trkpt>
   <trkpt lat="46.2223450" lon="14.6161980">
    <ele>471.7</ele>
   </trkpt>
   <trkpt lat="46.2223330" lon="14.6162080">
    <ele>472.0</ele>
   </trkpt>
   <trkpt lat="46.2223280" lon="14.6162250">
    <ele>472.3</ele>
   </trkpt>
   <trkpt lat="46.2223220" lon="14.6162480">
    <ele>472.7</ele>
   </trkpt>
   <trkpt lat="46.2223130" lon="14.6162630">
    <ele>473.0</ele>
   </trkpt>
   <trkpt lat="46.2223030" lon="14.6162750">
    <ele>473.3</ele>
   </trkpt>
   <trkpt lat="46.2223030" lon="14.6162950">
    <ele>473.6</ele>
   </trkpt>
   <trkpt lat="46.2223020" lon="14.6163130">
    <ele>474.0</ele>
   </trkpt>
   <trkpt lat="46.2223030" lon="14.6163380">
    <ele>474.4</ele>
   </trkpt>
   <trkpt lat="46.2223020" lon="14.6163630">
    <ele>474.8</ele>
   </trkpt>
   <trkpt lat="46.2222980" lon="14.6163900">
    <ele>475.3</ele>
   </trkpt>
   <trkpt lat="46.2222950" lon="14.6164070">
    <ele>475.6</ele>
   </trkpt>
   <trkpt lat="46.2222920" lon="14.6164280">
    <ele>476.0</ele>
   </trkpt>
   <trkpt lat="46.2222880" lon="14.6164470">
    <ele>476.3</ele>
   </trkpt>
   <trkpt lat="46.2222830" lon="14.6164700">
    <ele>476.7</ele>
   </trkpt>
   <trkpt lat="46.2222800" lon="14.6164920">
    <ele>477.1</ele>
   </trkpt>
   <trkpt lat="46.2222820" lon="14.6165150">
    <ele>477.5</ele>
   </trkpt>
   <trkpt lat="46.2222930" lon="14.6165480">
    <ele>478.0</ele>
   </trkpt>
   <trkpt lat="46.2222930" lon="14.6165770">
    <ele>478.5</ele>
   </trkpt>
   <trkpt lat="46.2222950" lon="14.6166080">
    <ele>478.9</ele>
   </trkpt>
   <trkpt lat="46.2222880" lon="14.6166300">
    <ele>479.2</ele>
   </trkpt>
   <trkpt lat="46.2222800" lon="14.6166470">
    <ele>479.5</ele>
   </trkpt>
   <trkpt lat="46.2222800" lon="14.6166630">
    <ele>479.8</ele>
   </trkpt>
   <trkpt lat="46.2222830" lon="14.6166800">
    <ele>480.0</ele>
   </trkpt>
   <trkpt lat="46.2222830" lon="14.6166970">
    <ele>480.3</ele>
   </trkpt>
   <trkpt lat="46.2222830" lon="14.6167170">
    <ele>480.5</ele>
   </trkpt>
   <trkpt lat="46.2222820" lon="14.6167430">
    <ele>480.9</ele>
   </trkpt>
   <trkpt lat="46.2222830" lon="14.6167670">
    <ele>481.2</ele>
   </trkpt>
   <trkpt lat="46.2222750" lon="14.6168020">
    <ele>481.8</ele>
   </trkpt>
   <trkpt lat="46.2222680" lon="14.6168250">
    <ele>482.1</ele>
   </trkpt>
   <trkpt lat="46.2222670" lon="14.6168430">
    <ele>482.4</ele>
   </trkpt>
   <trkpt lat="46.2222650" lon="14.6168600">
    <ele>482.6</ele>
   </trkpt>
   <trkpt lat="46.2222620" lon="14.6168770">
    <ele>482.9</ele>
   </trkpt>
   <trkpt lat="46.2222530" lon="14.6168930">
    <ele>483.2</ele>
   </trkpt>
   <trkpt lat="46.2222500" lon="14.6169130">
    <ele>483.5</ele>
   </trkpt>
   <trkpt lat="46.2222370" lon="14.6169350">
    <ele>483.9</ele>
   </trkpt>
   <trkpt lat="46.2222420" lon="14.6169550">
    <ele>484.2</ele>
   </trkpt>
   <trkpt lat="46.2222430" lon="14.6169730">
    <ele>484.4</ele>
   </trkpt>
   <trkpt lat="46.2222430" lon="14.6170000">
    <ele>484.7</ele>
   </trkpt>
   <trkpt lat="46.2222400" lon="14.6170180">
    <ele>485.0</ele>
   </trkpt>
   <trkpt lat="46.2222370" lon="14.6170320">
    <ele>485.1</ele>
   </trkpt>
   <trkpt lat="46.2222350" lon="14.6170420">
    <ele>485.3</ele>
   </trkpt>
   <trkpt lat="46.2222330" lon="14.6170520">
    <ele>485.4</ele>
   </trkpt>
   <trkpt lat="46.2222320" lon="14.6170700">
    <ele>485.6</ele>
   </trkpt>
   <trkpt lat="46.2222300" lon="14.6170970">
    <ele>485.9</ele>
   </trkpt>
   <trkpt lat="46.2222300" lon="14.6171230">
    <ele>486.2</ele>
   </trkpt>
   <trkpt lat="46.2222300" lon="14.6171500">
    <ele>486.5</ele>
   </trkpt>
   <trkpt lat="46.2222320" lon="14.6171720">
    <ele>486.8</ele>
   </trkpt>
   <trkpt lat="46.2222280" lon="14.6171930">
    <ele>487.1</ele>
   </trkpt>
   <trkpt lat="46.2222350" lon="14.6172100">
    <ele>487.3</ele>
   </trkpt>
   <trkpt lat="46.2222430" lon="14.6172200">
    <ele>487.5</ele>
   </trkpt>
   <trkpt lat="46.2222580" lon="14.6172300">
    <ele>487.8</ele>
   </trkpt>
   <trkpt lat="46.2222680" lon="14.6172300">
    <ele>488.0</ele>
   </trkpt>
   <trkpt lat="46.2222880" lon="14.6172270">
    <ele>488.4</ele>
   </trkpt>
   <trkpt lat="46.2223030" lon="14.6172180">
    <ele>488.7</ele>
   </trkpt>
   <trkpt lat="46.2223130" lon="14.6172120">
    <ele>489.1</ele>
   </trkpt>
   <trkpt lat="46.2223270" lon="14.6172100">
    <ele>489.5</ele>
   </trkpt>
   <trkpt lat="46.2223370" lon="14.6172080">
    <ele>489.8</ele>
   </trkpt>
   <trkpt lat="46.2223530" lon="14.6172050">
    <ele>490.3</ele>
   </trkpt>
   <trkpt lat="46.2223680" lon="14.6172000">
    <ele>490.7</ele>
   </trkpt>
   <trkpt lat="46.2223820" lon="14.6171900">
    <ele>491.2</ele>
   </trkpt>
   <trkpt lat="46.2223920" lon="14.6171800">
    <ele>491.6</ele>
   </trkpt>
   <trkpt lat="46.2224050" lon="14.6171680">
    <ele>492.0</ele>
   </trkpt>
   <trkpt lat="46.2224150" lon="14.6171630">
    <ele>492.3</ele>
   </trkpt>
   <trkpt lat="46.2224250" lon="14.6171570">
    <ele>492.7</ele>
   </trkpt>
   <trkpt lat="46.2224330" lon="14.6171450">
    <ele>493.0</ele>
   </trkpt>
   <trkpt lat="46.2224450" lon="14.6171280">
    <ele>493.5</ele>
   </trkpt>
   <trkpt lat="46.2224720" lon="14.6171050">
    <ele>494.4</ele>
   </trkpt>
   <trkpt lat="46.2224920" lon="14.6170870">
    <ele>495.0</ele>
   </trkpt>
   <trkpt lat="46.2225130" lon="14.6170720">
    <ele>495.7</ele>
   </trkpt>
   <trkpt lat="46.2225250" lon="14.6170600">
    <ele>496.2</ele>
   </trkpt>
   <trkpt lat="46.2225380" lon="14.6170430">
    <ele>496.5</ele>
   </trkpt>
   <trkpt lat="46.2225430" lon="14.6170300">
    <ele>496.8</ele>
   </trkpt>
   <trkpt lat="46.2225520" lon="14.6170100">
    <ele>497.1</ele>
   </trkpt>
   <trkpt lat="46.2225620" lon="14.6169980">
    <ele>497.4</ele>
   </trkpt>
   <trkpt lat="46.2225700" lon="14.6169900">
    <ele>497.6</ele>
   </trkpt>
   <trkpt lat="46.2225830" lon="14.6169780">
    <ele>498.0</ele>
   </trkpt>
   <trkpt lat="46.2225970" lon="14.6169680">
    <ele>498.3</ele>
   </trkpt>
   <trkpt lat="46.2226070" lon="14.6169480">
    <ele>498.7</ele>
   </trkpt>
   <trkpt lat="46.2226130" lon="14.6169230">
    <ele>499.1</ele>
   </trkpt>
   <trkpt lat="46.2226250" lon="14.6168920">
    <ele>499.7</ele>
   </trkpt>
   <trkpt lat="46.2226320" lon="14.6168630">
    <ele>500.1</ele>
   </trkpt>
   <trkpt lat="46.2226350" lon="14.6168300">
    <ele>500.6</ele>
   </trkpt>
   <trkpt lat="46.2226420" lon="14.6168030">
    <ele>501.0</ele>
   </trkpt>
   <trkpt lat="46.2226550" lon="14.6167700">
    <ele>501.5</ele>
   </trkpt>
   <trkpt lat="46.2226680" lon="14.6167500">
    <ele>501.9</ele>
   </trkpt>
   <trkpt lat="46.2226800" lon="14.6167300">
    <ele>502.3</ele>
   </trkpt>
   <trkpt lat="46.2226920" lon="14.6167180">
    <ele>502.6</ele>
   </trkpt>
   <trkpt lat="46.2227080" lon="14.6167150">
    <ele>503.0</ele>
   </trkpt>
   <trkpt lat="46.2227220" lon="14.6167130">
    <ele>503.3</ele>
   </trkpt>
   <trkpt lat="46.2227370" lon="14.6167130">
    <ele>503.6</ele>
   </trkpt>
   <trkpt lat="46.2227530" lon="14.6167130">
    <ele>503.9</ele>
   </trkpt>
   <trkpt lat="46.2227620" lon="14.6167120">
    <ele>504.1</ele>
   </trkpt>
   <trkpt lat="46.2227750" lon="14.6167030">
    <ele>504.5</ele>
   </trkpt>
   <trkpt lat="46.2227850" lon="14.6166970">
    <ele>504.7</ele>
   </trkpt>
   <trkpt lat="46.2228000" lon="14.6166870">
    <ele>505.0</ele>
   </trkpt>
   <trkpt lat="46.2228130" lon="14.6166730">
    <ele>505.4</ele>
   </trkpt>
   <trkpt lat="46.2228280" lon="14.6166630">
    <ele>505.8</ele>
   </trkpt>
   <trkpt lat="46.2228450" lon="14.6166350">
    <ele>506.3</ele>
   </trkpt>
   <trkpt lat="46.2228600" lon="14.6166180">
    <ele>506.7</ele>
   </trkpt>
   <trkpt lat="46.2228670" lon="14.6166130">
    <ele>506.9</ele>
   </trkpt>
   <trkpt lat="46.2228780" lon="14.6166080">
    <ele>507.1</ele>
   </trkpt>
   <trkpt lat="46.2228880" lon="14.6165980">
    <ele>507.4</ele>
   </trkpt>
   <trkpt lat="46.2228980" lon="14.6165850">
    <ele>507.7</ele>
   </trkpt>
   <trkpt lat="46.2229070" lon="14.6165730">
    <ele>508.0</ele>
   </trkpt>
   <trkpt lat="46.2229170" lon="14.6165670">
    <ele>508.2</ele>
   </trkpt>
   <trkpt lat="46.2229270" lon="14.6165580">
    <ele>508.5</ele>
   </trkpt>
   <trkpt lat="46.2229370" lon="14.6165520">
    <ele>508.8</ele>
   </trkpt>
   <trkpt lat="46.2229480" lon="14.6165470">
    <ele>509.0</ele>
   </trkpt>
   <trkpt lat="46.2229630" lon="14.6165370">
    <ele>509.4</ele>
   </trkpt>
   <trkpt lat="46.2229720" lon="14.6165270">
    <ele>509.7</ele>
   </trkpt>
   <trkpt lat="46.2229830" lon="14.6165130">
    <ele>510.1</ele>
   </trkpt>
   <trkpt lat="46.2229930" lon="14.6165000">
    <ele>510.4</ele>
   </trkpt>
   <trkpt lat="46.2230030" lon="14.6164880">
    <ele>510.7</ele>
   </trkpt>
   <trkpt lat="46.2230080" lon="14.6164880">
    <ele>510.8</ele>
   </trkpt>
   <trkpt lat="46.2230120" lon="14.6164920">
    <ele>510.9</ele>
   </trkpt>
   <trkpt lat="46.2230170" lon="14.6165120">
    <ele>511.3</ele>
   </trkpt>
   <trkpt lat="46.2230180" lon="14.6165300">
    <ele>511.6</ele>
   </trkpt>
   <trkpt lat="46.2230180" lon="14.6165350">
    <ele>511.6</ele>
   </trkpt>
   <trkpt lat="46.2230130" lon="14.6165470">
    <ele>511.9</ele>
   </trkpt>
   <trkpt lat="46.2230120" lon="14.6165600">
    <ele>512.1</ele>
   </trkpt>
   <trkpt lat="46.2230080" lon="14.6165820">
    <ele>512.5</ele>
   </trkpt>
   <trkpt lat="46.2230120" lon="14.6166020">
    <ele>512.8</ele>
   </trkpt>
   <trkpt lat="46.2230130" lon="14.6166200">
    <ele>513.1</ele>
   </trkpt>
   <trkpt lat="46.2230170" lon="14.6166420">
    <ele>513.6</ele>
   </trkpt>
   <trkpt lat="46.2230170" lon="14.6166620">
    <ele>513.9</ele>
   </trkpt>
   <trkpt lat="46.2230200" lon="14.6166820">
    <ele>514.3</ele>
   </trkpt>
   <trkpt lat="46.2230220" lon="14.6166970">
    <ele>514.6</ele>
   </trkpt>
   <trkpt lat="46.2230230" lon="14.6167070">
    <ele>514.8</ele>
   </trkpt>
   <trkpt lat="46.2230250" lon="14.6167100">
    <ele>514.9</ele>
   </trkpt>
   <trkpt lat="46.2230230" lon="14.6167250">
    <ele>515.2</ele>
   </trkpt>
   <trkpt lat="46.2230250" lon="14.6167470">
    <ele>515.7</ele>
   </trkpt>
   <trkpt lat="46.2230220" lon="14.6167580">
    <ele>515.9</ele>
   </trkpt>
   <trkpt lat="46.2230250" lon="14.6167700">
    <ele>516.2</ele>
   </trkpt>
   <trkpt lat="46.2230270" lon="14.6167830">
    <ele>516.4</ele>
   </trkpt>
   <trkpt lat="46.2230300" lon="14.6168000">
    <ele>516.8</ele>
   </trkpt>
   <trkpt lat="46.2230270" lon="14.6168130">
    <ele>517.0</ele>
   </trkpt>
   <trkpt lat="46.2230230" lon="14.6168230">
    <ele>517.3</ele>
   </trkpt>
   <trkpt lat="46.2230130" lon="14.6168370">
    <ele>517.7</ele>
   </trkpt>
   <trkpt lat="46.2230080" lon="14.6168500">
    <ele>518.0</ele>
   </trkpt>
   <trkpt lat="46.2230050" lon="14.6168670">
    <ele>518.3</ele>
   </trkpt>
   <trkpt lat="46.2230050" lon="14.6168900">
    <ele>518.7</ele>
   </trkpt>
   <trkpt lat="46.2230080" lon="14.6169050">
    <ele>519.0</ele>
   </trkpt>
   <trkpt lat="46.2230150" lon="14.6169180">
    <ele>519.4</ele>
   </trkpt>
   <trkpt lat="46.2230200" lon="14.6169300">
    <ele>519.6</ele>
   </trkpt>
   <trkpt lat="46.2230300" lon="14.6169370">
    <ele>520.0</ele>
   </trkpt>
   <trkpt lat="46.2230400" lon="14.6169400">
    <ele>520.3</ele>
   </trkpt>
   <trkpt lat="46.2230500" lon="14.6169380">
    <ele>520.6</ele>
   </trkpt>
   <trkpt lat="46.2230580" lon="14.6169380">
    <ele>520.8</ele>
   </trkpt>
   <trkpt lat="46.2230700" lon="14.6169370">
    <ele>521.2</ele>
   </trkpt>
   <trkpt lat="46.2230780" lon="14.6169370">
    <ele>521.4</ele>
   </trkpt>
   <trkpt lat="46.2230850" lon="14.6169370">
    <ele>521.6</ele>
   </trkpt>
   <trkpt lat="46.2230900" lon="14.6169330">
    <ele>521.8</ele>
   </trkpt>
   <trkpt lat="46.2230950" lon="14.6169320">
    <ele>522.0</ele>
   </trkpt>
   <trkpt lat="46.2231000" lon="14.6169330">
    <ele>522.2</ele>
   </trkpt>
   <trkpt lat="46.2231030" lon="14.6169370">
    <ele>522.3</ele>
   </trkpt>
   <trkpt lat="46.2231020" lon="14.6169430">
    <ele>522.4</ele>
   </trkpt>
   <trkpt lat="46.2230920" lon="14.6169430">
    <ele>522.8</ele>
   </trkpt>
   <trkpt lat="46.2230900" lon="14.6169550">
    <ele>523.1</ele>
   </trkpt>
   <trkpt lat="46.2230870" lon="14.6169700">
    <ele>523.4</ele>
   </trkpt>
   <trkpt lat="46.2230850" lon="14.6169930">
    <ele>524.0</ele>
   </trkpt>
   <trkpt lat="46.2230830" lon="14.6170130">
    <ele>524.5</ele>
   </trkpt>
   <trkpt lat="46.2230770" lon="14.6170300">
    <ele>524.9</ele>
   </trkpt>
   <trkpt lat="46.2230700" lon="14.6170380">
    <ele>525.2</ele>
   </trkpt>
   <trkpt lat="46.2230650" lon="14.6170470">
    <ele>525.5</ele>
   </trkpt>
   <trkpt lat="46.2230580" lon="14.6170580">
    <ele>525.8</ele>
   </trkpt>
   <trkpt lat="46.2230480" lon="14.6170630">
    <ele>526.2</ele>
   </trkpt>
   <trkpt lat="46.2230400" lon="14.6170700">
    <ele>526.5</ele>
   </trkpt>
   <trkpt lat="46.2230350" lon="14.6170820">
    <ele>526.8</ele>
   </trkpt>
   <trkpt lat="46.2230300" lon="14.6171030">
    <ele>527.4</ele>
   </trkpt>
   <trkpt lat="46.2230300" lon="14.6171250">
    <ele>527.9</ele>
   </trkpt>
   <trkpt lat="46.2230330" lon="14.6171400">
    <ele>528.2</ele>
   </trkpt>
   <trkpt lat="46.2230320" lon="14.6171600">
    <ele>528.7</ele>
   </trkpt>
   <trkpt lat="46.2230320" lon="14.6171680">
    <ele>528.8</ele>
   </trkpt>
   <trkpt lat="46.2230320" lon="14.6171720">
    <ele>528.9</ele>
   </trkpt>
   <trkpt lat="46.2230450" lon="14.6171870">
    <ele>529.4</ele>
   </trkpt>
   <trkpt lat="46.2230530" lon="14.6172100">
    <ele>530.0</ele>
   </trkpt>
   <trkpt lat="46.2230550" lon="14.6172370">
    <ele>530.5</ele>
   </trkpt>
   <trkpt lat="46.2230550" lon="14.6172550">
    <ele>530.9</ele>
   </trkpt>
   <trkpt lat="46.2230580" lon="14.6172720">
    <ele>531.2</ele>
   </trkpt>
   <trkpt lat="46.2230550" lon="14.6172980">
    <ele>531.7</ele>
   </trkpt>
   <trkpt lat="46.2230530" lon="14.6173220">
    <ele>532.1</ele>
   </trkpt>
   <trkpt lat="46.2230500" lon="14.6173430">
    <ele>532.5</ele>
   </trkpt>
   <trkpt lat="46.2230500" lon="14.6173700">
    <ele>532.9</ele>
   </trkpt>
   <trkpt lat="46.2230470" lon="14.6173880">
    <ele>533.2</ele>
   </trkpt>
   <trkpt lat="46.2230470" lon="14.6174070">
    <ele>533.5</ele>
   </trkpt>
   <trkpt lat="46.2230470" lon="14.6174370">
    <ele>534.0</ele>
   </trkpt>
   <trkpt lat="46.2230470" lon="14.6174600">
    <ele>534.4</ele>
   </trkpt>
   <trkpt lat="46.2230480" lon="14.6174870">
    <ele>534.9</ele>
   </trkpt>
   <trkpt lat="46.2230570" lon="14.6175120">
    <ele>535.4</ele>
   </trkpt>
   <trkpt lat="46.2230650" lon="14.6175350">
    <ele>535.8</ele>
   </trkpt>
   <trkpt lat="46.2230820" lon="14.6175470">
    <ele>536.2</ele>
   </trkpt>
   <trkpt lat="46.2230870" lon="14.6175520">
    <ele>536.4</ele>
   </trkpt>
   <trkpt lat="46.2230880" lon="14.6175520">
    <ele>536.4</ele>
   </trkpt>
   <trkpt lat="46.2230930" lon="14.6175480">
    <ele>536.6</ele>
   </trkpt>
   <trkpt lat="46.2231050" lon="14.6175420">
    <ele>537.0</ele>
   </trkpt>
   <trkpt lat="46.2231180" lon="14.6175370">
    <ele>537.5</ele>
   </trkpt>
   <trkpt lat="46.2231300" lon="14.6175380">
    <ele>537.8</ele>
   </trkpt>
   <trkpt lat="46.2231350" lon="14.6175480">
    <ele>538.1</ele>
   </trkpt>
   <trkpt lat="46.2231380" lon="14.6175630">
    <ele>538.5</ele>
   </trkpt>
   <trkpt lat="46.2231430" lon="14.6175780">
    <ele>538.9</ele>
   </trkpt>
   <trkpt lat="46.2231500" lon="14.6175880">
    <ele>539.2</ele>
   </trkpt>
   <trkpt lat="46.2231600" lon="14.6176000">
    <ele>539.6</ele>
   </trkpt>
   <trkpt lat="46.2231650" lon="14.6176120">
    <ele>539.9</ele>
   </trkpt>
   <trkpt lat="46.2231780" lon="14.6176200">
    <ele>540.4</ele>
   </trkpt>
   <trkpt lat="46.2231870" lon="14.6176280">
    <ele>540.7</ele>
   </trkpt>
   <trkpt lat="46.2231970" lon="14.6176330">
    <ele>541.1</ele>
   </trkpt>
   <trkpt lat="46.2232030" lon="14.6176430">
    <ele>541.3</ele>
   </trkpt>
   <trkpt lat="46.2232080" lon="14.6176570">
    <ele>541.7</ele>
   </trkpt>
   <trkpt lat="46.2232150" lon="14.6176650">
    <ele>541.9</ele>
   </trkpt>
   <trkpt lat="46.2232220" lon="14.6176720">
    <ele>542.2</ele>
   </trkpt>
   <trkpt lat="46.2232320" lon="14.6176770">
    <ele>542.5</ele>
   </trkpt>
   <trkpt lat="46.2232400" lon="14.6176820">
    <ele>542.7</ele>
   </trkpt>
   <trkpt lat="46.2232520" lon="14.6176850">
    <ele>543.1</ele>
   </trkpt>
   <trkpt lat="46.2232650" lon="14.6176800">
    <ele>543.5</ele>
   </trkpt>
   <trkpt lat="46.2232730" lon="14.6176730">
    <ele>543.8</ele>
   </trkpt>
   <trkpt lat="46.2232820" lon="14.6176650">
    <ele>544.1</ele>
   </trkpt>
   <trkpt lat="46.2232850" lon="14.6176520">
    <ele>544.4</ele>
   </trkpt>
   <trkpt lat="46.2232850" lon="14.6176370">
    <ele>544.7</ele>
   </trkpt>
   <trkpt lat="46.2232880" lon="14.6176270">
    <ele>544.9</ele>
   </trkpt>
   <trkpt lat="46.2232950" lon="14.6176200">
    <ele>545.2</ele>
   </trkpt>
   <trkpt lat="46.2233020" lon="14.6176100">
    <ele>545.5</ele>
   </trkpt>
   <trkpt lat="46.2233080" lon="14.6176020">
    <ele>545.8</ele>
   </trkpt>
   <trkpt lat="46.2233180" lon="14.6175930">
    <ele>546.1</ele>
   </trkpt>
   <trkpt lat="46.2233330" lon="14.6175870">
    <ele>546.7</ele>
   </trkpt>
   <trkpt lat="46.2233420" lon="14.6175800">
    <ele>547.0</ele>
   </trkpt>
   <trkpt lat="46.2233520" lon="14.6175750">
    <ele>547.4</ele>
   </trkpt>
   <trkpt lat="46.2233650" lon="14.6175780">
    <ele>547.8</ele>
   </trkpt>
   <trkpt lat="46.2233730" lon="14.6175850">
    <ele>548.2</ele>
   </trkpt>
   <trkpt lat="46.2233870" lon="14.6175880">
    <ele>548.6</ele>
   </trkpt>
   <trkpt lat="46.2233970" lon="14.6176080">
    <ele>549.2</ele>
   </trkpt>
   <trkpt lat="46.2234050" lon="14.6176270">
    <ele>549.8</ele>
   </trkpt>
   <trkpt lat="46.2234170" lon="14.6176420">
    <ele>550.3</ele>
   </trkpt>
   <trkpt lat="46.2234250" lon="14.6176480">
    <ele>550.6</ele>
   </trkpt>
   <trkpt lat="46.2234330" lon="14.6176520">
    <ele>550.9</ele>
   </trkpt>
   <trkpt lat="46.2234420" lon="14.6176500">
    <ele>551.2</ele>
   </trkpt>
   <trkpt lat="46.2234520" lon="14.6176480">
    <ele>551.6</ele>
   </trkpt>
   <trkpt lat="46.2234580" lon="14.6176450">
    <ele>551.8</ele>
   </trkpt>
   <trkpt lat="46.2234670" lon="14.6176420">
    <ele>552.2</ele>
   </trkpt>
   <trkpt lat="46.2234680" lon="14.6176430">
    <ele>552.2</ele>
   </trkpt>
   <trkpt lat="46.2234670" lon="14.6176400">
    <ele>552.3</ele>
   </trkpt>
   <trkpt lat="46.2234630" lon="14.6176370">
    <ele>552.4</ele>
   </trkpt>
   <trkpt lat="46.2234630" lon="14.6176370">
    <ele>552.4</ele>
   </trkpt>
   <trkpt lat="46.2234680" lon="14.6176320">
    <ele>552.7</ele>
   </trkpt>
   <trkpt lat="46.2234820" lon="14.6176250">
    <ele>553.2</ele>
   </trkpt>
   <trkpt lat="46.2234930" lon="14.6176150">
    <ele>553.7</ele>
   </trkpt>
   <trkpt lat="46.2235020" lon="14.6176070">
    <ele>554.1</ele>
   </trkpt>
   <trkpt lat="46.2235050" lon="14.6175930">
    <ele>554.5</ele>
   </trkpt>
   <trkpt lat="46.2235030" lon="14.6175680">
    <ele>555.2</ele>
   </trkpt>
   <trkpt lat="46.2235020" lon="14.6175520">
    <ele>555.7</ele>
   </trkpt>
   <trkpt lat="46.2235000" lon="14.6175400">
    <ele>556.0</ele>
   </trkpt>
   <trkpt lat="46.2235020" lon="14.6175320">
    <ele>556.3</ele>
   </trkpt>
   <trkpt lat="46.2235030" lon="14.6175270">
    <ele>556.4</ele>
   </trkpt>
   <trkpt lat="46.2235070" lon="14.6175150">
    <ele>556.8</ele>
   </trkpt>
   <trkpt lat="46.2235130" lon="14.6175030">
    <ele>557.2</ele>
   </trkpt>
   <trkpt lat="46.2235250" lon="14.6174930">
    <ele>557.8</ele>
   </trkpt>
   <trkpt lat="46.2235400" lon="14.6174850">
    <ele>558.4</ele>
   </trkpt>
   <trkpt lat="46.2235550" lon="14.6174780">
    <ele>559.0</ele>
   </trkpt>
   <trkpt lat="46.2235650" lon="14.6174650">
    <ele>559.6</ele>
   </trkpt>
   <trkpt lat="46.2235680" lon="14.6174620">
    <ele>559.7</ele>
   </trkpt>
   <trkpt lat="46.2235750" lon="14.6174670">
    <ele>560.1</ele>
   </trkpt>
   <trkpt lat="46.2235830" lon="14.6174670">
    <ele>560.4</ele>
   </trkpt>
   <trkpt lat="46.2235830" lon="14.6174870">
    <ele>560.9</ele>
   </trkpt>
   <trkpt lat="46.2235820" lon="14.6175120">
    <ele>561.6</ele>
   </trkpt>
   <trkpt lat="46.2235850" lon="14.6175330">
    <ele>562.2</ele>
   </trkpt>
   <trkpt lat="46.2235900" lon="14.6175450">
    <ele>562.6</ele>
   </trkpt>
   <trkpt lat="46.2235930" lon="14.6175550">
    <ele>562.9</ele>
   </trkpt>
   <trkpt lat="46.2235950" lon="14.6175630">
    <ele>563.1</ele>
   </trkpt>
   <trkpt lat="46.2236000" lon="14.6175730">
    <ele>563.4</ele>
   </trkpt>
   <trkpt lat="46.2236050" lon="14.6175820">
    <ele>563.7</ele>
   </trkpt>
   <trkpt lat="46.2236070" lon="14.6175930">
    <ele>564.0</ele>
   </trkpt>
   <trkpt lat="46.2236100" lon="14.6176030">
    <ele>564.3</ele>
   </trkpt>
   <trkpt lat="46.2236130" lon="14.6176070">
    <ele>564.5</ele>
   </trkpt>
   <trkpt lat="46.2236200" lon="14.6176000">
    <ele>564.8</ele>
   </trkpt>
   <trkpt lat="46.2236280" lon="14.6175900">
    <ele>565.2</ele>
   </trkpt>
   <trkpt lat="46.2236380" lon="14.6175730">
    <ele>565.8</ele>
   </trkpt>
   <trkpt lat="46.2236480" lon="14.6175570">
    <ele>566.3</ele>
   </trkpt>
   <trkpt lat="46.2236570" lon="14.6175470">
    <ele>566.7</ele>
   </trkpt>
   <trkpt lat="46.2236670" lon="14.6175370">
    <ele>567.2</ele>
   </trkpt>
   <trkpt lat="46.2236770" lon="14.6175220">
    <ele>567.7</ele>
   </trkpt>
   <trkpt lat="46.2236870" lon="14.6175120">
    <ele>568.1</ele>
   </trkpt>
   <trkpt lat="46.2237000" lon="14.6175050">
    <ele>568.6</ele>
   </trkpt>
   <trkpt lat="46.2237170" lon="14.6175020">
    <ele>569.2</ele>
   </trkpt>
   <trkpt lat="46.2237300" lon="14.6174970">
    <ele>569.7</ele>
   </trkpt>
   <trkpt lat="46.2237400" lon="14.6174870">
    <ele>570.1</ele>
   </trkpt>
   <trkpt lat="46.2237470" lon="14.6174770">
    <ele>570.4</ele>
   </trkpt>
   <trkpt lat="46.2237500" lon="14.6174620">
    <ele>570.8</ele>
   </trkpt>
   <trkpt lat="46.2237420" lon="14.6174350">
    <ele>571.5</ele>
   </trkpt>
   <trkpt lat="46.2237350" lon="14.6174130">
    <ele>572.0</ele>
   </trkpt>
   <trkpt lat="46.2237300" lon="14.6173850">
    <ele>572.6</ele>
   </trkpt>
   <trkpt lat="46.2237230" lon="14.6173600">
    <ele>573.2</ele>
   </trkpt>
   <trkpt lat="46.2237150" lon="14.6173350">
    <ele>573.9</ele>
   </trkpt>
   <trkpt lat="46.2237080" lon="14.6173080">
    <ele>574.5</ele>
   </trkpt>
   <trkpt lat="46.2237100" lon="14.6172820">
    <ele>575.1</ele>
   </trkpt>
   <trkpt lat="46.2237130" lon="14.6172670">
    <ele>575.4</ele>
   </trkpt>
   <trkpt lat="46.2237150" lon="14.6172500">
    <ele>575.9</ele>
   </trkpt>
   <trkpt lat="46.2237170" lon="14.6172320">
    <ele>576.3</ele>
   </trkpt>
   <trkpt lat="46.2237220" lon="14.6172150">
    <ele>576.7</ele>
   </trkpt>
   <trkpt lat="46.2237280" lon="14.6172000">
    <ele>577.1</ele>
   </trkpt>
   <trkpt lat="46.2237350" lon="14.6171850">
    <ele>577.6</ele>
   </trkpt>
   <trkpt lat="46.2237420" lon="14.6171780">
    <ele>577.8</ele>
   </trkpt>
   <trkpt lat="46.2237530" lon="14.6171720">
    <ele>578.2</ele>
   </trkpt>
   <trkpt lat="46.2237680" lon="14.6171650">
    <ele>578.8</ele>
   </trkpt>
   <trkpt lat="46.2237780" lon="14.6171530">
    <ele>579.2</ele>
   </trkpt>
   <trkpt lat="46.2237850" lon="14.6171400">
    <ele>579.6</ele>
   </trkpt>
   <trkpt lat="46.2237880" lon="14.6171120">
    <ele>580.2</ele>
   </trkpt>
   <trkpt lat="46.2237930" lon="14.6170900">
    <ele>580.7</ele>
   </trkpt>
   <trkpt lat="46.2238020" lon="14.6170720">
    <ele>581.2</ele>
   </trkpt>
   <trkpt lat="46.2238120" lon="14.6170570">
    <ele>581.6</ele>
   </trkpt>
   <trkpt lat="46.2238200" lon="14.6170380">
    <ele>582.0</ele>
   </trkpt>
   <trkpt lat="46.2238330" lon="14.6170220">
    <ele>582.4</ele>
   </trkpt>
   <trkpt lat="46.2238450" lon="14.6170150">
    <ele>582.7</ele>
   </trkpt>
   <trkpt lat="46.2238600" lon="14.6170080">
    <ele>583.1</ele>
   </trkpt>
   <trkpt lat="46.2238750" lon="14.6170050">
    <ele>583.5</ele>
   </trkpt>
   <trkpt lat="46.2238950" lon="14.6170030">
    <ele>583.9</ele>
   </trkpt>
   <trkpt lat="46.2239050" lon="14.6170030">
    <ele>584.1</ele>
   </trkpt>
   <trkpt lat="46.2239170" lon="14.6170050">
    <ele>584.3</ele>
   </trkpt>
   <trkpt lat="46.2239350" lon="14.6170080">
    <ele>584.7</ele>
   </trkpt>
   <trkpt lat="46.2239530" lon="14.6170230">
    <ele>585.0</ele>
   </trkpt>
   <trkpt lat="46.2239770" lon="14.6170480">
    <ele>585.2</ele>
   </trkpt>
   <trkpt lat="46.2239950" lon="14.6170770">
    <ele>585.2</ele>
   </trkpt>
   <trkpt lat="46.2240120" lon="14.6171080">
    <ele>585.2</ele>
   </trkpt>
   <trkpt lat="46.2240220" lon="14.6171380">
    <ele>585.2</ele>
   </trkpt>
   <trkpt lat="46.2240270" lon="14.6171620">
    <ele>585.2</ele>
   </trkpt>
   <trkpt lat="46.2240280" lon="14.6171800">
    <ele>585.2</ele>
   </trkpt>
   <trkpt lat="46.2240350" lon="14.6171950">
    <ele>585.2</ele>
   </trkpt>
   <trkpt lat="46.2240420" lon="14.6172070">
    <ele>585.2</ele>
   </trkpt>
   <trkpt lat="46.2240470" lon="14.6172170">
    <ele>585.2</ele>
   </trkpt>
   <trkpt lat="46.2240480" lon="14.6172270">
    <ele>585.2</ele>
   </trkpt>
   <trkpt lat="46.2240500" lon="14.6172350">
    <ele>585.2</ele>
   </trkpt>
   <trkpt lat="46.2240480" lon="14.6172420">
    <ele>585.1</ele>
   </trkpt>
   <trkpt lat="46.2240450" lon="14.6172520">
    <ele>585.1</ele>
   </trkpt>
   <trkpt lat="46.2240470" lon="14.6172720">
    <ele>585.0</ele>
   </trkpt>
   <trkpt lat="46.2240530" lon="14.6172930">
    <ele>584.8</ele>
   </trkpt>
   <trkpt lat="46.2240570" lon="14.6173280">
    <ele>584.5</ele>
   </trkpt>
   <trkpt lat="46.2240580" lon="14.6173720">
    <ele>584.2</ele>
   </trkpt>
   <trkpt lat="46.2240620" lon="14.6174180">
    <ele>583.8</ele>
   </trkpt>
   <trkpt lat="46.2240630" lon="14.6174730">
    <ele>583.4</ele>
   </trkpt>
   <trkpt lat="46.2240580" lon="14.6175230">
    <ele>582.9</ele>
   </trkpt>
   <trkpt lat="46.2240570" lon="14.6175600">
    <ele>582.6</ele>
   </trkpt>
   <trkpt lat="46.2240580" lon="14.6175950">
    <ele>582.3</ele>
   </trkpt>
   <trkpt lat="46.2240680" lon="14.6176100">
    <ele>582.2</ele>
   </trkpt>
   <trkpt lat="46.2240900" lon="14.6176030">
    <ele>581.8</ele>
   </trkpt>
   <trkpt lat="46.2241070" lon="14.6175820">
    <ele>581.3</ele>
   </trkpt>
   <trkpt lat="46.2241250" lon="14.6175480">
    <ele>580.7</ele>
   </trkpt>
   <trkpt lat="46.2241500" lon="14.6175150">
    <ele>580.0</ele>
   </trkpt>
   <trkpt lat="46.2241650" lon="14.6175070">
    <ele>579.7</ele>
   </trkpt>
   <trkpt lat="46.2241730" lon="14.6175320">
    <ele>579.4</ele>
   </trkpt>
   <trkpt lat="46.2241910" lon="14.6176180">
    <ele>576.6</ele>
   </trkpt>
   <trkpt lat="46.2241950" lon="14.6176640">
    <ele>576.1</ele>
   </trkpt>
   <trkpt lat="46.2241980" lon="14.6177090">
    <ele>575.5</ele>
   </trkpt>
   <trkpt lat="46.2242020" lon="14.6177550">
    <ele>574.9</ele>
   </trkpt>
   <trkpt lat="46.2241920" lon="14.6178270">
    <ele>574.0</ele>
   </trkpt>
   <trkpt lat="46.2241850" lon="14.6178980">
    <ele>573.0</ele>
   </trkpt>
   <trkpt lat="46.2241820" lon="14.6179700">
    <ele>572.1</ele>
   </trkpt>
   <trkpt lat="46.2241800" lon="14.6180350">
    <ele>571.3</ele>
   </trkpt>
   <trkpt lat="46.2241770" lon="14.6181030">
    <ele>570.4</ele>
   </trkpt>
   <trkpt lat="46.2241730" lon="14.6181750">
    <ele>569.4</ele>
   </trkpt>
   <trkpt lat="46.2241680" lon="14.6182500">
    <ele>568.5</ele>
   </trkpt>
   <trkpt lat="46.2241520" lon="14.6183230">
    <ele>567.7</ele>
   </trkpt>
   <trkpt lat="46.2241250" lon="14.6183820">
    <ele>566.6</ele>
   </trkpt>
   <trkpt lat="46.2240950" lon="14.6184230">
    <ele>565.7</ele>
   </trkpt>
   <trkpt lat="46.2240450" lon="14.6184730">
    <ele>564.5</ele>
   </trkpt>
   <trkpt lat="46.2239750" lon="14.6185200">
    <ele>563.1</ele>
   </trkpt>
   <trkpt lat="46.2239270" lon="14.6185420">
    <ele>562.4</ele>
   </trkpt>
   <trkpt lat="46.2238670" lon="14.6185570">
    <ele>561.6</ele>
   </trkpt>
   <trkpt lat="46.2238100" lon="14.6185770">
    <ele>560.8</ele>
   </trkpt>
   <trkpt lat="46.2237770" lon="14.6185920">
    <ele>560.3</ele>
   </trkpt>
   <trkpt lat="46.2237480" lon="14.6186130">
    <ele>559.9</ele>
   </trkpt>
   <trkpt lat="46.2237270" lon="14.6186380">
    <ele>559.6</ele>
   </trkpt>
   <trkpt lat="46.2236980" lon="14.6186750">
    <ele>559.0</ele>
   </trkpt>
   <trkpt lat="46.2236680" lon="14.6187280">
    <ele>558.4</ele>
   </trkpt>
   <trkpt lat="46.2236470" lon="14.6187830">
    <ele>557.7</ele>
   </trkpt>
   <trkpt lat="46.2236320" lon="14.6188300">
    <ele>557.2</ele>
   </trkpt>
   <trkpt lat="46.2236200" lon="14.6188920">
    <ele>556.7</ele>
   </trkpt>
   <trkpt lat="46.2236150" lon="14.6189550">
    <ele>556.2</ele>
   </trkpt>
   <trkpt lat="46.2236120" lon="14.6190250">
    <ele>555.7</ele>
   </trkpt>
   <trkpt lat="46.2236130" lon="14.6191130">
    <ele>555.4</ele>
   </trkpt>
   <trkpt lat="46.2236150" lon="14.6191880">
    <ele>555.2</ele>
   </trkpt>
   <trkpt lat="46.2236150" lon="14.6192480">
    <ele>555.2</ele>
   </trkpt>
   <trkpt lat="46.2236150" lon="14.6193400">
    <ele>555.7</ele>
   </trkpt>
   <trkpt lat="46.2236070" lon="14.6194080">
    <ele>556.2</ele>
   </trkpt>
   <trkpt lat="46.2235980" lon="14.6194720">
    <ele>556.7</ele>
   </trkpt>
   <trkpt lat="46.2235920" lon="14.6195300">
    <ele>557.2</ele>
   </trkpt>
   <trkpt lat="46.2235850" lon="14.6195850">
    <ele>557.7</ele>
   </trkpt>
   <trkpt lat="46.2235700" lon="14.6196350">
    <ele>558.2</ele>
   </trkpt>
   <trkpt lat="46.2235580" lon="14.6196870">
    <ele>558.7</ele>
   </trkpt>
   <trkpt lat="46.2235480" lon="14.6197370">
    <ele>558.8</ele>
   </trkpt>
   <trkpt lat="46.2235400" lon="14.6197870">
    <ele>558.9</ele>
   </trkpt>
   <trkpt lat="46.2235450" lon="14.6198300">
    <ele>559.0</ele>
   </trkpt>
   <trkpt lat="46.2235500" lon="14.6198680">
    <ele>559.1</ele>
   </trkpt>
   <trkpt lat="46.2235520" lon="14.6199030">
    <ele>559.2</ele>
   </trkpt>
   <trkpt lat="46.2235580" lon="14.6199330">
    <ele>559.2</ele>
   </trkpt>
   <trkpt lat="46.2235850" lon="14.6199550">
    <ele>559.3</ele>
   </trkpt>
   <trkpt lat="46.2236070" lon="14.6199800">
    <ele>559.4</ele>
   </trkpt>
   <trkpt lat="46.2236420" lon="14.6200220">
    <ele>559.6</ele>
   </trkpt>
   <trkpt lat="46.2236630" lon="14.6200550">
    <ele>559.7</ele>
   </trkpt>
   <trkpt lat="46.2236880" lon="14.6200970">
    <ele>559.7</ele>
   </trkpt>
   <trkpt lat="46.2237100" lon="14.6201430">
    <ele>559.7</ele>
   </trkpt>
   <trkpt lat="46.2237250" lon="14.6201870">
    <ele>559.7</ele>
   </trkpt>
   <trkpt lat="46.2237380" lon="14.6202230">
    <ele>559.6</ele>
   </trkpt>
   <trkpt lat="46.2237550" lon="14.6202700">
    <ele>559.5</ele>
   </trkpt>
   <trkpt lat="46.2237780" lon="14.6203170">
    <ele>559.3</ele>
   </trkpt>
   <trkpt lat="46.2238000" lon="14.6203670">
    <ele>559.1</ele>
   </trkpt>
   <trkpt lat="46.2238180" lon="14.6204220">
    <ele>558.8</ele>
   </trkpt>
   <trkpt lat="46.2238370" lon="14.6204820">
    <ele>558.5</ele>
   </trkpt>
   <trkpt lat="46.2238670" lon="14.6205330">
    <ele>558.5</ele>
   </trkpt>
   <trkpt lat="46.2238970" lon="14.6205970">
    <ele>558.5</ele>
   </trkpt>
   <trkpt lat="46.2239220" lon="14.6206370">
    <ele>558.4</ele>
   </trkpt>
   <trkpt lat="46.2239570" lon="14.6206830">
    <ele>558.2</ele>
   </trkpt>
   <trkpt lat="46.2239950" lon="14.6207330">
    <ele>558.0</ele>
   </trkpt>
   <trkpt lat="46.2240220" lon="14.6207900">
    <ele>557.8</ele>
   </trkpt>
   <trkpt lat="46.2240420" lon="14.6208480">
    <ele>557.6</ele>
   </trkpt>
   <trkpt lat="46.2240620" lon="14.6209080">
    <ele>557.4</ele>
   </trkpt>
   <trkpt lat="46.2240770" lon="14.6209680">
    <ele>557.2</ele>
   </trkpt>
   <trkpt lat="46.2240920" lon="14.6210270">
    <ele>557.0</ele>
   </trkpt>
   <trkpt lat="46.2241030" lon="14.6210920">
    <ele>556.8</ele>
   </trkpt>
   <trkpt lat="46.2241250" lon="14.6211500">
    <ele>556.5</ele>
   </trkpt>
   <trkpt lat="46.2241430" lon="14.6212170">
    <ele>556.3</ele>
   </trkpt>
   <trkpt lat="46.2241550" lon="14.6212820">
    <ele>556.1</ele>
   </trkpt>
   <trkpt lat="46.2241550" lon="14.6213500">
    <ele>556.0</ele>
   </trkpt>
   <trkpt lat="46.2241500" lon="14.6214150">
    <ele>555.9</ele>
   </trkpt>
   <trkpt lat="46.2241520" lon="14.6214780">
    <ele>555.8</ele>
   </trkpt>
   <trkpt lat="46.2241570" lon="14.6215380">
    <ele>554.8</ele>
   </trkpt>
   <trkpt lat="46.2241680" lon="14.6215880">
    <ele>554.0</ele>
   </trkpt>
   <trkpt lat="46.2241850" lon="14.6216350">
    <ele>553.1</ele>
   </trkpt>
   <trkpt lat="46.2242020" lon="14.6216580">
    <ele>552.6</ele>
   </trkpt>
   <trkpt lat="46.2242230" lon="14.6216870">
    <ele>551.9</ele>
   </trkpt>
   <trkpt lat="46.2242470" lon="14.6217170">
    <ele>551.1</ele>
   </trkpt>
   <trkpt lat="46.2242650" lon="14.6217470">
    <ele>550.4</ele>
   </trkpt>
   <trkpt lat="46.2242900" lon="14.6217800">
    <ele>549.5</ele>
   </trkpt>
   <trkpt lat="46.2243220" lon="14.6218120">
    <ele>548.5</ele>
   </trkpt>
   <trkpt lat="46.2243530" lon="14.6218530">
    <ele>547.3</ele>
   </trkpt>
   <trkpt lat="46.2243780" lon="14.6218770">
    <ele>546.5</ele>
   </trkpt>
   <trkpt lat="46.2244050" lon="14.6218980">
    <ele>545.6</ele>
   </trkpt>
   <trkpt lat="46.2244420" lon="14.6219230">
    <ele>544.5</ele>
   </trkpt>
   <trkpt lat="46.2244670" lon="14.6219430">
    <ele>543.8</ele>
   </trkpt>
   <trkpt lat="46.2244950" lon="14.6219500">
    <ele>543.1</ele>
   </trkpt>
   <trkpt lat="46.2245230" lon="14.6219380">
    <ele>542.4</ele>
   </trkpt>
   <trkpt lat="46.2245520" lon="14.6219130">
    <ele>541.6</ele>
   </trkpt>
   <trkpt lat="46.2245880" lon="14.6218850">
    <ele>540.7</ele>
   </trkpt>
   <trkpt lat="46.2246170" lon="14.6218680">
    <ele>540.0</ele>
   </trkpt>
   <trkpt lat="46.2246520" lon="14.6218530">
    <ele>539.1</ele>
   </trkpt>
   <trkpt lat="46.2246900" lon="14.6218400">
    <ele>538.0</ele>
   </trkpt>
   <trkpt lat="46.2247270" lon="14.6218230">
    <ele>536.9</ele>
   </trkpt>
   <trkpt lat="46.2247600" lon="14.6218080">
    <ele>535.8</ele>
   </trkpt>
   <trkpt lat="46.2247950" lon="14.6217900">
    <ele>534.7</ele>
   </trkpt>
   <trkpt lat="46.2248220" lon="14.6217700">
    <ele>533.8</ele>
   </trkpt>
   <trkpt lat="46.2248480" lon="14.6217500">
    <ele>533.0</ele>
   </trkpt>
   <trkpt lat="46.2248720" lon="14.6217330">
    <ele>532.4</ele>
   </trkpt>
   <trkpt lat="46.2249020" lon="14.6217170">
    <ele>532.1</ele>
   </trkpt>
   <trkpt lat="46.2249330" lon="14.6217050">
    <ele>531.7</ele>
   </trkpt>
   <trkpt lat="46.2249600" lon="14.6217000">
    <ele>530.6</ele>
   </trkpt>
   <trkpt lat="46.2249870" lon="14.6217080">
    <ele>529.7</ele>
   </trkpt>
   <trkpt lat="46.2250180" lon="14.6217230">
    <ele>528.8</ele>
   </trkpt>
   <trkpt lat="46.2250450" lon="14.6217520">
    <ele>527.8</ele>
   </trkpt>
   <trkpt lat="46.2250500" lon="14.6217970">
    <ele>527.0</ele>
   </trkpt>
   <trkpt lat="46.2250630" lon="14.6218420">
    <ele>526.2</ele>
   </trkpt>
   <trkpt lat="46.2250750" lon="14.6219030">
    <ele>525.2</ele>
   </trkpt>
   <trkpt lat="46.2250870" lon="14.6219680">
    <ele>524.3</ele>
   </trkpt>
   <trkpt lat="46.2250930" lon="14.6220420">
    <ele>523.5</ele>
   </trkpt>
   <trkpt lat="46.2251000" lon="14.6220930">
    <ele>523.0</ele>
   </trkpt>
   <trkpt lat="46.2251120" lon="14.6221520">
    <ele>522.5</ele>
   </trkpt>
   <trkpt lat="46.2251280" lon="14.6221980">
    <ele>522.0</ele>
   </trkpt>
   <trkpt lat="46.2251520" lon="14.6222570">
    <ele>521.4</ele>
   </trkpt>
   <trkpt lat="46.2251720" lon="14.6223020">
    <ele>520.9</ele>
   </trkpt>
   <trkpt lat="46.2251770" lon="14.6223480">
    <ele>520.5</ele>
   </trkpt>
   <trkpt lat="46.2251880" lon="14.6223920">
    <ele>519.9</ele>
   </trkpt>
   <trkpt lat="46.2252000" lon="14.6224230">
    <ele>519.5</ele>
   </trkpt>
   <trkpt lat="46.2252150" lon="14.6224620">
    <ele>518.9</ele>
   </trkpt>
   <trkpt lat="46.2252280" lon="14.6225130">
    <ele>518.0</ele>
   </trkpt>
   <trkpt lat="46.2252500" lon="14.6225630">
    <ele>517.0</ele>
   </trkpt>
   <trkpt lat="46.2252670" lon="14.6226030">
    <ele>516.1</ele>
   </trkpt>
   <trkpt lat="46.2252900" lon="14.6226420">
    <ele>515.0</ele>
   </trkpt>
   <trkpt lat="46.2253170" lon="14.6226930">
    <ele>513.5</ele>
   </trkpt>
   <trkpt lat="46.2253320" lon="14.6227200">
    <ele>512.7</ele>
   </trkpt>
   <trkpt lat="46.2253520" lon="14.6227570">
    <ele>511.4</ele>
   </trkpt>
   <trkpt lat="46.2253630" lon="14.6227750">
    <ele>510.8</ele>
   </trkpt>
   <trkpt lat="46.2253770" lon="14.6228100">
    <ele>509.7</ele>
   </trkpt>
   <trkpt lat="46.2253880" lon="14.6228500">
    <ele>508.5</ele>
   </trkpt>
   <trkpt lat="46.2254050" lon="14.6228980">
    <ele>507.0</ele>
   </trkpt>
   <trkpt lat="46.2254180" lon="14.6229500">
    <ele>505.7</ele>
   </trkpt>
   <trkpt lat="46.2254400" lon="14.6230080">
    <ele>504.3</ele>
   </trkpt>
   <trkpt lat="46.2254720" lon="14.6230730">
    <ele>503.1</ele>
   </trkpt>
   <trkpt lat="46.2255220" lon="14.6231370">
    <ele>502.1</ele>
   </trkpt>
   <trkpt lat="46.2255450" lon="14.6231830">
    <ele>501.6</ele>
   </trkpt>
   <trkpt lat="46.2255700" lon="14.6232250">
    <ele>501.3</ele>
   </trkpt>
   <trkpt lat="46.2255850" lon="14.6232620">
    <ele>501.0</ele>
   </trkpt>
   <trkpt lat="46.2255980" lon="14.6232920">
    <ele>500.7</ele>
   </trkpt>
   <trkpt lat="46.2256180" lon="14.6233080">
    <ele>500.4</ele>
   </trkpt>
   <trkpt lat="46.2256280" lon="14.6233170">
    <ele>500.2</ele>
   </trkpt>
   <trkpt lat="46.2256430" lon="14.6233270">
    <ele>499.9</ele>
   </trkpt>
   <trkpt lat="46.2256700" lon="14.6233280">
    <ele>499.5</ele>
   </trkpt>
   <trkpt lat="46.2256900" lon="14.6233270">
    <ele>499.1</ele>
   </trkpt>
   <trkpt lat="46.2257070" lon="14.6233400">
    <ele>498.6</ele>
   </trkpt>
   <trkpt lat="46.2257300" lon="14.6233650">
    <ele>498.0</ele>
   </trkpt>
   <trkpt lat="46.2257470" lon="14.6234030">
    <ele>497.1</ele>
   </trkpt>
   <trkpt lat="46.2257630" lon="14.6234420">
    <ele>496.3</ele>
   </trkpt>
   <trkpt lat="46.2257780" lon="14.6234820">
    <ele>495.3</ele>
   </trkpt>
   <trkpt lat="46.2257930" lon="14.6235180">
    <ele>494.4</ele>
   </trkpt>
   <trkpt lat="46.2258020" lon="14.6235520">
    <ele>493.6</ele>
   </trkpt>
   <trkpt lat="46.2258100" lon="14.6235920">
    <ele>492.7</ele>
   </trkpt>
   <trkpt lat="46.2258080" lon="14.6236170">
    <ele>492.1</ele>
   </trkpt>
   <trkpt lat="46.2258150" lon="14.6236550">
    <ele>491.3</ele>
   </trkpt>
   <trkpt lat="46.2258250" lon="14.6237000">
    <ele>490.3</ele>
   </trkpt>
   <trkpt lat="46.2258420" lon="14.6237480">
    <ele>489.2</ele>
   </trkpt>
   <trkpt lat="46.2258550" lon="14.6237820">
    <ele>488.5</ele>
   </trkpt>
   <trkpt lat="46.2258650" lon="14.6238100">
    <ele>487.9</ele>
   </trkpt>
   <trkpt lat="46.2258820" lon="14.6238450">
    <ele>487.1</ele>
   </trkpt>
   <trkpt lat="46.2258950" lon="14.6238780">
    <ele>486.4</ele>
   </trkpt>
   <trkpt lat="46.2258950" lon="14.6239230">
    <ele>485.5</ele>
   </trkpt>
   <trkpt lat="46.2259000" lon="14.6239680">
    <ele>484.6</ele>
   </trkpt>
   <trkpt lat="46.2259100" lon="14.6239920">
    <ele>484.0</ele>
   </trkpt>
   <trkpt lat="46.2259170" lon="14.6240170">
    <ele>483.4</ele>
   </trkpt>
   <trkpt lat="46.2259130" lon="14.6240550">
    <ele>482.5</ele>
   </trkpt>
   <trkpt lat="46.2259180" lon="14.6241050">
    <ele>481.4</ele>
   </trkpt>
   <trkpt lat="46.2259200" lon="14.6241430">
    <ele>480.5</ele>
   </trkpt>
   <trkpt lat="46.2259330" lon="14.6241780">
    <ele>479.5</ele>
   </trkpt>
   <trkpt lat="46.2259670" lon="14.6241900">
    <ele>478.3</ele>
   </trkpt>
   <trkpt lat="46.2259830" lon="14.6242020">
    <ele>477.7</ele>
   </trkpt>
   <trkpt lat="46.2260200" lon="14.6242070">
    <ele>476.4</ele>
   </trkpt>
   <trkpt lat="46.2260470" lon="14.6242180">
    <ele>475.4</ele>
   </trkpt>
   <trkpt lat="46.2260850" lon="14.6242430">
    <ele>473.8</ele>
   </trkpt>
   <trkpt lat="46.2261020" lon="14.6242620">
    <ele>472.9</ele>
   </trkpt>
   <trkpt lat="46.2261230" lon="14.6242870">
    <ele>471.8</ele>
   </trkpt>
   <trkpt lat="46.2261420" lon="14.6243130">
    <ele>470.7</ele>
   </trkpt>
   <trkpt lat="46.2261600" lon="14.6243430">
    <ele>469.5</ele>
   </trkpt>
   <trkpt lat="46.2261750" lon="14.6243620">
    <ele>468.6</ele>
   </trkpt>
   <trkpt lat="46.2261920" lon="14.6243780">
    <ele>467.7</ele>
   </trkpt>
   <trkpt lat="46.2262120" lon="14.6243970">
    <ele>466.6</ele>
   </trkpt>
   <trkpt lat="46.2262380" lon="14.6244070">
    <ele>465.4</ele>
   </trkpt>
   <trkpt lat="46.2262630" lon="14.6244100">
    <ele>464.3</ele>
   </trkpt>
   <trkpt lat="46.2262800" lon="14.6244100">
    <ele>463.5</ele>
   </trkpt>
   <trkpt lat="46.2263000" lon="14.6244150">
    <ele>462.6</ele>
   </trkpt>
   <trkpt lat="46.2263180" lon="14.6244230">
    <ele>461.7</ele>
   </trkpt>
   <trkpt lat="46.2263230" lon="14.6244370">
    <ele>461.2</ele>
   </trkpt>
   <trkpt lat="46.2263280" lon="14.6244400">
    <ele>461.0</ele>
   </trkpt>
   <trkpt lat="46.2263400" lon="14.6244370">
    <ele>460.4</ele>
   </trkpt>
   <trkpt lat="46.2263620" lon="14.6244180">
    <ele>459.2</ele>
   </trkpt>
   <trkpt lat="46.2263720" lon="14.6243900">
    <ele>458.3</ele>
   </trkpt>
   <trkpt lat="46.2263770" lon="14.6243620">
    <ele>457.3</ele>
   </trkpt>
   <trkpt lat="46.2263830" lon="14.6243320">
    <ele>456.3</ele>
   </trkpt>
   <trkpt lat="46.2263920" lon="14.6243030">
    <ele>455.3</ele>
   </trkpt>
   <trkpt lat="46.2263980" lon="14.6242770">
    <ele>454.5</ele>
   </trkpt>
   <trkpt lat="46.2264050" lon="14.6242500">
    <ele>453.6</ele>
   </trkpt>
   <trkpt lat="46.2264120" lon="14.6242170">
    <ele>452.5</ele>
   </trkpt>
   <trkpt lat="46.2264200" lon="14.6241870">
    <ele>451.5</ele>
   </trkpt>
   <trkpt lat="46.2264280" lon="14.6241500">
    <ele>450.2</ele>
   </trkpt>
   <trkpt lat="46.2264300" lon="14.6240980">
    <ele>448.7</ele>
   </trkpt>
   <trkpt lat="46.2264320" lon="14.6240530">
    <ele>447.3</ele>
   </trkpt>
   <trkpt lat="46.2264370" lon="14.6240470">
    <ele>447.1</ele>
   </trkpt>
   <trkpt lat="46.2264600" lon="14.6240530">
    <ele>446.1</ele>
   </trkpt>
   <trkpt lat="46.2264670" lon="14.6240800">
    <ele>445.3</ele>
   </trkpt>
   <trkpt lat="46.2264780" lon="14.6241170">
    <ele>444.2</ele>
   </trkpt>
   <trkpt lat="46.2264920" lon="14.6241600">
    <ele>443.0</ele>
   </trkpt>
   <trkpt lat="46.2265100" lon="14.6242000">
    <ele>441.8</ele>
   </trkpt>
   <trkpt lat="46.2265220" lon="14.6242400">
    <ele>440.8</ele>
   </trkpt>
   <trkpt lat="46.2265330" lon="14.6242800">
    <ele>439.8</ele>
   </trkpt>
   <trkpt lat="46.2265480" lon="14.6243300">
    <ele>438.6</ele>
   </trkpt>
   <trkpt lat="46.2265600" lon="14.6243780">
    <ele>437.4</ele>
   </trkpt>
   <trkpt lat="46.2265670" lon="14.6244200">
    <ele>436.5</ele>
   </trkpt>
   <trkpt lat="46.2265750" lon="14.6244720">
    <ele>435.3</ele>
   </trkpt>
   <trkpt lat="46.2265800" lon="14.6245170">
    <ele>434.2</ele>
   </trkpt>
   <trkpt lat="46.2265850" lon="14.6245580">
    <ele>433.3</ele>
   </trkpt>
   <trkpt lat="46.2265950" lon="14.6245970">
    <ele>432.4</ele>
   </trkpt>
   <trkpt lat="46.2266120" lon="14.6246270">
    <ele>431.5</ele>
   </trkpt>
   <trkpt lat="46.2266220" lon="14.6246320">
    <ele>431.1</ele>
   </trkpt>
   <trkpt lat="46.2266320" lon="14.6246270">
    <ele>430.8</ele>
   </trkpt>
   <trkpt lat="46.2266450" lon="14.6246150">
    <ele>430.3</ele>
   </trkpt>
   <trkpt lat="46.2266570" lon="14.6246000">
    <ele>429.8</ele>
   </trkpt>
   <trkpt lat="46.2266800" lon="14.6245680">
    <ele>428.7</ele>
   </trkpt>
   <trkpt lat="46.2266970" lon="14.6245330">
    <ele>427.8</ele>
   </trkpt>
   <trkpt lat="46.2267150" lon="14.6244980">
    <ele>426.8</ele>
   </trkpt>
   <trkpt lat="46.2267300" lon="14.6244700">
    <ele>426.0</ele>
   </trkpt>
   <trkpt lat="46.2267520" lon="14.6244370">
    <ele>424.9</ele>
   </trkpt>
   <trkpt lat="46.2267900" lon="14.6244130">
    <ele>423.5</ele>
   </trkpt>
   <trkpt lat="46.2268170" lon="14.6244180">
    <ele>422.6</ele>
   </trkpt>
   <trkpt lat="46.2268470" lon="14.6244370">
    <ele>421.5</ele>
   </trkpt>
   <trkpt lat="46.2268820" lon="14.6244680">
    <ele>420.1</ele>
   </trkpt>
   <trkpt lat="46.2269200" lon="14.6245030">
    <ele>418.6</ele>
   </trkpt>
   <trkpt lat="46.2269480" lon="14.6245520">
    <ele>419.0</ele>
   </trkpt>
   <trkpt lat="46.2269530" lon="14.6245900">
    <ele>419.4</ele>
   </trkpt>
   <trkpt lat="46.2269580" lon="14.6246300">
    <ele>419.8</ele>
   </trkpt>
   <trkpt lat="46.2269570" lon="14.6246620">
    <ele>420.2</ele>
   </trkpt>
   <trkpt lat="46.2269550" lon="14.6247030">
    <ele>420.5</ele>
   </trkpt>
   <trkpt lat="46.2269530" lon="14.6247430">
    <ele>420.9</ele>
   </trkpt>
   <trkpt lat="46.2269500" lon="14.6247750">
    <ele>421.1</ele>
   </trkpt>
   <trkpt lat="46.2269450" lon="14.6247980">
    <ele>421.3</ele>
   </trkpt>
   <trkpt lat="46.2269450" lon="14.6248100">
    <ele>421.3</ele>
   </trkpt>
   <trkpt lat="46.2269480" lon="14.6248130">
    <ele>421.3</ele>
   </trkpt>
   <trkpt lat="46.2269600" lon="14.6248100">
    <ele>421.4</ele>
   </trkpt>
   <trkpt lat="46.2269780" lon="14.6248020">
    <ele>421.6</ele>
   </trkpt>
   <trkpt lat="46.2270070" lon="14.6248000">
    <ele>421.8</ele>
   </trkpt>
   <trkpt lat="46.2270280" lon="14.6248120">
    <ele>421.9</ele>
   </trkpt>
   <trkpt lat="46.2270430" lon="14.6248250">
    <ele>422.0</ele>
   </trkpt>
   <trkpt lat="46.2270470" lon="14.6248520">
    <ele>422.2</ele>
   </trkpt>
   <trkpt lat="46.2270380" lon="14.6248700">
    <ele>422.4</ele>
   </trkpt>
   <trkpt lat="46.2270200" lon="14.6248870">
    <ele>422.6</ele>
   </trkpt>
   <trkpt lat="46.2269980" lon="14.6249030">
    <ele>423.0</ele>
   </trkpt>
   <trkpt lat="46.2269830" lon="14.6249200">
    <ele>423.4</ele>
   </trkpt>
   <trkpt lat="46.2269670" lon="14.6249350">
    <ele>423.8</ele>
   </trkpt>
   <trkpt lat="46.2269530" lon="14.6249450">
    <ele>424.2</ele>
   </trkpt>
   <trkpt lat="46.2269300" lon="14.6249600">
    <ele>425.0</ele>
   </trkpt>
   <trkpt lat="46.2269150" lon="14.6249720">
    <ele>425.6</ele>
   </trkpt>
   <trkpt lat="46.2269020" lon="14.6249920">
    <ele>426.2</ele>
   </trkpt>
   <trkpt lat="46.2268830" lon="14.6250220">
    <ele>427.4</ele>
   </trkpt>
   <trkpt lat="46.2268500" lon="14.6250630">
    <ele>429.3</ele>
   </trkpt>
   <trkpt lat="46.2268270" lon="14.6250720">
    <ele>430.5</ele>
   </trkpt>
   <trkpt lat="46.2268050" lon="14.6250800">
    <ele>431.5</ele>
   </trkpt>
   <trkpt lat="46.2267830" lon="14.6250900">
    <ele>432.0</ele>
   </trkpt>
   <trkpt lat="46.2267600" lon="14.6251070">
    <ele>431.9</ele>
   </trkpt>
   <trkpt lat="46.2267350" lon="14.6251130">
    <ele>431.8</ele>
   </trkpt>
   <trkpt lat="46.2267080" lon="14.6251280">
    <ele>431.7</ele>
   </trkpt>
   <trkpt lat="46.2266650" lon="14.6251600">
    <ele>431.5</ele>
   </trkpt>
   <trkpt lat="46.2266470" lon="14.6251530">
    <ele>431.4</ele>
   </trkpt>
   <trkpt lat="46.2266230" lon="14.6251630">
    <ele>431.3</ele>
   </trkpt>
   <trkpt lat="46.2265980" lon="14.6251680">
    <ele>431.2</ele>
   </trkpt>
   <trkpt lat="46.2265770" lon="14.6251620">
    <ele>431.1</ele>
   </trkpt>
   <trkpt lat="46.2265420" lon="14.6251700">
    <ele>430.8</ele>
   </trkpt>
   <trkpt lat="46.2265120" lon="14.6251870">
    <ele>430.6</ele>
   </trkpt>
   <trkpt lat="46.2264630" lon="14.6251800">
    <ele>430.3</ele>
   </trkpt>
   <trkpt lat="46.2264370" lon="14.6251770">
    <ele>430.1</ele>
   </trkpt>
   <trkpt lat="46.2263930" lon="14.6251800">
    <ele>429.8</ele>
   </trkpt>
   <trkpt lat="46.2263530" lon="14.6251870">
    <ele>429.6</ele>
   </trkpt>
   <trkpt lat="46.2263200" lon="14.6251880">
    <ele>429.4</ele>
   </trkpt>
   <trkpt lat="46.2262770" lon="14.6252000">
    <ele>429.2</ele>
   </trkpt>
   <trkpt lat="46.2262370" lon="14.6252130">
    <ele>429.1</ele>
   </trkpt>
   <trkpt lat="46.2262020" lon="14.6252220">
    <ele>429.0</ele>
   </trkpt>
   <trkpt lat="46.2261830" lon="14.6252350">
    <ele>429.0</ele>
   </trkpt>
   <trkpt lat="46.2261520" lon="14.6252570">
    <ele>428.9</ele>
   </trkpt>
   <trkpt lat="46.2261270" lon="14.6252670">
    <ele>428.8</ele>
   </trkpt>
   <trkpt lat="46.2261030" lon="14.6252770">
    <ele>428.8</ele>
   </trkpt>
   <trkpt lat="46.2260750" lon="14.6252800">
    <ele>428.7</ele>
   </trkpt>
   <trkpt lat="46.2260700" lon="14.6252820">
    <ele>428.7</ele>
   </trkpt>
   <trkpt lat="46.2260680" lon="14.6252870">
    <ele>428.7</ele>
   </trkpt>
   <trkpt lat="46.2260700" lon="14.6252900">
    <ele>428.7</ele>
   </trkpt>
   <trkpt lat="46.2260800" lon="14.6252880">
    <ele>428.9</ele>
   </trkpt>
   <trkpt lat="46.2260920" lon="14.6252780">
    <ele>429.1</ele>
   </trkpt>
   <trkpt lat="46.2260980" lon="14.6252680">
    <ele>429.2</ele>
   </trkpt>
   <trkpt lat="46.2261020" lon="14.6252720">
    <ele>429.3</ele>
   </trkpt>
   <trkpt lat="46.2261150" lon="14.6252820">
    <ele>429.6</ele>
   </trkpt>
   <trkpt lat="46.2261270" lon="14.6252880">
    <ele>429.8</ele>
   </trkpt>
   <trkpt lat="46.2261330" lon="14.6252930">
    <ele>429.9</ele>
   </trkpt>
   <trkpt lat="46.2261480" lon="14.6253020">
    <ele>430.2</ele>
   </trkpt>
   <trkpt lat="46.2261620" lon="14.6253070">
    <ele>430.5</ele>
   </trkpt>
   <trkpt lat="46.2261730" lon="14.6253100">
    <ele>430.7</ele>
   </trkpt>
   <trkpt lat="46.2261870" lon="14.6253100">
    <ele>431.1</ele>
   </trkpt>
   <trkpt lat="46.2261970" lon="14.6253170">
    <ele>431.3</ele>
   </trkpt>
   <trkpt lat="46.2262020" lon="14.6253270">
    <ele>431.5</ele>
   </trkpt>
   <trkpt lat="46.2262080" lon="14.6253320">
    <ele>431.7</ele>
   </trkpt>
   <trkpt lat="46.2262170" lon="14.6253400">
    <ele>432.0</ele>
   </trkpt>
   <trkpt lat="46.2262200" lon="14.6253520">
    <ele>432.2</ele>
   </trkpt>
   <trkpt lat="46.2262280" lon="14.6253650">
    <ele>432.6</ele>
   </trkpt>
   <trkpt lat="46.2262380" lon="14.6253880">
    <ele>433.1</ele>
   </trkpt>
   <trkpt lat="46.2262530" lon="14.6254120">
    <ele>433.8</ele>
   </trkpt>
   <trkpt lat="46.2262770" lon="14.6254370">
    <ele>434.7</ele>
   </trkpt>
   <trkpt lat="46.2262880" lon="14.6254480">
    <ele>435.1</ele>
   </trkpt>
   <trkpt lat="46.2263150" lon="14.6254520">
    <ele>435.9</ele>
   </trkpt>
   <trkpt lat="46.2263370" lon="14.6254530">
    <ele>436.6</ele>
   </trkpt>
   <trkpt lat="46.2263580" lon="14.6254550">
    <ele>437.6</ele>
   </trkpt>
   <trkpt lat="46.2263780" lon="14.6254600">
    <ele>438.5</ele>
   </trkpt>
   <trkpt lat="46.2263980" lon="14.6254600">
    <ele>439.5</ele>
   </trkpt>
   <trkpt lat="46.2264080" lon="14.6254770">
    <ele>440.2</ele>
   </trkpt>
   <trkpt lat="46.2264100" lon="14.6254930">
    <ele>440.8</ele>
   </trkpt>
   <trkpt lat="46.2264050" lon="14.6255250">
    <ele>442.1</ele>
   </trkpt>
   <trkpt lat="46.2264050" lon="14.6255520">
    <ele>443.1</ele>
   </trkpt>
   <trkpt lat="46.2264080" lon="14.6255750">
    <ele>444.1</ele>
   </trkpt>
   <trkpt lat="46.2264120" lon="14.6255920">
    <ele>444.9</ele>
   </trkpt>
   <trkpt lat="46.2264130" lon="14.6256080">
    <ele>445.3</ele>
   </trkpt>
   <trkpt lat="46.2264100" lon="14.6256150">
    <ele>445.4</ele>
   </trkpt>
   <trkpt lat="46.2264070" lon="14.6256220">
    <ele>445.6</ele>
   </trkpt>
   <trkpt lat="46.2264020" lon="14.6256220">
    <ele>445.8</ele>
   </trkpt>
   <trkpt lat="46.2263950" lon="14.6256250">
    <ele>446.0</ele>
   </trkpt>
   <trkpt lat="46.2263850" lon="14.6256230">
    <ele>446.3</ele>
   </trkpt>
   <trkpt lat="46.2263730" lon="14.6256130">
    <ele>446.7</ele>
   </trkpt>
   <trkpt lat="46.2263620" lon="14.6256070">
    <ele>447.1</ele>
   </trkpt>
   <trkpt lat="46.2263580" lon="14.6256070">
    <ele>447.2</ele>
   </trkpt>
   <trkpt lat="46.2263480" lon="14.6256130">
    <ele>447.6</ele>
   </trkpt>
   <trkpt lat="46.2263370" lon="14.6256170">
    <ele>447.9</ele>
   </trkpt>
   <trkpt lat="46.2263270" lon="14.6256130">
    <ele>448.3</ele>
   </trkpt>
   <trkpt lat="46.2263230" lon="14.6256050">
    <ele>448.5</ele>
   </trkpt>
   <trkpt lat="46.2263100" lon="14.6256120">
    <ele>448.9</ele>
   </trkpt>
   <trkpt lat="46.2263080" lon="14.6256220">
    <ele>449.2</ele>
   </trkpt>
   <trkpt lat="46.2263080" lon="14.6256420">
    <ele>449.7</ele>
   </trkpt>
   <trkpt lat="46.2263080" lon="14.6256650">
    <ele>450.2</ele>
   </trkpt>
   <trkpt lat="46.2263070" lon="14.6256780">
    <ele>450.6</ele>
   </trkpt>
   <trkpt lat="46.2263170" lon="14.6256800">
    <ele>450.9</ele>
   </trkpt>
   <trkpt lat="46.2263220" lon="14.6256880">
    <ele>451.2</ele>
   </trkpt>
   <trkpt lat="46.2263230" lon="14.6257000">
    <ele>451.5</ele>
   </trkpt>
   <trkpt lat="46.2263230" lon="14.6257070">
    <ele>451.7</ele>
   </trkpt>
   <trkpt lat="46.2263250" lon="14.6257120">
    <ele>451.8</ele>
   </trkpt>
   <trkpt lat="46.2263380" lon="14.6257080">
    <ele>452.3</ele>
   </trkpt>
   <trkpt lat="46.2263480" lon="14.6257120">
    <ele>452.7</ele>
   </trkpt>
   <trkpt lat="46.2263530" lon="14.6257170">
    <ele>452.9</ele>
   </trkpt>
   <trkpt lat="46.2263620" lon="14.6257250">
    <ele>453.3</ele>
   </trkpt>
   <trkpt lat="46.2263680" lon="14.6257330">
    <ele>453.6</ele>
   </trkpt>
   <trkpt lat="46.2263720" lon="14.6257400">
    <ele>453.9</ele>
   </trkpt>
   <trkpt lat="46.2263650" lon="14.6257550">
    <ele>454.4</ele>
   </trkpt>
   <trkpt lat="46.2263630" lon="14.6257570">
    <ele>454.5</ele>
   </trkpt>
   <trkpt lat="46.2263630" lon="14.6257570">
    <ele>454.5</ele>
   </trkpt>
   <trkpt lat="46.2263630" lon="14.6257600">
    <ele>454.6</ele>
   </trkpt>
   <trkpt lat="46.2263630" lon="14.6257580">
    <ele>454.6</ele>
   </trkpt>
   <trkpt lat="46.2263620" lon="14.6257550">
    <ele>454.7</ele>
   </trkpt>
   <trkpt lat="46.2263530" lon="14.6257620">
    <ele>455.1</ele>
   </trkpt>
   <trkpt lat="46.2263450" lon="14.6257700">
    <ele>455.5</ele>
   </trkpt>
   <trkpt lat="46.2263350" lon="14.6257820">
    <ele>456.0</ele>
   </trkpt>
   <trkpt lat="46.2263320" lon="14.6257830">
    <ele>456.2</ele>
   </trkpt>
   <trkpt lat="46.2263330" lon="14.6257830">
    <ele>456.2</ele>
   </trkpt>
   <trkpt lat="46.2263320" lon="14.6257850">
    <ele>456.3</ele>
   </trkpt>
   <trkpt lat="46.2263280" lon="14.6257850">
    <ele>456.4</ele>
   </trkpt>
   <trkpt lat="46.2263270" lon="14.6257880">
    <ele>456.5</ele>
   </trkpt>
   <trkpt lat="46.2263200" lon="14.6258020">
    <ele>457.0</ele>
   </trkpt>
   <trkpt lat="46.2263180" lon="14.6258070">
    <ele>457.2</ele>
   </trkpt>
   <trkpt lat="46.2263080" lon="14.6258250">
    <ele>457.8</ele>
   </trkpt>
   <trkpt lat="46.2262980" lon="14.6258450">
    <ele>458.5</ele>
   </trkpt>
   <trkpt lat="46.2262900" lon="14.6258630">
    <ele>459.1</ele>
   </trkpt>
   <trkpt lat="46.2262780" lon="14.6258820">
    <ele>459.8</ele>
   </trkpt>
   <trkpt lat="46.2262700" lon="14.6258980">
    <ele>460.4</ele>
   </trkpt>
   <trkpt lat="46.2262620" lon="14.6259120">
    <ele>460.8</ele>
   </trkpt>
   <trkpt lat="46.2262630" lon="14.6259130">
    <ele>460.9</ele>
   </trkpt>
   <trkpt lat="46.2262630" lon="14.6259170">
    <ele>461.0</ele>
   </trkpt>
   <trkpt lat="46.2262630" lon="14.6259180">
    <ele>461.0</ele>
   </trkpt>
   <trkpt lat="46.2262580" lon="14.6259270">
    <ele>461.3</ele>
   </trkpt>
   <trkpt lat="46.2262530" lon="14.6259330">
    <ele>461.6</ele>
   </trkpt>
   <trkpt lat="46.2262530" lon="14.6259370">
    <ele>461.7</ele>
   </trkpt>
   <trkpt lat="46.2262520" lon="14.6259470">
    <ele>462.0</ele>
   </trkpt>
   <trkpt lat="46.2262530" lon="14.6259520">
    <ele>462.1</ele>
   </trkpt>
   <trkpt lat="46.2262530" lon="14.6259570">
    <ele>462.2</ele>
   </trkpt>
   <trkpt lat="46.2262470" lon="14.6259800">
    <ele>462.9</ele>
   </trkpt>
   <trkpt lat="46.2262380" lon="14.6260050">
    <ele>463.6</ele>
   </trkpt>
   <trkpt lat="46.2262350" lon="14.6260120">
    <ele>463.8</ele>
   </trkpt>
   <trkpt lat="46.2262330" lon="14.6260120">
    <ele>463.9</ele>
   </trkpt>
   <trkpt lat="46.2262300" lon="14.6260220">
    <ele>464.1</ele>
   </trkpt>
   <trkpt lat="46.2262270" lon="14.6260250">
    <ele>464.3</ele>
   </trkpt>
   <trkpt lat="46.2262270" lon="14.6260300">
    <ele>464.4</ele>
   </trkpt>
   <trkpt lat="46.2262250" lon="14.6260320">
    <ele>464.5</ele>
   </trkpt>
   <trkpt lat="46.2262250" lon="14.6260370">
    <ele>464.6</ele>
   </trkpt>
   <trkpt lat="46.2262200" lon="14.6260530">
    <ele>465.0</ele>
   </trkpt>
   <trkpt lat="46.2262170" lon="14.6260680">
    <ele>465.4</ele>
   </trkpt>
   <trkpt lat="46.2262150" lon="14.6260830">
    <ele>465.8</ele>
   </trkpt>
   <trkpt lat="46.2262100" lon="14.6261000">
    <ele>466.2</ele>
   </trkpt>
   <trkpt lat="46.2262050" lon="14.6261170">
    <ele>466.6</ele>
   </trkpt>
   <trkpt lat="46.2261980" lon="14.6261320">
    <ele>467.1</ele>
   </trkpt>
   <trkpt lat="46.2261880" lon="14.6261480">
    <ele>467.6</ele>
   </trkpt>
   <trkpt lat="46.2261780" lon="14.6261650">
    <ele>468.1</ele>
   </trkpt>
   <trkpt lat="46.2261600" lon="14.6261880">
    <ele>468.9</ele>
   </trkpt>
   <trkpt lat="46.2261470" lon="14.6262070">
    <ele>469.6</ele>
   </trkpt>
   <trkpt lat="46.2261400" lon="14.6262130">
    <ele>469.9</ele>
   </trkpt>
   <trkpt lat="46.2261350" lon="14.6262130">
    <ele>470.0</ele>
   </trkpt>
   <trkpt lat="46.2261280" lon="14.6262130">
    <ele>470.3</ele>
   </trkpt>
   <trkpt lat="46.2261180" lon="14.6262150">
    <ele>470.6</ele>
   </trkpt>
   <trkpt lat="46.2261100" lon="14.6262150">
    <ele>470.9</ele>
   </trkpt>
   <trkpt lat="46.2261070" lon="14.6262100">
    <ele>471.1</ele>
   </trkpt>
   <trkpt lat="46.2261020" lon="14.6262070">
    <ele>471.3</ele>
   </trkpt>
   <trkpt lat="46.2260880" lon="14.6262030">
    <ele>471.8</ele>
   </trkpt>
   <trkpt lat="46.2260750" lon="14.6262080">
    <ele>472.2</ele>
   </trkpt>
   <trkpt lat="46.2260700" lon="14.6262070">
    <ele>472.4</ele>
   </trkpt>
   <trkpt lat="46.2260680" lon="14.6262080">
    <ele>472.5</ele>
   </trkpt>
   <trkpt lat="46.2260680" lon="14.6262250">
    <ele>472.9</ele>
   </trkpt>
   <trkpt lat="46.2260700" lon="14.6262430">
    <ele>473.3</ele>
   </trkpt>
   <trkpt lat="46.2260680" lon="14.6262500">
    <ele>473.5</ele>
   </trkpt>
   <trkpt lat="46.2260620" lon="14.6262650">
    <ele>473.9</ele>
   </trkpt>
   <trkpt lat="46.2260600" lon="14.6262680">
    <ele>474.0</ele>
   </trkpt>
   <trkpt lat="46.2260570" lon="14.6262730">
    <ele>474.2</ele>
   </trkpt>
   <trkpt lat="46.2260530" lon="14.6262750">
    <ele>474.3</ele>
   </trkpt>
   <trkpt lat="46.2260520" lon="14.6262750">
    <ele>474.4</ele>
   </trkpt>
   <trkpt lat="46.2260520" lon="14.6262750">
    <ele>474.4</ele>
   </trkpt>
   <trkpt lat="46.2260520" lon="14.6262870">
    <ele>474.7</ele>
   </trkpt>
   <trkpt lat="46.2260530" lon="14.6263000">
    <ele>475.0</ele>
   </trkpt>
   <trkpt lat="46.2260550" lon="14.6263080">
    <ele>475.2</ele>
   </trkpt>
   <trkpt lat="46.2260550" lon="14.6263180">
    <ele>475.4</ele>
   </trkpt>
   <trkpt lat="46.2260570" lon="14.6263300">
    <ele>475.7</ele>
   </trkpt>
   <trkpt lat="46.2260520" lon="14.6263520">
    <ele>476.2</ele>
   </trkpt>
   <trkpt lat="46.2260500" lon="14.6263700">
    <ele>476.6</ele>
   </trkpt>
   <trkpt lat="46.2260430" lon="14.6263930">
    <ele>477.1</ele>
   </trkpt>
   <trkpt lat="46.2260420" lon="14.6264100">
    <ele>477.4</ele>
   </trkpt>
   <trkpt lat="46.2260400" lon="14.6264220">
    <ele>477.7</ele>
   </trkpt>
   <trkpt lat="46.2260380" lon="14.6264370">
    <ele>478.0</ele>
   </trkpt>
   <trkpt lat="46.2260380" lon="14.6264520">
    <ele>478.2</ele>
   </trkpt>
   <trkpt lat="46.2260430" lon="14.6264630">
    <ele>478.5</ele>
   </trkpt>
   <trkpt lat="46.2260470" lon="14.6264730">
    <ele>478.7</ele>
   </trkpt>
   <trkpt lat="46.2260480" lon="14.6264780">
    <ele>478.8</ele>
   </trkpt>
   <trkpt lat="46.2260470" lon="14.6264920">
    <ele>479.1</ele>
   </trkpt>
   <trkpt lat="46.2260430" lon="14.6265050">
    <ele>479.3</ele>
   </trkpt>
   <trkpt lat="46.2260370" lon="14.6265170">
    <ele>479.6</ele>
   </trkpt>
   <trkpt lat="46.2260330" lon="14.6265270">
    <ele>479.8</ele>
   </trkpt>
   <trkpt lat="46.2260270" lon="14.6265430">
    <ele>480.1</ele>
   </trkpt>
   <trkpt lat="46.2260180" lon="14.6265630">
    <ele>480.6</ele>
   </trkpt>
   <trkpt lat="46.2260080" lon="14.6265850">
    <ele>481.0</ele>
   </trkpt>
   <trkpt lat="46.2260030" lon="14.6266080">
    <ele>481.5</ele>
   </trkpt>
   <trkpt lat="46.2260050" lon="14.6266270">
    <ele>481.8</ele>
   </trkpt>
   <trkpt lat="46.2260000" lon="14.6266530">
    <ele>482.2</ele>
   </trkpt>
   <trkpt lat="46.2259930" lon="14.6266820">
    <ele>482.7</ele>
   </trkpt>
   <trkpt lat="46.2259870" lon="14.6267050">
    <ele>483.1</ele>
   </trkpt>
   <trkpt lat="46.2259730" lon="14.6267320">
    <ele>483.6</ele>
   </trkpt>
   <trkpt lat="46.2259600" lon="14.6267550">
    <ele>484.0</ele>
   </trkpt>
   <trkpt lat="46.2259470" lon="14.6267750">
    <ele>484.4</ele>
   </trkpt>
   <trkpt lat="46.2259400" lon="14.6267920">
    <ele>484.7</ele>
   </trkpt>
   <trkpt lat="46.2259270" lon="14.6268070">
    <ele>485.0</ele>
   </trkpt>
   <trkpt lat="46.2259250" lon="14.6268170">
    <ele>485.1</ele>
   </trkpt>
   <trkpt lat="46.2259250" lon="14.6268250">
    <ele>485.2</ele>
   </trkpt>
   <trkpt lat="46.2259250" lon="14.6268370">
    <ele>485.3</ele>
   </trkpt>
   <trkpt lat="46.2259250" lon="14.6268550">
    <ele>485.5</ele>
   </trkpt>
   <trkpt lat="46.2259270" lon="14.6268770">
    <ele>485.8</ele>
   </trkpt>
   <trkpt lat="46.2259230" lon="14.6269000">
    <ele>486.1</ele>
   </trkpt>
   <trkpt lat="46.2259220" lon="14.6269100">
    <ele>486.2</ele>
   </trkpt>
   <trkpt lat="46.2259230" lon="14.6269150">
    <ele>486.3</ele>
   </trkpt>
   <trkpt lat="46.2259220" lon="14.6269220">
    <ele>486.4</ele>
   </trkpt>
   <trkpt lat="46.2259180" lon="14.6269350">
    <ele>486.5</ele>
   </trkpt>
   <trkpt lat="46.2259130" lon="14.6269470">
    <ele>486.7</ele>
   </trkpt>
   <trkpt lat="46.2259070" lon="14.6269600">
    <ele>486.9</ele>
   </trkpt>
   <trkpt lat="46.2259000" lon="14.6269730">
    <ele>487.1</ele>
   </trkpt>
   <trkpt lat="46.2258930" lon="14.6269880">
    <ele>487.4</ele>
   </trkpt>
   <trkpt lat="46.2258880" lon="14.6270000">
    <ele>487.6</ele>
   </trkpt>
   <trkpt lat="46.2258820" lon="14.6270150">
    <ele>487.8</ele>
   </trkpt>
   <trkpt lat="46.2258770" lon="14.6270270">
    <ele>488.0</ele>
   </trkpt>
   <trkpt lat="46.2258730" lon="14.6270420">
    <ele>488.3</ele>
   </trkpt>
   <trkpt lat="46.2258680" lon="14.6270570">
    <ele>488.6</ele>
   </trkpt>
   <trkpt lat="46.2258670" lon="14.6270630">
    <ele>488.6</ele>
   </trkpt>
   <trkpt lat="46.2258670" lon="14.6270850">
    <ele>489.0</ele>
   </trkpt>
   <trkpt lat="46.2258680" lon="14.6271030">
    <ele>489.4</ele>
   </trkpt>
   <trkpt lat="46.2258720" lon="14.6271130">
    <ele>489.6</ele>
   </trkpt>
   <trkpt lat="46.2258680" lon="14.6271200">
    <ele>489.7</ele>
   </trkpt>
   <trkpt lat="46.2258650" lon="14.6271370">
    <ele>490.0</ele>
   </trkpt>
   <trkpt lat="46.2258630" lon="14.6271520">
    <ele>490.3</ele>
   </trkpt>
   <trkpt lat="46.2258580" lon="14.6271720">
    <ele>490.8</ele>
   </trkpt>
   <trkpt lat="46.2258500" lon="14.6271920">
    <ele>491.2</ele>
   </trkpt>
   <trkpt lat="46.2258450" lon="14.6272130">
    <ele>491.7</ele>
   </trkpt>
   <trkpt lat="46.2258380" lon="14.6272300">
    <ele>492.1</ele>
   </trkpt>
   <trkpt lat="46.2258330" lon="14.6272520">
    <ele>492.6</ele>
   </trkpt>
   <trkpt lat="46.2258320" lon="14.6272700">
    <ele>493.0</ele>
   </trkpt>
   <trkpt lat="46.2258320" lon="14.6272920">
    <ele>493.5</ele>
   </trkpt>
   <trkpt lat="46.2258300" lon="14.6273120">
    <ele>493.9</ele>
   </trkpt>
   <trkpt lat="46.2258230" lon="14.6273330">
    <ele>494.4</ele>
   </trkpt>
   <trkpt lat="46.2258150" lon="14.6273530">
    <ele>495.0</ele>
   </trkpt>
   <trkpt lat="46.2258100" lon="14.6273650">
    <ele>495.3</ele>
   </trkpt>
   <trkpt lat="46.2258070" lon="14.6273780">
    <ele>495.6</ele>
   </trkpt>
   <trkpt lat="46.2258020" lon="14.6273920">
    <ele>496.0</ele>
   </trkpt>
   <trkpt lat="46.2257980" lon="14.6274070">
    <ele>496.4</ele>
   </trkpt>
   <trkpt lat="46.2257970" lon="14.6274170">
    <ele>496.6</ele>
   </trkpt>
   <trkpt lat="46.2257950" lon="14.6274250">
    <ele>496.8</ele>
   </trkpt>
   <trkpt lat="46.2257920" lon="14.6274330">
    <ele>497.0</ele>
   </trkpt>
   <trkpt lat="46.2257850" lon="14.6274520">
    <ele>497.5</ele>
   </trkpt>
   <trkpt lat="46.2257770" lon="14.6274720">
    <ele>498.1</ele>
   </trkpt>
   <trkpt lat="46.2257720" lon="14.6274850">
    <ele>498.4</ele>
   </trkpt>
   <trkpt lat="46.2257680" lon="14.6274980">
    <ele>498.8</ele>
   </trkpt>
   <trkpt lat="46.2257680" lon="14.6275100">
    <ele>499.1</ele>
   </trkpt>
   <trkpt lat="46.2257680" lon="14.6275200">
    <ele>499.3</ele>
   </trkpt>
   <trkpt lat="46.2257670" lon="14.6275300">
    <ele>499.5</ele>
   </trkpt>
   <trkpt lat="46.2257700" lon="14.6275450">
    <ele>499.9</ele>
   </trkpt>
   <trkpt lat="46.2257680" lon="14.6275480">
    <ele>500.0</ele>
   </trkpt>
   <trkpt lat="46.2257670" lon="14.6275470">
    <ele>500.1</ele>
   </trkpt>
   <trkpt lat="46.2257680" lon="14.6275430">
    <ele>500.2</ele>
   </trkpt>
   <trkpt lat="46.2257650" lon="14.6275400">
    <ele>500.3</ele>
   </trkpt>
   <trkpt lat="46.2257620" lon="14.6275370">
    <ele>500.4</ele>
   </trkpt>
   <trkpt lat="46.2257620" lon="14.6275330">
    <ele>500.5</ele>
   </trkpt>
   <trkpt lat="46.2257620" lon="14.6275320">
    <ele>500.5</ele>
   </trkpt>
   <trkpt lat="46.2257580" lon="14.6275250">
    <ele>500.8</ele>
   </trkpt>
   <trkpt lat="46.2257530" lon="14.6275170">
    <ele>501.0</ele>
   </trkpt>
   <trkpt lat="46.2257480" lon="14.6275150">
    <ele>501.2</ele>
   </trkpt>
   <trkpt lat="46.2257480" lon="14.6275120">
    <ele>501.3</ele>
   </trkpt>
   <trkpt lat="46.2257430" lon="14.6275070">
    <ele>501.5</ele>
   </trkpt>
   <trkpt lat="46.2257370" lon="14.6275030">
    <ele>501.7</ele>
   </trkpt>
   <trkpt lat="46.2257330" lon="14.6275020">
    <ele>501.8</ele>
   </trkpt>
   <trkpt lat="46.2257320" lon="14.6274980">
    <ele>501.9</ele>
   </trkpt>
   <trkpt lat="46.2257320" lon="14.6275050">
    <ele>502.1</ele>
   </trkpt>
   <trkpt lat="46.2257270" lon="14.6275150">
    <ele>502.4</ele>
   </trkpt>
   <trkpt lat="46.2257230" lon="14.6275270">
    <ele>502.7</ele>
   </trkpt>
   <trkpt lat="46.2257270" lon="14.6275370">
    <ele>502.9</ele>
   </trkpt>
   <trkpt lat="46.2257330" lon="14.6275500">
    <ele>503.3</ele>
   </trkpt>
   <trkpt lat="46.2257370" lon="14.6275650">
    <ele>503.6</ele>
   </trkpt>
   <trkpt lat="46.2257370" lon="14.6275870">
    <ele>504.1</ele>
   </trkpt>
   <trkpt lat="46.2257350" lon="14.6276030">
    <ele>504.4</ele>
   </trkpt>
   <trkpt lat="46.2257280" lon="14.6276170">
    <ele>504.8</ele>
   </trkpt>
   <trkpt lat="46.2257220" lon="14.6276280">
    <ele>505.0</ele>
   </trkpt>
   <trkpt lat="46.2257170" lon="14.6276380">
    <ele>505.3</ele>
   </trkpt>
   <trkpt lat="46.2257100" lon="14.6276450">
    <ele>505.5</ele>
   </trkpt>
   <trkpt lat="46.2256980" lon="14.6276470">
    <ele>505.8</ele>
   </trkpt>
   <trkpt lat="46.2256920" lon="14.6276480">
    <ele>506.0</ele>
   </trkpt>
   <trkpt lat="46.2256880" lon="14.6276570">
    <ele>506.2</ele>
   </trkpt>
   <trkpt lat="46.2256800" lon="14.6276630">
    <ele>506.4</ele>
   </trkpt>
   <trkpt lat="46.2256750" lon="14.6276730">
    <ele>506.6</ele>
   </trkpt>
   <trkpt lat="46.2256730" lon="14.6276800">
    <ele>506.8</ele>
   </trkpt>
   <trkpt lat="46.2256730" lon="14.6276850">
    <ele>506.9</ele>
   </trkpt>
   <trkpt lat="46.2256720" lon="14.6276930">
    <ele>507.0</ele>
   </trkpt>
   <trkpt lat="46.2256680" lon="14.6277030">
    <ele>507.2</ele>
   </trkpt>
   <trkpt lat="46.2256650" lon="14.6277070">
    <ele>507.3</ele>
   </trkpt>
   <trkpt lat="46.2256650" lon="14.6277080">
    <ele>507.3</ele>
   </trkpt>
   <trkpt lat="46.2256670" lon="14.6277120">
    <ele>507.4</ele>
   </trkpt>
   <trkpt lat="46.2256700" lon="14.6277300">
    <ele>507.7</ele>
   </trkpt>
   <trkpt lat="46.2256750" lon="14.6277520">
    <ele>508.1</ele>
   </trkpt>
   <trkpt lat="46.2256730" lon="14.6277680">
    <ele>508.4</ele>
   </trkpt>
   <trkpt lat="46.2256720" lon="14.6277870">
    <ele>508.7</ele>
   </trkpt>
   <trkpt lat="46.2256680" lon="14.6278030">
    <ele>509.0</ele>
   </trkpt>
   <trkpt lat="46.2256630" lon="14.6278220">
    <ele>509.3</ele>
   </trkpt>
   <trkpt lat="46.2256570" lon="14.6278420">
    <ele>509.7</ele>
   </trkpt>
   <trkpt lat="46.2256520" lon="14.6278570">
    <ele>510.0</ele>
   </trkpt>
   <trkpt lat="46.2256470" lon="14.6278720">
    <ele>510.3</ele>
   </trkpt>
   <trkpt lat="46.2256400" lon="14.6278900">
    <ele>510.7</ele>
   </trkpt>
   <trkpt lat="46.2256370" lon="14.6279050">
    <ele>510.9</ele>
   </trkpt>
   <trkpt lat="46.2256330" lon="14.6279200">
    <ele>511.2</ele>
   </trkpt>
   <trkpt lat="46.2256300" lon="14.6279370">
    <ele>511.5</ele>
   </trkpt>
   <trkpt lat="46.2256270" lon="14.6279570">
    <ele>511.9</ele>
   </trkpt>
   <trkpt lat="46.2256270" lon="14.6279770">
    <ele>512.3</ele>
   </trkpt>
   <trkpt lat="46.2256270" lon="14.6280000">
    <ele>512.7</ele>
   </trkpt>
   <trkpt lat="46.2256220" lon="14.6280280">
    <ele>513.3</ele>
   </trkpt>
   <trkpt lat="46.2256170" lon="14.6280550">
    <ele>513.9</ele>
   </trkpt>
   <trkpt lat="46.2256130" lon="14.6280770">
    <ele>514.4</ele>
   </trkpt>
   <trkpt lat="46.2256080" lon="14.6280900">
    <ele>514.7</ele>
   </trkpt>
   <trkpt lat="46.2256000" lon="14.6281130">
    <ele>515.2</ele>
   </trkpt>
   <trkpt lat="46.2255930" lon="14.6281350">
    <ele>515.8</ele>
   </trkpt>
   <trkpt lat="46.2255930" lon="14.6281400">
    <ele>515.9</ele>
   </trkpt>
   <trkpt lat="46.2255920" lon="14.6281520">
    <ele>516.2</ele>
   </trkpt>
   <trkpt lat="46.2255870" lon="14.6281670">
    <ele>516.6</ele>
   </trkpt>
   <trkpt lat="46.2255850" lon="14.6281800">
    <ele>516.9</ele>
   </trkpt>
   <trkpt lat="46.2255820" lon="14.6281900">
    <ele>517.2</ele>
   </trkpt>
   <trkpt lat="46.2255750" lon="14.6282070">
    <ele>517.6</ele>
   </trkpt>
   <trkpt lat="46.2255700" lon="14.6282230">
    <ele>518.1</ele>
   </trkpt>
   <trkpt lat="46.2255680" lon="14.6282270">
    <ele>518.2</ele>
   </trkpt>
   <trkpt lat="46.2255680" lon="14.6282300">
    <ele>518.3</ele>
   </trkpt>
   <trkpt lat="46.2255720" lon="14.6282420">
    <ele>518.6</ele>
   </trkpt>
   <trkpt lat="46.2255730" lon="14.6282450">
    <ele>518.7</ele>
   </trkpt>
   <trkpt lat="46.2255770" lon="14.6282480">
    <ele>518.9</ele>
   </trkpt>
   <trkpt lat="46.2255800" lon="14.6282600">
    <ele>519.2</ele>
   </trkpt>
   <trkpt lat="46.2255850" lon="14.6282780">
    <ele>519.7</ele>
   </trkpt>
   <trkpt lat="46.2255830" lon="14.6282950">
    <ele>520.1</ele>
   </trkpt>
   <trkpt lat="46.2255820" lon="14.6283100">
    <ele>520.5</ele>
   </trkpt>
   <trkpt lat="46.2255780" lon="14.6283300">
    <ele>521.1</ele>
   </trkpt>
   <trkpt lat="46.2255800" lon="14.6283450">
    <ele>521.5</ele>
   </trkpt>
   <trkpt lat="46.2255850" lon="14.6283530">
    <ele>521.8</ele>
   </trkpt>
   <trkpt lat="46.2255880" lon="14.6283650">
    <ele>522.1</ele>
   </trkpt>
   <trkpt lat="46.2255930" lon="14.6283800">
    <ele>522.5</ele>
   </trkpt>
   <trkpt lat="46.2255950" lon="14.6283870">
    <ele>522.7</ele>
   </trkpt>
   <trkpt lat="46.2255930" lon="14.6284030">
    <ele>523.1</ele>
   </trkpt>
   <trkpt lat="46.2255900" lon="14.6284200">
    <ele>523.6</ele>
   </trkpt>
   <trkpt lat="46.2255850" lon="14.6284350">
    <ele>524.0</ele>
   </trkpt>
   <trkpt lat="46.2255830" lon="14.6284480">
    <ele>524.4</ele>
   </trkpt>
   <trkpt lat="46.2255900" lon="14.6284620">
    <ele>524.8</ele>
   </trkpt>
   <trkpt lat="46.2255920" lon="14.6284730">
    <ele>525.1</ele>
   </trkpt>
   <trkpt lat="46.2255920" lon="14.6284920">
    <ele>525.6</ele>
   </trkpt>
   <trkpt lat="46.2255880" lon="14.6285030">
    <ele>525.9</ele>
   </trkpt>
   <trkpt lat="46.2255870" lon="14.6285170">
    <ele>526.2</ele>
   </trkpt>
   <trkpt lat="46.2255830" lon="14.6285330">
    <ele>526.6</ele>
   </trkpt>
   <trkpt lat="46.2255850" lon="14.6285450">
    <ele>526.9</ele>
   </trkpt>
   <trkpt lat="46.2255880" lon="14.6285580">
    <ele>527.2</ele>
   </trkpt>
   <trkpt lat="46.2255920" lon="14.6285670">
    <ele>527.5</ele>
   </trkpt>
   <trkpt lat="46.2255880" lon="14.6285730">
    <ele>527.7</ele>
   </trkpt>
   <trkpt lat="46.2255800" lon="14.6285770">
    <ele>528.0</ele>
   </trkpt>
   <trkpt lat="46.2255700" lon="14.6285720">
    <ele>528.3</ele>
   </trkpt>
   <trkpt lat="46.2255600" lon="14.6285620">
    <ele>528.7</ele>
   </trkpt>
   <trkpt lat="46.2255500" lon="14.6285520">
    <ele>529.1</ele>
   </trkpt>
   <trkpt lat="46.2255380" lon="14.6285380">
    <ele>529.6</ele>
   </trkpt>
   <trkpt lat="46.2255230" lon="14.6285350">
    <ele>530.1</ele>
   </trkpt>
   <trkpt lat="46.2255120" lon="14.6285280">
    <ele>530.4</ele>
   </trkpt>
   <trkpt lat="46.2255020" lon="14.6285120">
    <ele>530.9</ele>
   </trkpt>
   <trkpt lat="46.2254920" lon="14.6284970">
    <ele>531.3</ele>
   </trkpt>
   <trkpt lat="46.2254820" lon="14.6284830">
    <ele>531.7</ele>
   </trkpt>
   <trkpt lat="46.2254770" lon="14.6284730">
    <ele>531.9</ele>
   </trkpt>
   <trkpt lat="46.2254650" lon="14.6284630">
    <ele>532.3</ele>
   </trkpt>
   <trkpt lat="46.2254580" lon="14.6284680">
    <ele>532.6</ele>
   </trkpt>
   <trkpt lat="46.2254480" lon="14.6284720">
    <ele>532.9</ele>
   </trkpt>
   <trkpt lat="46.2254420" lon="14.6284730">
    <ele>533.0</ele>
   </trkpt>
   <trkpt lat="46.2254380" lon="14.6284800">
    <ele>533.2</ele>
   </trkpt>
   <trkpt lat="46.2254350" lon="14.6284880">
    <ele>533.4</ele>
   </trkpt>
   <trkpt lat="46.2254320" lon="14.6284980">
    <ele>533.6</ele>
   </trkpt>
   <trkpt lat="46.2254270" lon="14.6285100">
    <ele>533.9</ele>
   </trkpt>
   <trkpt lat="46.2254230" lon="14.6285170">
    <ele>534.1</ele>
   </trkpt>
   <trkpt lat="46.2254220" lon="14.6285280">
    <ele>534.3</ele>
   </trkpt>
   <trkpt lat="46.2254170" lon="14.6285480">
    <ele>534.7</ele>
   </trkpt>
   <trkpt lat="46.2254150" lon="14.6285650">
    <ele>535.1</ele>
   </trkpt>
   <trkpt lat="46.2254180" lon="14.6285820">
    <ele>535.4</ele>
   </trkpt>
   <trkpt lat="46.2254150" lon="14.6285950">
    <ele>535.7</ele>
   </trkpt>
   <trkpt lat="46.2254170" lon="14.6286080">
    <ele>536.0</ele>
   </trkpt>
   <trkpt lat="46.2254150" lon="14.6286180">
    <ele>536.2</ele>
   </trkpt>
   <trkpt lat="46.2254180" lon="14.6286250">
    <ele>536.3</ele>
   </trkpt>
   <trkpt lat="46.2254200" lon="14.6286350">
    <ele>536.6</ele>
   </trkpt>
   <trkpt lat="46.2254250" lon="14.6286470">
    <ele>536.8</ele>
   </trkpt>
   <trkpt lat="46.2254380" lon="14.6286480">
    <ele>537.2</ele>
   </trkpt>
   <trkpt lat="46.2254450" lon="14.6286650">
    <ele>537.6</ele>
   </trkpt>
   <trkpt lat="46.2254480" lon="14.6286870">
    <ele>538.1</ele>
   </trkpt>
   <trkpt lat="46.2254480" lon="14.6287100">
    <ele>538.5</ele>
   </trkpt>
   <trkpt lat="46.2254450" lon="14.6287350">
    <ele>539.0</ele>
   </trkpt>
   <trkpt lat="46.2254480" lon="14.6287550">
    <ele>539.4</ele>
   </trkpt>
   <trkpt lat="46.2254470" lon="14.6287720">
    <ele>539.8</ele>
   </trkpt>
   <trkpt lat="46.2254500" lon="14.6287870">
    <ele>540.1</ele>
   </trkpt>
   <trkpt lat="46.2254530" lon="14.6288000">
    <ele>540.4</ele>
   </trkpt>
   <trkpt lat="46.2254570" lon="14.6288230">
    <ele>540.9</ele>
   </trkpt>
   <trkpt lat="46.2254570" lon="14.6288430">
    <ele>541.3</ele>
   </trkpt>
   <trkpt lat="46.2254530" lon="14.6288600">
    <ele>541.7</ele>
   </trkpt>
   <trkpt lat="46.2254570" lon="14.6288700">
    <ele>541.9</ele>
   </trkpt>
   <trkpt lat="46.2254530" lon="14.6288770">
    <ele>542.1</ele>
   </trkpt>
   <trkpt lat="46.2254500" lon="14.6288800">
    <ele>542.2</ele>
   </trkpt>
   <trkpt lat="46.2254480" lon="14.6288880">
    <ele>542.4</ele>
   </trkpt>
   <trkpt lat="46.2254480" lon="14.6289020">
    <ele>542.7</ele>
   </trkpt>
   <trkpt lat="46.2254450" lon="14.6289120">
    <ele>543.0</ele>
   </trkpt>
   <trkpt lat="46.2254430" lon="14.6289120">
    <ele>543.0</ele>
   </trkpt>
   <trkpt lat="46.2254400" lon="14.6289320">
    <ele>543.5</ele>
   </trkpt>
   <trkpt lat="46.2254400" lon="14.6289400">
    <ele>543.7</ele>
   </trkpt>
   <trkpt lat="46.2254450" lon="14.6289430">
    <ele>543.9</ele>
   </trkpt>
   <trkpt lat="46.2254450" lon="14.6289500">
    <ele>544.0</ele>
   </trkpt>
   <trkpt lat="46.2254480" lon="14.6289570">
    <ele>544.2</ele>
   </trkpt>
   <trkpt lat="46.2254500" lon="14.6289750">
    <ele>544.6</ele>
   </trkpt>
   <trkpt lat="46.2254500" lon="14.6289920">
    <ele>545.0</ele>
   </trkpt>
   <trkpt lat="46.2254430" lon="14.6290120">
    <ele>545.5</ele>
   </trkpt>
   <trkpt lat="46.2254400" lon="14.6290200">
    <ele>545.7</ele>
   </trkpt>
   <trkpt lat="46.2254370" lon="14.6290250">
    <ele>545.9</ele>
   </trkpt>
   <trkpt lat="46.2254320" lon="14.6290470">
    <ele>546.4</ele>
   </trkpt>
   <trkpt lat="46.2254300" lon="14.6290570">
    <ele>546.7</ele>
   </trkpt>
   <trkpt lat="46.2254270" lon="14.6290800">
    <ele>547.2</ele>
   </trkpt>
   <trkpt lat="46.2254250" lon="14.6290980">
    <ele>547.6</ele>
   </trkpt>
   <trkpt lat="46.2254270" lon="14.6291070">
    <ele>547.9</ele>
   </trkpt>
   <trkpt lat="46.2254270" lon="14.6291170">
    <ele>548.1</ele>
   </trkpt>
   <trkpt lat="46.2254280" lon="14.6291220">
    <ele>548.2</ele>
   </trkpt>
   <trkpt lat="46.2254270" lon="14.6291270">
    <ele>548.4</ele>
   </trkpt>
   <trkpt lat="46.2254250" lon="14.6291300">
    <ele>548.4</ele>
   </trkpt>
   <trkpt lat="46.2254250" lon="14.6291420">
    <ele>548.7</ele>
   </trkpt>
   <trkpt lat="46.2254230" lon="14.6291530">
    <ele>549.0</ele>
   </trkpt>
   <trkpt lat="46.2254230" lon="14.6291570">
    <ele>549.1</ele>
   </trkpt>
   <trkpt lat="46.2254250" lon="14.6291570">
    <ele>549.2</ele>
   </trkpt>
   <trkpt lat="46.2254270" lon="14.6291550">
    <ele>549.3</ele>
   </trkpt>
   <trkpt lat="46.2254300" lon="14.6291570">
    <ele>549.4</ele>
   </trkpt>
   <trkpt lat="46.2254270" lon="14.6291780">
    <ele>549.9</ele>
   </trkpt>
   <trkpt lat="46.2254230" lon="14.6291950">
    <ele>550.3</ele>
   </trkpt>
   <trkpt lat="46.2254200" lon="14.6292180">
    <ele>550.9</ele>
   </trkpt>
   <trkpt lat="46.2254170" lon="14.6292370">
    <ele>551.3</ele>
   </trkpt>
   <trkpt lat="46.2254150" lon="14.6292550">
    <ele>551.7</ele>
   </trkpt>
   <trkpt lat="46.2254120" lon="14.6292700">
    <ele>552.1</ele>
   </trkpt>
   <trkpt lat="46.2254080" lon="14.6292880">
    <ele>552.6</ele>
   </trkpt>
   <trkpt lat="46.2254050" lon="14.6293020">
    <ele>552.9</ele>
   </trkpt>
   <trkpt lat="46.2254070" lon="14.6293120">
    <ele>553.2</ele>
   </trkpt>
   <trkpt lat="46.2254130" lon="14.6293150">
    <ele>553.4</ele>
   </trkpt>
   <trkpt lat="46.2254180" lon="14.6293180">
    <ele>553.6</ele>
   </trkpt>
   <trkpt lat="46.2254180" lon="14.6293270">
    <ele>553.8</ele>
   </trkpt>
   <trkpt lat="46.2254220" lon="14.6293380">
    <ele>554.0</ele>
   </trkpt>
   <trkpt lat="46.2254200" lon="14.6293450">
    <ele>554.2</ele>
   </trkpt>
   <trkpt lat="46.2254200" lon="14.6293570">
    <ele>554.5</ele>
   </trkpt>
   <trkpt lat="46.2254220" lon="14.6293700">
    <ele>554.8</ele>
   </trkpt>
   <trkpt lat="46.2254270" lon="14.6293870">
    <ele>555.2</ele>
   </trkpt>
   <trkpt lat="46.2254300" lon="14.6293980">
    <ele>555.5</ele>
   </trkpt>
   <trkpt lat="46.2254320" lon="14.6294070">
    <ele>555.7</ele>
   </trkpt>
   <trkpt lat="46.2254300" lon="14.6294200">
    <ele>556.0</ele>
   </trkpt>
   <trkpt lat="46.2254270" lon="14.6294300">
    <ele>556.3</ele>
   </trkpt>
   <trkpt lat="46.2254250" lon="14.6294380">
    <ele>556.5</ele>
   </trkpt>
   <trkpt lat="46.2254180" lon="14.6294530">
    <ele>556.9</ele>
   </trkpt>
   <trkpt lat="46.2254150" lon="14.6294630">
    <ele>557.1</ele>
   </trkpt>
   <trkpt lat="46.2254130" lon="14.6294680">
    <ele>557.2</ele>
   </trkpt>
   <trkpt lat="46.2254120" lon="14.6294720">
    <ele>557.3</ele>
   </trkpt>
   <trkpt lat="46.2254130" lon="14.6294770">
    <ele>557.4</ele>
   </trkpt>
   <trkpt lat="46.2254130" lon="14.6294920">
    <ele>557.8</ele>
   </trkpt>
   <trkpt lat="46.2254170" lon="14.6295050">
    <ele>558.1</ele>
   </trkpt>
   <trkpt lat="46.2254150" lon="14.6295230">
    <ele>558.5</ele>
   </trkpt>
   <trkpt lat="46.2254150" lon="14.6295420">
    <ele>558.9</ele>
   </trkpt>
   <trkpt lat="46.2254170" lon="14.6295480">
    <ele>559.0</ele>
   </trkpt>
   <trkpt lat="46.2254130" lon="14.6295650">
    <ele>559.4</ele>
   </trkpt>
   <trkpt lat="46.2254150" lon="14.6295820">
    <ele>559.8</ele>
   </trkpt>
   <trkpt lat="46.2254170" lon="14.6296000">
    <ele>560.1</ele>
   </trkpt>
   <trkpt lat="46.2254130" lon="14.6296220">
    <ele>560.6</ele>
   </trkpt>
   <trkpt lat="46.2254100" lon="14.6296500">
    <ele>561.1</ele>
   </trkpt>
   <trkpt lat="46.2254030" lon="14.6296820">
    <ele>561.7</ele>
   </trkpt>
   <trkpt lat="46.2254020" lon="14.6297150">
    <ele>562.3</ele>
   </trkpt>
   <trkpt lat="46.2254020" lon="14.6297430">
    <ele>562.8</ele>
   </trkpt>
   <trkpt lat="46.2253950" lon="14.6297770">
    <ele>563.3</ele>
   </trkpt>
   <trkpt lat="46.2253900" lon="14.6298030">
    <ele>563.7</ele>
   </trkpt>
   <trkpt lat="46.2253730" lon="14.6298470">
    <ele>564.4</ele>
   </trkpt>
   <trkpt lat="46.2253620" lon="14.6298730">
    <ele>564.8</ele>
   </trkpt>
   <trkpt lat="46.2253580" lon="14.6298950">
    <ele>565.2</ele>
   </trkpt>
   <trkpt lat="46.2253530" lon="14.6299180">
    <ele>565.5</ele>
   </trkpt>
   <trkpt lat="46.2253530" lon="14.6299370">
    <ele>565.7</ele>
   </trkpt>
   <trkpt lat="46.2253500" lon="14.6299530">
    <ele>565.9</ele>
   </trkpt>
   <trkpt lat="46.2253450" lon="14.6299780">
    <ele>566.3</ele>
   </trkpt>
   <trkpt lat="46.2253370" lon="14.6300050">
    <ele>566.7</ele>
   </trkpt>
   <trkpt lat="46.2253370" lon="14.6300330">
    <ele>567.1</ele>
   </trkpt>
   <trkpt lat="46.2253330" lon="14.6300720">
    <ele>567.6</ele>
   </trkpt>
   <trkpt lat="46.2253180" lon="14.6301150">
    <ele>568.3</ele>
   </trkpt>
   <trkpt lat="46.2253070" lon="14.6301450">
    <ele>568.8</ele>
   </trkpt>
   <trkpt lat="46.2253020" lon="14.6301700">
    <ele>569.2</ele>
   </trkpt>
   <trkpt lat="46.2252900" lon="14.6301920">
    <ele>569.6</ele>
   </trkpt>
   <trkpt lat="46.2252830" lon="14.6302030">
    <ele>569.9</ele>
   </trkpt>
   <trkpt lat="46.2252820" lon="14.6302170">
    <ele>570.1</ele>
   </trkpt>
   <trkpt lat="46.2252870" lon="14.6302320">
    <ele>570.3</ele>
   </trkpt>
   <trkpt lat="46.2252900" lon="14.6302480">
    <ele>570.6</ele>
   </trkpt>
   <trkpt lat="46.2252870" lon="14.6302700">
    <ele>571.0</ele>
   </trkpt>
   <trkpt lat="46.2252830" lon="14.6302880">
    <ele>571.3</ele>
   </trkpt>
   <trkpt lat="46.2252800" lon="14.6303050">
    <ele>571.6</ele>
   </trkpt>
   <trkpt lat="46.2252770" lon="14.6303200">
    <ele>571.8</ele>
   </trkpt>
   <trkpt lat="46.2252730" lon="14.6303350">
    <ele>572.1</ele>
   </trkpt>
   <trkpt lat="46.2252730" lon="14.6303520">
    <ele>572.4</ele>
   </trkpt>
   <trkpt lat="46.2252730" lon="14.6303620">
    <ele>572.5</ele>
   </trkpt>
   <trkpt lat="46.2252700" lon="14.6303780">
    <ele>572.8</ele>
   </trkpt>
   <trkpt lat="46.2252670" lon="14.6303980">
    <ele>573.1</ele>
   </trkpt>
   <trkpt lat="46.2252650" lon="14.6304170">
    <ele>573.5</ele>
   </trkpt>
   <trkpt lat="46.2252650" lon="14.6304430">
    <ele>573.9</ele>
   </trkpt>
   <trkpt lat="46.2252700" lon="14.6304600">
    <ele>574.2</ele>
   </trkpt>
   <trkpt lat="46.2252720" lon="14.6304820">
    <ele>574.6</ele>
   </trkpt>
   <trkpt lat="46.2252700" lon="14.6305070">
    <ele>575.0</ele>
   </trkpt>
   <trkpt lat="46.2252650" lon="14.6305280">
    <ele>575.4</ele>
   </trkpt>
   <trkpt lat="46.2252600" lon="14.6305450">
    <ele>575.7</ele>
   </trkpt>
   <trkpt lat="46.2252570" lon="14.6305630">
    <ele>576.0</ele>
   </trkpt>
   <trkpt lat="46.2252550" lon="14.6305800">
    <ele>576.3</ele>
   </trkpt>
   <trkpt lat="46.2252530" lon="14.6305980">
    <ele>576.6</ele>
   </trkpt>
   <trkpt lat="46.2252530" lon="14.6306230">
    <ele>577.0</ele>
   </trkpt>
   <trkpt lat="46.2252550" lon="14.6306480">
    <ele>577.5</ele>
   </trkpt>
   <trkpt lat="46.2252480" lon="14.6306720">
    <ele>577.9</ele>
   </trkpt>
   <trkpt lat="46.2252480" lon="14.6306930">
    <ele>578.3</ele>
   </trkpt>
   <trkpt lat="46.2252470" lon="14.6307220">
    <ele>578.8</ele>
   </trkpt>
   <trkpt lat="46.2252420" lon="14.6307520">
    <ele>579.3</ele>
   </trkpt>
   <trkpt lat="46.2252420" lon="14.6307750">
    <ele>579.7</ele>
   </trkpt>
   <trkpt lat="46.2252430" lon="14.6307950">
    <ele>580.1</ele>
   </trkpt>
   <trkpt lat="46.2252520" lon="14.6308170">
    <ele>580.5</ele>
   </trkpt>
   <trkpt lat="46.2252630" lon="14.6308380">
    <ele>581.0</ele>
   </trkpt>
   <trkpt lat="46.2252630" lon="14.6308530">
    <ele>581.3</ele>
   </trkpt>
   <trkpt lat="46.2252630" lon="14.6308650">
    <ele>581.5</ele>
   </trkpt>
   <trkpt lat="46.2252600" lon="14.6308770">
    <ele>581.8</ele>
   </trkpt>
   <trkpt lat="46.2252530" lon="14.6308880">
    <ele>582.0</ele>
   </trkpt>
   <trkpt lat="46.2252470" lon="14.6309000">
    <ele>582.3</ele>
   </trkpt>
   <trkpt lat="46.2252380" lon="14.6309170">
    <ele>582.7</ele>
   </trkpt>
   <trkpt lat="46.2252270" lon="14.6309380">
    <ele>583.2</ele>
   </trkpt>
   <trkpt lat="46.2252220" lon="14.6309580">
    <ele>583.6</ele>
   </trkpt>
   <trkpt lat="46.2252050" lon="14.6309820">
    <ele>584.3</ele>
   </trkpt>
   <trkpt lat="46.2252000" lon="14.6310070">
    <ele>584.8</ele>
   </trkpt>
   <trkpt lat="46.2252030" lon="14.6310280">
    <ele>585.2</ele>
   </trkpt>
   <trkpt lat="46.2252000" lon="14.6310500">
    <ele>585.7</ele>
   </trkpt>
   <trkpt lat="46.2251920" lon="14.6310820">
    <ele>586.3</ele>
   </trkpt>
   <trkpt lat="46.2251870" lon="14.6311000">
    <ele>586.7</ele>
   </trkpt>
   <trkpt lat="46.2252000" lon="14.6311120">
    <ele>587.1</ele>
   </trkpt>
   <trkpt lat="46.2252080" lon="14.6311480">
    <ele>587.7</ele>
   </trkpt>
   <trkpt lat="46.2252230" lon="14.6311920">
    <ele>588.6</ele>
   </trkpt>
   <trkpt lat="46.2252400" lon="14.6312270">
    <ele>589.3</ele>
   </trkpt>
   <trkpt lat="46.2252430" lon="14.6312400">
    <ele>589.5</ele>
   </trkpt>
   <trkpt lat="46.2252570" lon="14.6312470">
    <ele>589.8</ele>
   </trkpt>
   <trkpt lat="46.2252750" lon="14.6312400">
    <ele>590.2</ele>
   </trkpt>
   <trkpt lat="46.2252750" lon="14.6312820">
    <ele>590.9</ele>
   </trkpt>
   <trkpt lat="46.2252770" lon="14.6313130">
    <ele>591.4</ele>
   </trkpt>
   <trkpt lat="46.2252780" lon="14.6313600">
    <ele>592.1</ele>
   </trkpt>
   <trkpt lat="46.2252670" lon="14.6313970">
    <ele>592.7</ele>
   </trkpt>
   <trkpt lat="46.2252620" lon="14.6314120">
    <ele>593.0</ele>
   </trkpt>
   <trkpt lat="46.2252700" lon="14.6314300">
    <ele>593.3</ele>
   </trkpt>
   <trkpt lat="46.2252800" lon="14.6314270">
    <ele>593.5</ele>
   </trkpt>
   <trkpt lat="46.2252770" lon="14.6314570">
    <ele>594.0</ele>
   </trkpt>
   <trkpt lat="46.2252620" lon="14.6315200">
    <ele>595.0</ele>
   </trkpt>
   <trkpt lat="46.2252620" lon="14.6315480">
    <ele>595.4</ele>
   </trkpt>
   <trkpt lat="46.2252630" lon="14.6315750">
    <ele>595.8</ele>
   </trkpt>
   <trkpt lat="46.2252630" lon="14.6316020">
    <ele>596.2</ele>
   </trkpt>
   <trkpt lat="46.2252520" lon="14.6316150">
    <ele>596.5</ele>
   </trkpt>
   <trkpt lat="46.2252520" lon="14.6316280">
    <ele>596.7</ele>
   </trkpt>
   <trkpt lat="46.2252380" lon="14.6316580">
    <ele>597.3</ele>
   </trkpt>
   <trkpt lat="46.2252050" lon="14.6316950">
    <ele>598.1</ele>
   </trkpt>
   <trkpt lat="46.2251770" lon="14.6317120">
    <ele>598.7</ele>
   </trkpt>
   <trkpt lat="46.2251700" lon="14.6317080">
    <ele>598.8</ele>
   </trkpt>
   <trkpt lat="46.2251650" lon="14.6316870">
    <ele>599.1</ele>
   </trkpt>
   <trkpt lat="46.2251680" lon="14.6316770">
    <ele>599.2</ele>
   </trkpt>
   <trkpt lat="46.2251580" lon="14.6316880">
    <ele>599.4</ele>
   </trkpt>
   <trkpt lat="46.2251370" lon="14.6317120">
    <ele>599.9</ele>
   </trkpt>
   <trkpt lat="46.2251150" lon="14.6317400">
    <ele>600.3</ele>
   </trkpt>
   <trkpt lat="46.2251020" lon="14.6317580">
    <ele>600.6</ele>
   </trkpt>
   <trkpt lat="46.2250930" lon="14.6317700">
    <ele>600.8</ele>
   </trkpt>
   <trkpt lat="46.2250900" lon="14.6317700">
    <ele>600.8</ele>
   </trkpt>
   <trkpt lat="46.2250880" lon="14.6317720">
    <ele>600.8</ele>
   </trkpt>
   <trkpt lat="46.2250820" lon="14.6317770">
    <ele>600.9</ele>
   </trkpt>
   <trkpt lat="46.2250730" lon="14.6317880">
    <ele>601.1</ele>
   </trkpt>
   <trkpt lat="46.2250630" lon="14.6318000">
    <ele>601.3</ele>
   </trkpt>
   <trkpt lat="46.2250570" lon="14.6318130">
    <ele>601.4</ele>
   </trkpt>
   <trkpt lat="46.2250470" lon="14.6318370">
    <ele>601.7</ele>
   </trkpt>
   <trkpt lat="46.2250330" lon="14.6318550">
    <ele>601.9</ele>
   </trkpt>
   <trkpt lat="46.2250230" lon="14.6318700">
    <ele>602.1</ele>
   </trkpt>
   <trkpt lat="46.2250120" lon="14.6318820">
    <ele>602.3</ele>
   </trkpt>
   <trkpt lat="46.2250000" lon="14.6318880">
    <ele>602.5</ele>
   </trkpt>
   <trkpt lat="46.2249850" lon="14.6318930">
    <ele>602.7</ele>
   </trkpt>
   <trkpt lat="46.2249730" lon="14.6319000">
    <ele>602.8</ele>
   </trkpt>
   <trkpt lat="46.2249630" lon="14.6319070">
    <ele>603.0</ele>
   </trkpt>
   <trkpt lat="46.2249520" lon="14.6319130">
    <ele>603.1</ele>
   </trkpt>
   <trkpt lat="46.2249400" lon="14.6319220">
    <ele>603.3</ele>
   </trkpt>
   <trkpt lat="46.2249320" lon="14.6319370">
    <ele>603.4</ele>
   </trkpt>
   <trkpt lat="46.2249270" lon="14.6319550">
    <ele>603.6</ele>
   </trkpt>
   <trkpt lat="46.2249220" lon="14.6319770">
    <ele>603.7</ele>
   </trkpt>
   <trkpt lat="46.2249120" lon="14.6320000">
    <ele>603.9</ele>
   </trkpt>
   <trkpt lat="46.2249050" lon="14.6320280">
    <ele>604.1</ele>
   </trkpt>
   <trkpt lat="46.2249050" lon="14.6320620">
    <ele>604.3</ele>
   </trkpt>
   <trkpt lat="46.2249050" lon="14.6321020">
    <ele>604.5</ele>
   </trkpt>
   <trkpt lat="46.2249070" lon="14.6321300">
    <ele>604.7</ele>
   </trkpt>
   <trkpt lat="46.2249170" lon="14.6321600">
    <ele>604.9</ele>
   </trkpt>
   <trkpt lat="46.2249180" lon="14.6321920">
    <ele>605.0</ele>
   </trkpt>
   <trkpt lat="46.2249230" lon="14.6322330">
    <ele>605.2</ele>
   </trkpt>
   <trkpt lat="46.2249150" lon="14.6322650">
    <ele>605.4</ele>
   </trkpt>
   <trkpt lat="46.2249070" lon="14.6323030">
    <ele>605.6</ele>
   </trkpt>
   <trkpt lat="46.2248970" lon="14.6323300">
    <ele>605.7</ele>
   </trkpt>
   <trkpt lat="46.2248880" lon="14.6323580">
    <ele>605.9</ele>
   </trkpt>
   <trkpt lat="46.2248720" lon="14.6323900">
    <ele>606.1</ele>
   </trkpt>
   <trkpt lat="46.2248580" lon="14.6324030">
    <ele>606.3</ele>
   </trkpt>
   <trkpt lat="46.2248430" lon="14.6324200">
    <ele>606.5</ele>
   </trkpt>
   <trkpt lat="46.2248280" lon="14.6324350">
    <ele>606.7</ele>
   </trkpt>
   <trkpt lat="46.2248130" lon="14.6324530">
    <ele>606.8</ele>
   </trkpt>
   <trkpt lat="46.2248000" lon="14.6324700">
    <ele>607.0</ele>
   </trkpt>
   <trkpt lat="46.2247880" lon="14.6324870">
    <ele>607.2</ele>
   </trkpt>
   <trkpt lat="46.2247780" lon="14.6325020">
    <ele>607.3</ele>
   </trkpt>
   <trkpt lat="46.2247630" lon="14.6325230">
    <ele>607.5</ele>
   </trkpt>
   <trkpt lat="46.2247570" lon="14.6325280">
    <ele>607.6</ele>
   </trkpt>
   <trkpt lat="46.2247530" lon="14.6325320">
    <ele>607.7</ele>
   </trkpt>
   <trkpt lat="46.2247470" lon="14.6325520">
    <ele>607.8</ele>
   </trkpt>
   <trkpt lat="46.2247320" lon="14.6325880">
    <ele>608.1</ele>
   </trkpt>
   <trkpt lat="46.2247130" lon="14.6326270">
    <ele>608.4</ele>
   </trkpt>
   <trkpt lat="46.2247030" lon="14.6326530">
    <ele>608.5</ele>
   </trkpt>
   <trkpt lat="46.2246870" lon="14.6326820">
    <ele>608.7</ele>
   </trkpt>
   <trkpt lat="46.2246680" lon="14.6327030">
    <ele>608.9</ele>
   </trkpt>
   <trkpt lat="46.2246480" lon="14.6327270">
    <ele>609.1</ele>
   </trkpt>
   <trkpt lat="46.2246320" lon="14.6327420">
    <ele>609.3</ele>
   </trkpt>
   <trkpt lat="46.2246150" lon="14.6327570">
    <ele>609.4</ele>
   </trkpt>
   <trkpt lat="46.2246000" lon="14.6327730">
    <ele>609.6</ele>
   </trkpt>
   <trkpt lat="46.2245830" lon="14.6327900">
    <ele>609.7</ele>
   </trkpt>
   <trkpt lat="46.2245680" lon="14.6328070">
    <ele>609.9</ele>
   </trkpt>
   <trkpt lat="46.2245520" lon="14.6328270">
    <ele>610.0</ele>
   </trkpt>
   <trkpt lat="46.2245350" lon="14.6328500">
    <ele>610.2</ele>
   </trkpt>
   <trkpt lat="46.2245270" lon="14.6328550">
    <ele>610.3</ele>
   </trkpt>
   <trkpt lat="46.2245180" lon="14.6328580">
    <ele>610.4</ele>
   </trkpt>
   <trkpt lat="46.2245000" lon="14.6328980">
    <ele>610.7</ele>
   </trkpt>
   <trkpt lat="46.2244800" lon="14.6329400">
    <ele>611.0</ele>
   </trkpt>
   <trkpt lat="46.2244750" lon="14.6329820">
    <ele>611.3</ele>
   </trkpt>
   <trkpt lat="46.2244670" lon="14.6329980">
    <ele>611.4</ele>
   </trkpt>
   <trkpt lat="46.2244570" lon="14.6330150">
    <ele>611.6</ele>
   </trkpt>
   <trkpt lat="46.2244280" lon="14.6330720">
    <ele>612.0</ele>
   </trkpt>
   <trkpt lat="46.2243950" lon="14.6331430">
    <ele>612.6</ele>
   </trkpt>
   <trkpt lat="46.2243470" lon="14.6332300">
    <ele>613.4</ele>
   </trkpt>
   <trkpt lat="46.2243180" lon="14.6332780">
    <ele>613.8</ele>
   </trkpt>
   <trkpt lat="46.2243050" lon="14.6333270">
    <ele>614.2</ele>
   </trkpt>
   <trkpt lat="46.2242670" lon="14.6333850">
    <ele>614.9</ele>
   </trkpt>
   <trkpt lat="46.2242400" lon="14.6334270">
    <ele>615.5</ele>
   </trkpt>
   <trkpt lat="46.2242270" lon="14.6334400">
    <ele>615.7</ele>
   </trkpt>
   <trkpt lat="46.2242180" lon="14.6334470">
    <ele>615.8</ele>
   </trkpt>
   <trkpt lat="46.2242080" lon="14.6334450">
    <ele>616.0</ele>
   </trkpt>
   <trkpt lat="46.2241980" lon="14.6334480">
    <ele>616.2</ele>
   </trkpt>
   <trkpt lat="46.2241830" lon="14.6334500">
    <ele>616.4</ele>
   </trkpt>
   <trkpt lat="46.2241680" lon="14.6334530">
    <ele>616.6</ele>
   </trkpt>
   <trkpt lat="46.2241480" lon="14.6334570">
    <ele>617.0</ele>
   </trkpt>
   <trkpt lat="46.2241300" lon="14.6334720">
    <ele>617.3</ele>
   </trkpt>
   <trkpt lat="46.2241100" lon="14.6334920">
    <ele>617.7</ele>
   </trkpt>
   <trkpt lat="46.2240880" lon="14.6335030">
    <ele>618.1</ele>
   </trkpt>
   <trkpt lat="46.2240670" lon="14.6335180">
    <ele>618.5</ele>
   </trkpt>
   <trkpt lat="46.2240370" lon="14.6335330">
    <ele>619.0</ele>
   </trkpt>
   <trkpt lat="46.2240070" lon="14.6335530">
    <ele>619.6</ele>
   </trkpt>
   <trkpt lat="46.2239830" lon="14.6335650">
    <ele>620.0</ele>
   </trkpt>
   <trkpt lat="46.2239670" lon="14.6335650">
    <ele>620.3</ele>
   </trkpt>
   <trkpt lat="46.2239480" lon="14.6335630">
    <ele>620.6</ele>
   </trkpt>
   <trkpt lat="46.2239230" lon="14.6335750">
    <ele>621.1</ele>
   </trkpt>
   <trkpt lat="46.2238980" lon="14.6335950">
    <ele>621.6</ele>
   </trkpt>
   <trkpt lat="46.2238800" lon="14.6336170">
    <ele>622.0</ele>
   </trkpt>
   <trkpt lat="46.2238680" lon="14.6336320">
    <ele>622.2</ele>
   </trkpt>
   <trkpt lat="46.2238580" lon="14.6336480">
    <ele>622.5</ele>
   </trkpt>
   <trkpt lat="46.2238480" lon="14.6336600">
    <ele>622.7</ele>
   </trkpt>
   <trkpt lat="46.2238320" lon="14.6336750">
    <ele>623.0</ele>
   </trkpt>
   <trkpt lat="46.2238200" lon="14.6336950">
    <ele>623.3</ele>
   </trkpt>
   <trkpt lat="46.2238030" lon="14.6337150">
    <ele>623.7</ele>
   </trkpt>
   <trkpt lat="46.2238050" lon="14.6337380">
    <ele>624.0</ele>
   </trkpt>
   <trkpt lat="46.2238030" lon="14.6337520">
    <ele>624.1</ele>
   </trkpt>
   <trkpt lat="46.2237900" lon="14.6337870">
    <ele>624.6</ele>
   </trkpt>
   <trkpt lat="46.2237580" lon="14.6338250">
    <ele>625.3</ele>
   </trkpt>
   <trkpt lat="46.2237420" lon="14.6338650">
    <ele>625.9</ele>
   </trkpt>
   <trkpt lat="46.2237270" lon="14.6338980">
    <ele>626.4</ele>
   </trkpt>
   <trkpt lat="46.2237100" lon="14.6339280">
    <ele>626.9</ele>
   </trkpt>
   <trkpt lat="46.2236900" lon="14.6339830">
    <ele>627.6</ele>
   </trkpt>
   <trkpt lat="46.2236850" lon="14.6340030">
    <ele>627.9</ele>
   </trkpt>
   <trkpt lat="46.2236750" lon="14.6340370">
    <ele>628.4</ele>
   </trkpt>
   <trkpt lat="46.2236650" lon="14.6340580">
    <ele>628.7</ele>
   </trkpt>
   <trkpt lat="46.2236550" lon="14.6340850">
    <ele>629.1</ele>
   </trkpt>
   <trkpt lat="46.2236470" lon="14.6341250">
    <ele>629.6</ele>
   </trkpt>
   <trkpt lat="46.2236300" lon="14.6341480">
    <ele>630.0</ele>
   </trkpt>
   <trkpt lat="46.2236170" lon="14.6341650">
    <ele>630.2</ele>
   </trkpt>
   <trkpt lat="46.2235920" lon="14.6341830">
    <ele>630.6</ele>
   </trkpt>
   <trkpt lat="46.2235680" lon="14.6342030">
    <ele>631.0</ele>
   </trkpt>
   <trkpt lat="46.2235570" lon="14.6342100">
    <ele>631.2</ele>
   </trkpt>
   <trkpt lat="46.2235430" lon="14.6341970">
    <ele>631.4</ele>
   </trkpt>
   <trkpt lat="46.2235270" lon="14.6342200">
    <ele>631.8</ele>
   </trkpt>
   <trkpt lat="46.2235230" lon="14.6341900">
    <ele>632.2</ele>
   </trkpt>
   <trkpt lat="46.2235120" lon="14.6342050">
    <ele>632.4</ele>
   </trkpt>
   <trkpt lat="46.2235100" lon="14.6342050">
    <ele>632.5</ele>
   </trkpt>
   <trkpt lat="46.2235080" lon="14.6342050">
    <ele>632.5</ele>
   </trkpt>
   <trkpt lat="46.2235070" lon="14.6342070">
    <ele>632.5</ele>
   </trkpt>
   <trkpt lat="46.2235070" lon="14.6342070">
    <ele>632.5</ele>
   </trkpt>
   <trkpt lat="46.2235070" lon="14.6342050">
    <ele>632.5</ele>
   </trkpt>
   <trkpt lat="46.2235030" lon="14.6341880">
    <ele>632.8</ele>
   </trkpt>
   <trkpt lat="46.2234880" lon="14.6341830">
    <ele>633.0</ele>
   </trkpt>
   <trkpt lat="46.2234770" lon="14.6341800">
    <ele>633.3</ele>
   </trkpt>
   <trkpt lat="46.2234700" lon="14.6341720">
    <ele>633.4</ele>
   </trkpt>
   <trkpt lat="46.2234570" lon="14.6341830">
    <ele>633.7</ele>
   </trkpt>
   <trkpt lat="46.2234500" lon="14.6342080">
    <ele>634.0</ele>
   </trkpt>
   <trkpt lat="46.2234480" lon="14.6342220">
    <ele>634.2</ele>
   </trkpt>
   <trkpt lat="46.2234480" lon="14.6342280">
    <ele>634.3</ele>
   </trkpt>
   <trkpt lat="46.2234450" lon="14.6342380">
    <ele>634.4</ele>
   </trkpt>
   <trkpt lat="46.2234380" lon="14.6342480">
    <ele>634.6</ele>
   </trkpt>
   <trkpt lat="46.2234330" lon="14.6342530">
    <ele>634.7</ele>
   </trkpt>
   <trkpt lat="46.2234230" lon="14.6342670">
    <ele>634.9</ele>
   </trkpt>
   <trkpt lat="46.2234180" lon="14.6342800">
    <ele>635.1</ele>
   </trkpt>
   <trkpt lat="46.2234150" lon="14.6342970">
    <ele>635.3</ele>
   </trkpt>
   <trkpt lat="46.2234170" lon="14.6343150">
    <ele>635.5</ele>
   </trkpt>
   <trkpt lat="46.2234150" lon="14.6343280">
    <ele>635.6</ele>
   </trkpt>
   <trkpt lat="46.2234070" lon="14.6343450">
    <ele>635.8</ele>
   </trkpt>
   <trkpt lat="46.2233950" lon="14.6343620">
    <ele>636.1</ele>
   </trkpt>
   <trkpt lat="46.2233880" lon="14.6343780">
    <ele>636.3</ele>
   </trkpt>
   <trkpt lat="46.2233780" lon="14.6343980">
    <ele>636.5</ele>
   </trkpt>
   <trkpt lat="46.2233700" lon="14.6344150">
    <ele>636.7</ele>
   </trkpt>
   <trkpt lat="46.2233550" lon="14.6344330">
    <ele>637.0</ele>
   </trkpt>
   <trkpt lat="46.2233400" lon="14.6344530">
    <ele>637.2</ele>
   </trkpt>
   <trkpt lat="46.2233300" lon="14.6344700">
    <ele>637.4</ele>
   </trkpt>
   <trkpt lat="46.2233130" lon="14.6344820">
    <ele>637.7</ele>
   </trkpt>
   <trkpt lat="46.2232970" lon="14.6344950">
    <ele>638.0</ele>
   </trkpt>
   <trkpt lat="46.2232750" lon="14.6345070">
    <ele>638.3</ele>
   </trkpt>
   <trkpt lat="46.2232570" lon="14.6345150">
    <ele>638.7</ele>
   </trkpt>
   <trkpt lat="46.2232400" lon="14.6345280">
    <ele>639.0</ele>
   </trkpt>
   <trkpt lat="46.2232350" lon="14.6345250">
    <ele>639.1</ele>
   </trkpt>
   <trkpt lat="46.2232180" lon="14.6345300">
    <ele>639.4</ele>
   </trkpt>
   <trkpt lat="46.2231980" lon="14.6345370">
    <ele>639.7</ele>
   </trkpt>
   <trkpt lat="46.2231830" lon="14.6345450">
    <ele>640.0</ele>
   </trkpt>
   <trkpt lat="46.2231670" lon="14.6345500">
    <ele>640.3</ele>
   </trkpt>
   <trkpt lat="46.2231500" lon="14.6345570">
    <ele>640.6</ele>
   </trkpt>
   <trkpt lat="46.2231270" lon="14.6345700">
    <ele>641.1</ele>
   </trkpt>
   <trkpt lat="46.2230980" lon="14.6345970">
    <ele>641.8</ele>
   </trkpt>
   <trkpt lat="46.2230550" lon="14.6346520">
    <ele>642.9</ele>
   </trkpt>
   <trkpt lat="46.2230380" lon="14.6346750">
    <ele>643.4</ele>
   </trkpt>
   <trkpt lat="46.2230150" lon="14.6346870">
    <ele>643.9</ele>
   </trkpt>
   <trkpt lat="46.2229970" lon="14.6346850">
    <ele>644.2</ele>
   </trkpt>
   <trkpt lat="46.2229770" lon="14.6346950">
    <ele>644.6</ele>
   </trkpt>
   <trkpt lat="46.2229550" lon="14.6347120">
    <ele>645.1</ele>
   </trkpt>
   <trkpt lat="46.2229420" lon="14.6347200">
    <ele>645.4</ele>
   </trkpt>
   <trkpt lat="46.2229280" lon="14.6347420">
    <ele>645.8</ele>
   </trkpt>
   <trkpt lat="46.2229100" lon="14.6347600">
    <ele>646.3</ele>
   </trkpt>
   <trkpt lat="46.2229000" lon="14.6347680">
    <ele>646.5</ele>
   </trkpt>
   <trkpt lat="46.2228870" lon="14.6347730">
    <ele>646.8</ele>
   </trkpt>
   <trkpt lat="46.2228770" lon="14.6347720">
    <ele>647.0</ele>
   </trkpt>
   <trkpt lat="46.2228680" lon="14.6347700">
    <ele>647.2</ele>
   </trkpt>
   <trkpt lat="46.2228530" lon="14.6347730">
    <ele>647.5</ele>
   </trkpt>
   <trkpt lat="46.2228430" lon="14.6347820">
    <ele>647.8</ele>
   </trkpt>
   <trkpt lat="46.2228270" lon="14.6347850">
    <ele>648.1</ele>
   </trkpt>
   <trkpt lat="46.2228100" lon="14.6347880">
    <ele>648.5</ele>
   </trkpt>
   <trkpt lat="46.2227970" lon="14.6347950">
    <ele>648.8</ele>
   </trkpt>
   <trkpt lat="46.2227820" lon="14.6348100">
    <ele>649.3</ele>
   </trkpt>
   <trkpt lat="46.2227720" lon="14.6348220">
    <ele>649.6</ele>
   </trkpt>
   <trkpt lat="46.2227670" lon="14.6348270">
    <ele>649.7</ele>
   </trkpt>
   <trkpt lat="46.2227600" lon="14.6348370">
    <ele>649.9</ele>
   </trkpt>
   <trkpt lat="46.2227470" lon="14.6348520">
    <ele>650.3</ele>
   </trkpt>
   <trkpt lat="46.2227250" lon="14.6348700">
    <ele>650.9</ele>
   </trkpt>
   <trkpt lat="46.2227200" lon="14.6348680">
    <ele>651.0</ele>
   </trkpt>
   <trkpt lat="46.2227080" lon="14.6348730">
    <ele>651.3</ele>
   </trkpt>
   <trkpt lat="46.2227030" lon="14.6348720">
    <ele>651.4</ele>
   </trkpt>
   <trkpt lat="46.2227050" lon="14.6348720">
    <ele>651.5</ele>
   </trkpt>
   <trkpt lat="46.2227070" lon="14.6348700">
    <ele>651.5</ele>
   </trkpt>
   <trkpt lat="46.2226920" lon="14.6348780">
    <ele>651.9</ele>
   </trkpt>
   <trkpt lat="46.2226770" lon="14.6348870">
    <ele>652.2</ele>
   </trkpt>
   <trkpt lat="46.2226650" lon="14.6348950">
    <ele>652.5</ele>
   </trkpt>
   <trkpt lat="46.2226450" lon="14.6349080">
    <ele>653.0</ele>
   </trkpt>
   <trkpt lat="46.2226320" lon="14.6349170">
    <ele>653.4</ele>
   </trkpt>
   <trkpt lat="46.2226200" lon="14.6349270">
    <ele>653.7</ele>
   </trkpt>
   <trkpt lat="46.2226080" lon="14.6349370">
    <ele>654.0</ele>
   </trkpt>
   <trkpt lat="46.2226050" lon="14.6349370">
    <ele>654.1</ele>
   </trkpt>
   <trkpt lat="46.2225920" lon="14.6349400">
    <ele>654.4</ele>
   </trkpt>
   <trkpt lat="46.2225780" lon="14.6349420">
    <ele>654.7</ele>
   </trkpt>
   <trkpt lat="46.2225650" lon="14.6349470">
    <ele>655.0</ele>
   </trkpt>
   <trkpt lat="46.2225500" lon="14.6349600">
    <ele>655.4</ele>
   </trkpt>
   <trkpt lat="46.2225380" lon="14.6349730">
    <ele>655.7</ele>
   </trkpt>
   <trkpt lat="46.2225330" lon="14.6349770">
    <ele>655.9</ele>
   </trkpt>
   <trkpt lat="46.2225200" lon="14.6349830">
    <ele>656.2</ele>
   </trkpt>
   <trkpt lat="46.2225000" lon="14.6349970">
    <ele>656.7</ele>
   </trkpt>
   <trkpt lat="46.2224870" lon="14.6350000">
    <ele>657.1</ele>
   </trkpt>
   <trkpt lat="46.2224700" lon="14.6350000">
    <ele>657.5</ele>
   </trkpt>
   <trkpt lat="46.2224570" lon="14.6350050">
    <ele>657.9</ele>
   </trkpt>
   <trkpt lat="46.2224380" lon="14.6350150">
    <ele>658.4</ele>
   </trkpt>
   <trkpt lat="46.2224250" lon="14.6350300">
    <ele>658.8</ele>
   </trkpt>
   <trkpt lat="46.2224130" lon="14.6350470">
    <ele>659.3</ele>
   </trkpt>
   <trkpt lat="46.2224000" lon="14.6350620">
    <ele>659.7</ele>
   </trkpt>
   <trkpt lat="46.2223870" lon="14.6350820">
    <ele>660.3</ele>
   </trkpt>
   <trkpt lat="46.2223720" lon="14.6351000">
    <ele>660.8</ele>
   </trkpt>
   <trkpt lat="46.2223620" lon="14.6351130">
    <ele>661.2</ele>
   </trkpt>
   <trkpt lat="46.2223520" lon="14.6351250">
    <ele>661.5</ele>
   </trkpt>
   <trkpt lat="46.2223380" lon="14.6351400">
    <ele>662.1</ele>
   </trkpt>
   <trkpt lat="46.2223280" lon="14.6351430">
    <ele>662.4</ele>
   </trkpt>
   <trkpt lat="46.2223100" lon="14.6351680">
    <ele>663.1</ele>
   </trkpt>
   <trkpt lat="46.2223000" lon="14.6351730">
    <ele>663.4</ele>
   </trkpt>
   <trkpt lat="46.2222870" lon="14.6352080">
    <ele>664.2</ele>
   </trkpt>
   <trkpt lat="46.2222650" lon="14.6352320">
    <ele>665.0</ele>
   </trkpt>
   <trkpt lat="46.2222430" lon="14.6352530">
    <ele>665.8</ele>
   </trkpt>
   <trkpt lat="46.2222180" lon="14.6352950">
    <ele>666.9</ele>
   </trkpt>
   <trkpt lat="46.2221950" lon="14.6353280">
    <ele>667.8</ele>
   </trkpt>
   <trkpt lat="46.2221700" lon="14.6353530">
    <ele>668.7</ele>
   </trkpt>
   <trkpt lat="46.2221480" lon="14.6353780">
    <ele>669.5</ele>
   </trkpt>
   <trkpt lat="46.2221350" lon="14.6354080">
    <ele>670.3</ele>
   </trkpt>
   <trkpt lat="46.2221150" lon="14.6354400">
    <ele>671.2</ele>
   </trkpt>
   <trkpt lat="46.2220980" lon="14.6354650">
    <ele>671.9</ele>
   </trkpt>
   <trkpt lat="46.2220700" lon="14.6354870">
    <ele>672.9</ele>
   </trkpt>
   <trkpt lat="46.2220370" lon="14.6355120">
    <ele>674.1</ele>
   </trkpt>
   <trkpt lat="46.2220120" lon="14.6355170">
    <ele>675.0</ele>
   </trkpt>
   <trkpt lat="46.2219720" lon="14.6355330">
    <ele>676.3</ele>
   </trkpt>
   <trkpt lat="46.2219600" lon="14.6355420">
    <ele>676.8</ele>
   </trkpt>
   <trkpt lat="46.2219380" lon="14.6355620">
    <ele>677.6</ele>
   </trkpt>
   <trkpt lat="46.2219170" lon="14.6355820">
    <ele>678.5</ele>
   </trkpt>
   <trkpt lat="46.2219150" lon="14.6355720">
    <ele>678.7</ele>
   </trkpt>
   <trkpt lat="46.2218920" lon="14.6355730">
    <ele>679.5</ele>
   </trkpt>
   <trkpt lat="46.2218770" lon="14.6355700">
    <ele>680.0</ele>
   </trkpt>
   <trkpt lat="46.2218700" lon="14.6355850">
    <ele>680.5</ele>
   </trkpt>
   <trkpt lat="46.2218620" lon="14.6355830">
    <ele>680.8</ele>
   </trkpt>
   <trkpt lat="46.2218450" lon="14.6355680">
    <ele>681.4</ele>
   </trkpt>
   <trkpt lat="46.2218520" lon="14.6355720">
    <ele>681.7</ele>
   </trkpt>
   <trkpt lat="46.2218370" lon="14.6355800">
    <ele>682.3</ele>
   </trkpt>
   <trkpt lat="46.2218400" lon="14.6355600">
    <ele>682.8</ele>
   </trkpt>
   <trkpt lat="46.2218150" lon="14.6355380">
    <ele>683.9</ele>
   </trkpt>
   <trkpt lat="46.2217900" lon="14.6355400">
    <ele>684.8</ele>
   </trkpt>
   <trkpt lat="46.2217830" lon="14.6355420">
    <ele>685.1</ele>
   </trkpt>
   <trkpt lat="46.2217780" lon="14.6355450">
    <ele>685.3</ele>
   </trkpt>
   <trkpt lat="46.2217780" lon="14.6355470">
    <ele>685.3</ele>
   </trkpt>
   <trkpt lat="46.2217620" lon="14.6355430">
    <ele>685.9</ele>
   </trkpt>
   <trkpt lat="46.2217600" lon="14.6355450">
    <ele>686.0</ele>
   </trkpt>
   <trkpt lat="46.2217580" lon="14.6355630">
    <ele>686.5</ele>
   </trkpt>
   <trkpt lat="46.2217470" lon="14.6355680">
    <ele>686.9</ele>
   </trkpt>
   <trkpt lat="46.2217430" lon="14.6355550">
    <ele>687.3</ele>
   </trkpt>
   <trkpt lat="46.2217380" lon="14.6355330">
    <ele>687.9</ele>
   </trkpt>
   <trkpt lat="46.2217320" lon="14.6355120">
    <ele>688.5</ele>
   </trkpt>
   <trkpt lat="46.2217250" lon="14.6354980">
    <ele>688.9</ele>
   </trkpt>
   <trkpt lat="46.2217130" lon="14.6354830">
    <ele>689.5</ele>
   </trkpt>
   <trkpt lat="46.2217120" lon="14.6354770">
    <ele>689.7</ele>
   </trkpt>
   <trkpt lat="46.2217130" lon="14.6354750">
    <ele>689.7</ele>
   </trkpt>
   <trkpt lat="46.2217120" lon="14.6354750">
    <ele>689.8</ele>
   </trkpt>
   <trkpt lat="46.2217030" lon="14.6354820">
    <ele>690.1</ele>
   </trkpt>
   <trkpt lat="46.2217000" lon="14.6354930">
    <ele>690.4</ele>
   </trkpt>
   <trkpt lat="46.2217000" lon="14.6354950">
    <ele>690.5</ele>
   </trkpt>
   <trkpt lat="46.2217020" lon="14.6354970">
    <ele>690.6</ele>
   </trkpt>
   <trkpt lat="46.2216930" lon="14.6355080">
    <ele>691.0</ele>
   </trkpt>
   <trkpt lat="46.2216850" lon="14.6355250">
    <ele>691.6</ele>
   </trkpt>
   <trkpt lat="46.2216800" lon="14.6355250">
    <ele>691.7</ele>
   </trkpt>
   <trkpt lat="46.2216530" lon="14.6355330">
    <ele>692.7</ele>
   </trkpt>
   <trkpt lat="46.2216400" lon="14.6355420">
    <ele>693.2</ele>
   </trkpt>
   <trkpt lat="46.2216350" lon="14.6355470">
    <ele>693.4</ele>
   </trkpt>
   <trkpt lat="46.2216270" lon="14.6355530">
    <ele>693.8</ele>
   </trkpt>
   <trkpt lat="46.2216150" lon="14.6355550">
    <ele>694.2</ele>
   </trkpt>
   <trkpt lat="46.2216120" lon="14.6355520">
    <ele>694.3</ele>
   </trkpt>
   <trkpt lat="46.2216100" lon="14.6355500">
    <ele>694.4</ele>
   </trkpt>
   <trkpt lat="46.2216100" lon="14.6355480">
    <ele>694.4</ele>
   </trkpt>
   <trkpt lat="46.2216120" lon="14.6355480">
    <ele>694.5</ele>
   </trkpt>
   <trkpt lat="46.2216070" lon="14.6355480">
    <ele>694.7</ele>
   </trkpt>
   <trkpt lat="46.2215950" lon="14.6355520">
    <ele>695.1</ele>
   </trkpt>
   <trkpt lat="46.2215830" lon="14.6355550">
    <ele>695.5</ele>
   </trkpt>
   <trkpt lat="46.2215750" lon="14.6355570">
    <ele>695.8</ele>
   </trkpt>
   <trkpt lat="46.2215700" lon="14.6355650">
    <ele>696.1</ele>
   </trkpt>
   <trkpt lat="46.2215670" lon="14.6355630">
    <ele>696.2</ele>
   </trkpt>
   <trkpt lat="46.2215600" lon="14.6355680">
    <ele>696.5</ele>
   </trkpt>
   <trkpt lat="46.2215520" lon="14.6355700">
    <ele>696.7</ele>
   </trkpt>
   <trkpt lat="46.2215420" lon="14.6355770">
    <ele>697.1</ele>
   </trkpt>
   <trkpt lat="46.2215270" lon="14.6355820">
    <ele>697.7</ele>
   </trkpt>
   <trkpt lat="46.2215130" lon="14.6355880">
    <ele>698.2</ele>
   </trkpt>
   <trkpt lat="46.2214980" lon="14.6355920">
    <ele>698.7</ele>
   </trkpt>
   <trkpt lat="46.2214830" lon="14.6355900">
    <ele>699.2</ele>
   </trkpt>
   <trkpt lat="46.2214720" lon="14.6355870">
    <ele>699.6</ele>
   </trkpt>
   <trkpt lat="46.2214620" lon="14.6355850">
    <ele>700.0</ele>
   </trkpt>
   <trkpt lat="46.2214550" lon="14.6355830">
    <ele>700.2</ele>
   </trkpt>
   <trkpt lat="46.2214480" lon="14.6355820">
    <ele>700.5</ele>
   </trkpt>
   <trkpt lat="46.2214420" lon="14.6355800">
    <ele>700.7</ele>
   </trkpt>
   <trkpt lat="46.2214330" lon="14.6355800">
    <ele>701.1</ele>
   </trkpt>
   <trkpt lat="46.2214270" lon="14.6355850">
    <ele>701.3</ele>
   </trkpt>
   <trkpt lat="46.2214170" lon="14.6355820">
    <ele>701.7</ele>
   </trkpt>
   <trkpt lat="46.2214080" lon="14.6355820">
    <ele>702.0</ele>
   </trkpt>
   <trkpt lat="46.2214050" lon="14.6355780">
    <ele>702.2</ele>
   </trkpt>
   <trkpt lat="46.2213930" lon="14.6355720">
    <ele>702.7</ele>
   </trkpt>
   <trkpt lat="46.2213870" lon="14.6355620">
    <ele>703.0</ele>
   </trkpt>
   <trkpt lat="46.2213830" lon="14.6355550">
    <ele>703.3</ele>
   </trkpt>
   <trkpt lat="46.2213800" lon="14.6355520">
    <ele>703.4</ele>
   </trkpt>
   <trkpt lat="46.2213750" lon="14.6355520">
    <ele>703.6</ele>
   </trkpt>
   <trkpt lat="46.2213720" lon="14.6355500">
    <ele>703.7</ele>
   </trkpt>
   <trkpt lat="46.2213680" lon="14.6355480">
    <ele>703.9</ele>
   </trkpt>
   <trkpt lat="46.2213570" lon="14.6355520">
    <ele>704.3</ele>
   </trkpt>
   <trkpt lat="46.2213420" lon="14.6355530">
    <ele>704.9</ele>
   </trkpt>
   <trkpt lat="46.2213350" lon="14.6355470">
    <ele>705.2</ele>
   </trkpt>
   <trkpt lat="46.2213270" lon="14.6355420">
    <ele>705.5</ele>
   </trkpt>
   <trkpt lat="46.2213130" lon="14.6355420">
    <ele>706.1</ele>
   </trkpt>
   <trkpt lat="46.2213020" lon="14.6355450">
    <ele>706.5</ele>
   </trkpt>
   <trkpt lat="46.2212880" lon="14.6355550">
    <ele>707.1</ele>
   </trkpt>
   <trkpt lat="46.2212750" lon="14.6355600">
    <ele>707.6</ele>
   </trkpt>
   <trkpt lat="46.2212600" lon="14.6355620">
    <ele>708.1</ele>
   </trkpt>
   <trkpt lat="46.2212580" lon="14.6355620">
    <ele>708.2</ele>
   </trkpt>
   <trkpt lat="46.2212550" lon="14.6355620">
    <ele>708.3</ele>
   </trkpt>
   <trkpt lat="46.2212470" lon="14.6355620">
    <ele>708.6</ele>
   </trkpt>
   <trkpt lat="46.2212420" lon="14.6355620">
    <ele>708.8</ele>
   </trkpt>
   <trkpt lat="46.2212300" lon="14.6355630">
    <ele>709.2</ele>
   </trkpt>
   <trkpt lat="46.2212170" lon="14.6355580">
    <ele>709.7</ele>
   </trkpt>
   <trkpt lat="46.2212120" lon="14.6355530">
    <ele>709.9</ele>
   </trkpt>
   <trkpt lat="46.2212020" lon="14.6355570">
    <ele>710.3</ele>
   </trkpt>
   <trkpt lat="46.2211920" lon="14.6355600">
    <ele>710.6</ele>
   </trkpt>
   <trkpt lat="46.2211770" lon="14.6355630">
    <ele>711.1</ele>
   </trkpt>
   <trkpt lat="46.2211670" lon="14.6355620">
    <ele>711.5</ele>
   </trkpt>
   <trkpt lat="46.2211650" lon="14.6355580">
    <ele>711.6</ele>
   </trkpt>
   <trkpt lat="46.2211630" lon="14.6355530">
    <ele>711.8</ele>
   </trkpt>
   <trkpt lat="46.2211620" lon="14.6355480">
    <ele>711.9</ele>
   </trkpt>
   <trkpt lat="46.2211600" lon="14.6355470">
    <ele>711.9</ele>
   </trkpt>
   <trkpt lat="46.2211600" lon="14.6355480">
    <ele>712.0</ele>
   </trkpt>
   <trkpt lat="46.2211630" lon="14.6355450">
    <ele>712.1</ele>
   </trkpt>
   <trkpt lat="46.2211600" lon="14.6355450">
    <ele>712.2</ele>
   </trkpt>
   <trkpt lat="46.2211630" lon="14.6355420">
    <ele>712.3</ele>
   </trkpt>
   <trkpt lat="46.2211650" lon="14.6355370">
    <ele>712.5</ele>
   </trkpt>
   <trkpt lat="46.2211670" lon="14.6355350">
    <ele>712.5</ele>
   </trkpt>
   <trkpt lat="46.2211600" lon="14.6355320">
    <ele>712.8</ele>
   </trkpt>
   <trkpt lat="46.2211530" lon="14.6355270">
    <ele>713.0</ele>
   </trkpt>
   <trkpt lat="46.2211480" lon="14.6355250">
    <ele>713.2</ele>
   </trkpt>
   <trkpt lat="46.2211470" lon="14.6355220">
    <ele>713.3</ele>
   </trkpt>
   <trkpt lat="46.2211430" lon="14.6355180">
    <ele>713.5</ele>
   </trkpt>
   <trkpt lat="46.2211400" lon="14.6355170">
    <ele>713.6</ele>
   </trkpt>
   <trkpt lat="46.2211320" lon="14.6355170">
    <ele>713.8</ele>
   </trkpt>
   <trkpt lat="46.2211250" lon="14.6355120">
    <ele>714.1</ele>
   </trkpt>
   <trkpt lat="46.2211220" lon="14.6355120">
    <ele>714.2</ele>
   </trkpt>
   <trkpt lat="46.2211150" lon="14.6355130">
    <ele>714.4</ele>
   </trkpt>
   <trkpt lat="46.2211020" lon="14.6355150">
    <ele>714.9</ele>
   </trkpt>
   <trkpt lat="46.2210870" lon="14.6355170">
    <ele>715.4</ele>
   </trkpt>
   <trkpt lat="46.2210730" lon="14.6355200">
    <ele>715.8</ele>
   </trkpt>
   <trkpt lat="46.2210620" lon="14.6355220">
    <ele>716.2</ele>
   </trkpt>
   <trkpt lat="46.2210470" lon="14.6355230">
    <ele>716.7</ele>
   </trkpt>
   <trkpt lat="46.2210430" lon="14.6355230">
    <ele>716.8</ele>
   </trkpt>
   <trkpt lat="46.2210320" lon="14.6355250">
    <ele>717.2</ele>
   </trkpt>
   <trkpt lat="46.2210280" lon="14.6355250">
    <ele>717.3</ele>
   </trkpt>
   <trkpt lat="46.2210250" lon="14.6355250">
    <ele>717.4</ele>
   </trkpt>
   <trkpt lat="46.2210170" lon="14.6355280">
    <ele>717.7</ele>
   </trkpt>
   <trkpt lat="46.2210080" lon="14.6355320">
    <ele>718.0</ele>
   </trkpt>
   <trkpt lat="46.2209980" lon="14.6355400">
    <ele>718.3</ele>
   </trkpt>
   <trkpt lat="46.2209880" lon="14.6355470">
    <ele>718.7</ele>
   </trkpt>
   <trkpt lat="46.2209770" lon="14.6355520">
    <ele>719.0</ele>
   </trkpt>
   <trkpt lat="46.2209680" lon="14.6355550">
    <ele>719.3</ele>
   </trkpt>
   <trkpt lat="46.2209630" lon="14.6355550">
    <ele>719.4</ele>
   </trkpt>
   <trkpt lat="46.2209600" lon="14.6355550">
    <ele>719.5</ele>
   </trkpt>
   <trkpt lat="46.2209520" lon="14.6355650">
    <ele>719.8</ele>
   </trkpt>
   <trkpt lat="46.2209480" lon="14.6355670">
    <ele>719.9</ele>
   </trkpt>
   <trkpt lat="46.2209370" lon="14.6355770">
    <ele>720.3</ele>
   </trkpt>
   <trkpt lat="46.2209230" lon="14.6355850">
    <ele>720.7</ele>
   </trkpt>
   <trkpt lat="46.2208980" lon="14.6356000">
    <ele>721.4</ele>
   </trkpt>
   <trkpt lat="46.2208780" lon="14.6356070">
    <ele>721.9</ele>
   </trkpt>
   <trkpt lat="46.2208620" lon="14.6356100">
    <ele>722.3</ele>
   </trkpt>
   <trkpt lat="46.2208500" lon="14.6356100">
    <ele>722.5</ele>
   </trkpt>
   <trkpt lat="46.2208350" lon="14.6356120">
    <ele>722.9</ele>
   </trkpt>
   <trkpt lat="46.2208170" lon="14.6356100">
    <ele>723.3</ele>
   </trkpt>
   <trkpt lat="46.2208020" lon="14.6356120">
    <ele>723.6</ele>
   </trkpt>
   <trkpt lat="46.2207900" lon="14.6356150">
    <ele>723.9</ele>
   </trkpt>
   <trkpt lat="46.2207780" lon="14.6356200">
    <ele>724.1</ele>
   </trkpt>
   <trkpt lat="46.2207670" lon="14.6356250">
    <ele>724.3</ele>
   </trkpt>
   <trkpt lat="46.2207570" lon="14.6356320">
    <ele>724.5</ele>
   </trkpt>
   <trkpt lat="46.2207450" lon="14.6356400">
    <ele>724.8</ele>
   </trkpt>
   <trkpt lat="46.2207350" lon="14.6356550">
    <ele>725.0</ele>
   </trkpt>
   <trkpt lat="46.2207350" lon="14.6356600">
    <ele>725.1</ele>
   </trkpt>
   <trkpt lat="46.2207150" lon="14.6356820">
    <ele>725.5</ele>
   </trkpt>
   <trkpt lat="46.2206970" lon="14.6357030">
    <ele>725.8</ele>
   </trkpt>
   <trkpt lat="46.2206570" lon="14.6357200">
    <ele>726.3</ele>
   </trkpt>
   <trkpt lat="46.2206130" lon="14.6357270">
    <ele>726.5</ele>
   </trkpt>
   <trkpt lat="46.2205770" lon="14.6357230">
    <ele>726.5</ele>
   </trkpt>
   <trkpt lat="46.2205580" lon="14.6357230">
    <ele>726.5</ele>
   </trkpt>
   <trkpt lat="46.2205420" lon="14.6357400">
    <ele>726.4</ele>
   </trkpt>
   <trkpt lat="46.2205280" lon="14.6357680">
    <ele>726.3</ele>
   </trkpt>
   <trkpt lat="46.2205270" lon="14.6357980">
    <ele>726.1</ele>
   </trkpt>
   <trkpt lat="46.2205230" lon="14.6358300">
    <ele>725.9</ele>
   </trkpt>
   <trkpt lat="46.2205180" lon="14.6358670">
    <ele>725.6</ele>
   </trkpt>
   <trkpt lat="46.2205050" lon="14.6358950">
    <ele>725.4</ele>
   </trkpt>
   <trkpt lat="46.2204880" lon="14.6359170">
    <ele>725.1</ele>
   </trkpt>
   <trkpt lat="46.2204700" lon="14.6359320">
    <ele>724.9</ele>
   </trkpt>
   <trkpt lat="46.2204520" lon="14.6359430">
    <ele>724.7</ele>
   </trkpt>
   <trkpt lat="46.2204280" lon="14.6359570">
    <ele>724.4</ele>
   </trkpt>
   <trkpt lat="46.2204000" lon="14.6359680">
    <ele>724.2</ele>
   </trkpt>
   <trkpt lat="46.2203700" lon="14.6359750">
    <ele>723.9</ele>
   </trkpt>
   <trkpt lat="46.2203450" lon="14.6359770">
    <ele>723.7</ele>
   </trkpt>
   <trkpt lat="46.2203200" lon="14.6359800">
    <ele>723.6</ele>
   </trkpt>
   <trkpt lat="46.2202930" lon="14.6359830">
    <ele>723.4</ele>
   </trkpt>
   <trkpt lat="46.2202650" lon="14.6359830">
    <ele>723.4</ele>
   </trkpt>
   <trkpt lat="46.2202370" lon="14.6359800">
    <ele>723.3</ele>
   </trkpt>
   <trkpt lat="46.2202080" lon="14.6359750">
    <ele>723.3</ele>
   </trkpt>
   <trkpt lat="46.2201820" lon="14.6359700">
    <ele>723.3</ele>
   </trkpt>
   <trkpt lat="46.2201530" lon="14.6359630">
    <ele>723.3</ele>
   </trkpt>
   <trkpt lat="46.2201280" lon="14.6359670">
    <ele>723.4</ele>
   </trkpt>
   <trkpt lat="46.2201070" lon="14.6359780">
    <ele>723.4</ele>
   </trkpt>
   <trkpt lat="46.2200900" lon="14.6360080">
    <ele>723.5</ele>
   </trkpt>
   <trkpt lat="46.2200670" lon="14.6360380">
    <ele>723.5</ele>
   </trkpt>
   <trkpt lat="46.2200400" lon="14.6360830">
    <ele>723.6</ele>
   </trkpt>
   <trkpt lat="46.2200120" lon="14.6361220">
    <ele>723.7</ele>
   </trkpt>
   <trkpt lat="46.2199880" lon="14.6361480">
    <ele>723.7</ele>
   </trkpt>
   <trkpt lat="46.2199750" lon="14.6361730">
    <ele>723.7</ele>
   </trkpt>
   <trkpt lat="46.2199700" lon="14.6362120">
    <ele>723.7</ele>
   </trkpt>
   <trkpt lat="46.2199720" lon="14.6362530">
    <ele>723.7</ele>
   </trkpt>
   <trkpt lat="46.2199770" lon="14.6363000">
    <ele>723.7</ele>
   </trkpt>
   <trkpt lat="46.2199820" lon="14.6363470">
    <ele>723.6</ele>
   </trkpt>
   <trkpt lat="46.2199800" lon="14.6363930">
    <ele>723.6</ele>
   </trkpt>
   <trkpt lat="46.2199780" lon="14.6364380">
    <ele>723.5</ele>
   </trkpt>
   <trkpt lat="46.2199680" lon="14.6364850">
    <ele>723.4</ele>
   </trkpt>
   <trkpt lat="46.2199570" lon="14.6365350">
    <ele>723.4</ele>
   </trkpt>
   <trkpt lat="46.2199550" lon="14.6365780">
    <ele>723.3</ele>
   </trkpt>
   <trkpt lat="46.2199550" lon="14.6366230">
    <ele>723.2</ele>
   </trkpt>
   <trkpt lat="46.2199620" lon="14.6366670">
    <ele>723.1</ele>
   </trkpt>
   <trkpt lat="46.2199730" lon="14.6367100">
    <ele>723.1</ele>
   </trkpt>
   <trkpt lat="46.2199820" lon="14.6367500">
    <ele>723.1</ele>
   </trkpt>
   <trkpt lat="46.2199920" lon="14.6367880">
    <ele>723.1</ele>
   </trkpt>
   <trkpt lat="46.2200030" lon="14.6368200">
    <ele>723.1</ele>
   </trkpt>
   <trkpt lat="46.2200080" lon="14.6368480">
    <ele>723.2</ele>
   </trkpt>
   <trkpt lat="46.2200150" lon="14.6368880">
    <ele>723.2</ele>
   </trkpt>
   <trkpt lat="46.2200200" lon="14.6369170">
    <ele>723.3</ele>
   </trkpt>
   <trkpt lat="46.2200350" lon="14.6369500">
    <ele>723.4</ele>
   </trkpt>
   <trkpt lat="46.2200530" lon="14.6369800">
    <ele>723.5</ele>
   </trkpt>
   <trkpt lat="46.2200730" lon="14.6370170">
    <ele>723.7</ele>
   </trkpt>
   <trkpt lat="46.2200870" lon="14.6370450">
    <ele>723.9</ele>
   </trkpt>
   <trkpt lat="46.2201020" lon="14.6370850">
    <ele>724.1</ele>
   </trkpt>
   <trkpt lat="46.2201150" lon="14.6371170">
    <ele>724.2</ele>
   </trkpt>
   <trkpt lat="46.2201250" lon="14.6371530">
    <ele>724.4</ele>
   </trkpt>
   <trkpt lat="46.2201420" lon="14.6371900">
    <ele>724.6</ele>
   </trkpt>
   <trkpt lat="46.2201530" lon="14.6372330">
    <ele>724.8</ele>
   </trkpt>
   <trkpt lat="46.2201630" lon="14.6372780">
    <ele>725.0</ele>
   </trkpt>
   <trkpt lat="46.2201720" lon="14.6373250">
    <ele>725.2</ele>
   </trkpt>
   <trkpt lat="46.2201770" lon="14.6373830">
    <ele>725.5</ele>
   </trkpt>
   <trkpt lat="46.2201850" lon="14.6374280">
    <ele>725.7</ele>
   </trkpt>
   <trkpt lat="46.2201880" lon="14.6374800">
    <ele>725.9</ele>
   </trkpt>
   <trkpt lat="46.2201850" lon="14.6375300">
    <ele>726.1</ele>
   </trkpt>
   <trkpt lat="46.2201870" lon="14.6375650">
    <ele>726.2</ele>
   </trkpt>
   <trkpt lat="46.2201680" lon="14.6376080">
    <ele>726.4</ele>
   </trkpt>
   <trkpt lat="46.2201500" lon="14.6376480">
    <ele>726.6</ele>
   </trkpt>
   <trkpt lat="46.2201300" lon="14.6376820">
    <ele>726.8</ele>
   </trkpt>
   <trkpt lat="46.2201100" lon="14.6377050">
    <ele>726.9</ele>
   </trkpt>
   <trkpt lat="46.2200900" lon="14.6377150">
    <ele>727.1</ele>
   </trkpt>
   <trkpt lat="46.2200700" lon="14.6377150">
    <ele>727.2</ele>
   </trkpt>
   <trkpt lat="46.2200420" lon="14.6377120">
    <ele>727.4</ele>
   </trkpt>
   <trkpt lat="46.2200250" lon="14.6377200">
    <ele>727.5</ele>
   </trkpt>
   <trkpt lat="46.2200130" lon="14.6377380">
    <ele>727.7</ele>
   </trkpt>
   <trkpt lat="46.2200030" lon="14.6377600">
    <ele>727.8</ele>
   </trkpt>
   <trkpt lat="46.2199920" lon="14.6377850">
    <ele>727.9</ele>
   </trkpt>
   <trkpt lat="46.2199750" lon="14.6378100">
    <ele>728.1</ele>
   </trkpt>
   <trkpt lat="46.2199600" lon="14.6378430">
    <ele>728.3</ele>
   </trkpt>
   <trkpt lat="46.2199520" lon="14.6378820">
    <ele>728.5</ele>
   </trkpt>
   <trkpt lat="46.2199420" lon="14.6379250">
    <ele>728.8</ele>
   </trkpt>
   <trkpt lat="46.2199370" lon="14.6379680">
    <ele>729.1</ele>
   </trkpt>
   <trkpt lat="46.2199400" lon="14.6380150">
    <ele>729.4</ele>
   </trkpt>
   <trkpt lat="46.2199380" lon="14.6380600">
    <ele>729.7</ele>
   </trkpt>
   <trkpt lat="46.2199380" lon="14.6381030">
    <ele>730.0</ele>
   </trkpt>
   <trkpt lat="46.2199470" lon="14.6381600">
    <ele>730.5</ele>
   </trkpt>
   <trkpt lat="46.2199600" lon="14.6382150">
    <ele>731.0</ele>
   </trkpt>
   <trkpt lat="46.2199700" lon="14.6382680">
    <ele>731.4</ele>
   </trkpt>
   <trkpt lat="46.2199820" lon="14.6383320">
    <ele>732.0</ele>
   </trkpt>
   <trkpt lat="46.2199870" lon="14.6383920">
    <ele>732.5</ele>
   </trkpt>
   <trkpt lat="46.2200130" lon="14.6384470">
    <ele>733.0</ele>
   </trkpt>
   <trkpt lat="46.2200350" lon="14.6385000">
    <ele>733.6</ele>
   </trkpt>
   <trkpt lat="46.2200530" lon="14.6385520">
    <ele>734.0</ele>
   </trkpt>
   <trkpt lat="46.2200730" lon="14.6385720">
    <ele>734.3</ele>
   </trkpt>
   <trkpt lat="46.2200920" lon="14.6386170">
    <ele>734.8</ele>
   </trkpt>
   <trkpt lat="46.2201170" lon="14.6386580">
    <ele>735.2</ele>
   </trkpt>
   <trkpt lat="46.2201470" lon="14.6386800">
    <ele>735.6</ele>
   </trkpt>
   <trkpt lat="46.2201800" lon="14.6387020">
    <ele>736.1</ele>
   </trkpt>
   <trkpt lat="46.2202130" lon="14.6387270">
    <ele>736.5</ele>
   </trkpt>
   <trkpt lat="46.2202520" lon="14.6387470">
    <ele>736.9</ele>
   </trkpt>
   <trkpt lat="46.2202630" lon="14.6387970">
    <ele>737.2</ele>
   </trkpt>
   <trkpt lat="46.2202970" lon="14.6388370">
    <ele>737.5</ele>
   </trkpt>
   <trkpt lat="46.2203150" lon="14.6388570">
    <ele>737.6</ele>
   </trkpt>
   <trkpt lat="46.2202980" lon="14.6389020">
    <ele>737.8</ele>
   </trkpt>
   <trkpt lat="46.2202550" lon="14.6389520">
    <ele>737.8</ele>
   </trkpt>
   <trkpt lat="46.2202250" lon="14.6390150">
    <ele>737.8</ele>
   </trkpt>
   <trkpt lat="46.2202100" lon="14.6390600">
    <ele>737.7</ele>
   </trkpt>
   <trkpt lat="46.2201970" lon="14.6391150">
    <ele>737.5</ele>
   </trkpt>
   <trkpt lat="46.2201950" lon="14.6391600">
    <ele>737.4</ele>
   </trkpt>
   <trkpt lat="46.2201850" lon="14.6392020">
    <ele>737.2</ele>
   </trkpt>
   <trkpt lat="46.2201830" lon="14.6392280">
    <ele>737.2</ele>
   </trkpt>
   <trkpt lat="46.2201830" lon="14.6392580">
    <ele>737.1</ele>
   </trkpt>
   <trkpt lat="46.2201780" lon="14.6392970">
    <ele>736.9</ele>
   </trkpt>
   <trkpt lat="46.2201700" lon="14.6393420">
    <ele>736.8</ele>
   </trkpt>
   <trkpt lat="46.2201770" lon="14.6393950">
    <ele>736.7</ele>
   </trkpt>
   <trkpt lat="46.2201900" lon="14.6394480">
    <ele>736.5</ele>
   </trkpt>
   <trkpt lat="46.2201970" lon="14.6395100">
    <ele>736.4</ele>
   </trkpt>
   <trkpt lat="46.2201930" lon="14.6395520">
    <ele>736.3</ele>
   </trkpt>
   <trkpt lat="46.2201980" lon="14.6395950">
    <ele>736.1</ele>
   </trkpt>
   <trkpt lat="46.2201850" lon="14.6396420">
    <ele>736.0</ele>
   </trkpt>
   <trkpt lat="46.2201600" lon="14.6397000">
    <ele>735.8</ele>
   </trkpt>
   <trkpt lat="46.2201270" lon="14.6397520">
    <ele>735.4</ele>
   </trkpt>
   <trkpt lat="46.2200980" lon="14.6398130">
    <ele>735.0</ele>
   </trkpt>
   <trkpt lat="46.2200730" lon="14.6399020">
    <ele>734.2</ele>
   </trkpt>
   <trkpt lat="46.2200550" lon="14.6399680">
    <ele>733.5</ele>
   </trkpt>
   <trkpt lat="46.2200630" lon="14.6400230">
    <ele>732.9</ele>
   </trkpt>
   <trkpt lat="46.2200870" lon="14.6400730">
    <ele>732.1</ele>
   </trkpt>
   <trkpt lat="46.2201450" lon="14.6401100">
    <ele>730.9</ele>
   </trkpt>
   <trkpt lat="46.2201900" lon="14.6401680">
    <ele>729.7</ele>
   </trkpt>
   <trkpt lat="46.2202070" lon="14.6402400">
    <ele>728.6</ele>
   </trkpt>
   <trkpt lat="46.2202180" lon="14.6402880">
    <ele>727.9</ele>
   </trkpt>
   <trkpt lat="46.2202250" lon="14.6403330">
    <ele>727.2</ele>
   </trkpt>
   <trkpt lat="46.2202280" lon="14.6403720">
    <ele>726.6</ele>
   </trkpt>
   <trkpt lat="46.2202430" lon="14.6404300">
    <ele>725.7</ele>
   </trkpt>
   <trkpt lat="46.2202600" lon="14.6404930">
    <ele>724.7</ele>
   </trkpt>
   <trkpt lat="46.2202780" lon="14.6405450">
    <ele>723.9</ele>
   </trkpt>
   <trkpt lat="46.2202850" lon="14.6405920">
    <ele>723.2</ele>
   </trkpt>
   <trkpt lat="46.2202950" lon="14.6406380">
    <ele>722.4</ele>
   </trkpt>
   <trkpt lat="46.2203100" lon="14.6406650">
    <ele>721.9</ele>
   </trkpt>
   <trkpt lat="46.2203270" lon="14.6407000">
    <ele>721.2</ele>
   </trkpt>
   <trkpt lat="46.2203470" lon="14.6407320">
    <ele>720.5</ele>
   </trkpt>
   <trkpt lat="46.2203670" lon="14.6407520">
    <ele>719.9</ele>
   </trkpt>
   <trkpt lat="46.2203820" lon="14.6407830">
    <ele>719.2</ele>
   </trkpt>
   <trkpt lat="46.2203930" lon="14.6408320">
    <ele>718.3</ele>
   </trkpt>
   <trkpt lat="46.2203980" lon="14.6408870">
    <ele>717.4</ele>
   </trkpt>
   <trkpt lat="46.2204080" lon="14.6409350">
    <ele>716.5</ele>
   </trkpt>
   <trkpt lat="46.2203930" lon="14.6409750">
    <ele>715.6</ele>
   </trkpt>
   <trkpt lat="46.2203880" lon="14.6410180">
    <ele>714.9</ele>
   </trkpt>
   <trkpt lat="46.2203900" lon="14.6410570">
    <ele>714.1</ele>
   </trkpt>
   <trkpt lat="46.2203930" lon="14.6410870">
    <ele>713.6</ele>
   </trkpt>
   <trkpt lat="46.2203970" lon="14.6411200">
    <ele>713.0</ele>
   </trkpt>
   <trkpt lat="46.2204050" lon="14.6411570">
    <ele>712.2</ele>
   </trkpt>
   <trkpt lat="46.2204080" lon="14.6411900">
    <ele>711.6</ele>
   </trkpt>
   <trkpt lat="46.2204150" lon="14.6412370">
    <ele>710.7</ele>
   </trkpt>
   <trkpt lat="46.2204280" lon="14.6412950">
    <ele>709.6</ele>
   </trkpt>
   <trkpt lat="46.2204450" lon="14.6413620">
    <ele>708.2</ele>
   </trkpt>
   <trkpt lat="46.2204730" lon="14.6414070">
    <ele>707.1</ele>
   </trkpt>
   <trkpt lat="46.2204980" lon="14.6414620">
    <ele>705.9</ele>
   </trkpt>
   <trkpt lat="46.2205130" lon="14.6415070">
    <ele>705.0</ele>
   </trkpt>
   <trkpt lat="46.2205250" lon="14.6415470">
    <ele>704.3</ele>
   </trkpt>
   <trkpt lat="46.2205200" lon="14.6416130">
    <ele>703.3</ele>
   </trkpt>
   <trkpt lat="46.2205580" lon="14.6416470">
    <ele>702.3</ele>
   </trkpt>
   <trkpt lat="46.2205950" lon="14.6417000">
    <ele>701.2</ele>
   </trkpt>
   <trkpt lat="46.2206350" lon="14.6417450">
    <ele>700.3</ele>
   </trkpt>
   <trkpt lat="46.2206670" lon="14.6417970">
    <ele>699.4</ele>
   </trkpt>
   <trkpt lat="46.2206930" lon="14.6418500">
    <ele>698.7</ele>
   </trkpt>
   <trkpt lat="46.2207030" lon="14.6419050">
    <ele>698.3</ele>
   </trkpt>
   <trkpt lat="46.2207070" lon="14.6419520">
    <ele>697.8</ele>
   </trkpt>
   <trkpt lat="46.2206920" lon="14.6419900">
    <ele>697.4</ele>
   </trkpt>
   <trkpt lat="46.2206720" lon="14.6420250">
    <ele>696.9</ele>
   </trkpt>
   <trkpt lat="46.2206350" lon="14.6420550">
    <ele>696.3</ele>
   </trkpt>
   <trkpt lat="46.2206050" lon="14.6420730">
    <ele>695.8</ele>
   </trkpt>
   <trkpt lat="46.2205730" lon="14.6420920">
    <ele>695.3</ele>
   </trkpt>
   <trkpt lat="46.2205400" lon="14.6421070">
    <ele>694.8</ele>
   </trkpt>
   <trkpt lat="46.2205050" lon="14.6421150">
    <ele>694.3</ele>
   </trkpt>
   <trkpt lat="46.2204680" lon="14.6421170">
    <ele>693.8</ele>
   </trkpt>
   <trkpt lat="46.2204350" lon="14.6421200">
    <ele>693.3</ele>
   </trkpt>
   <trkpt lat="46.2204050" lon="14.6421100">
    <ele>692.9</ele>
   </trkpt>
   <trkpt lat="46.2203770" lon="14.6420870">
    <ele>692.6</ele>
   </trkpt>
   <trkpt lat="46.2203550" lon="14.6420580">
    <ele>692.2</ele>
   </trkpt>
   <trkpt lat="46.2203320" lon="14.6420230">
    <ele>691.7</ele>
   </trkpt>
   <trkpt lat="46.2203080" lon="14.6419900">
    <ele>691.3</ele>
   </trkpt>
   <trkpt lat="46.2202820" lon="14.6419570">
    <ele>690.7</ele>
   </trkpt>
   <trkpt lat="46.2202600" lon="14.6419220">
    <ele>690.1</ele>
   </trkpt>
   <trkpt lat="46.2202370" lon="14.6418920">
    <ele>689.5</ele>
   </trkpt>
   <trkpt lat="46.2202080" lon="14.6418630">
    <ele>688.8</ele>
   </trkpt>
   <trkpt lat="46.2201780" lon="14.6418270">
    <ele>688.0</ele>
   </trkpt>
   <trkpt lat="46.2201470" lon="14.6417900">
    <ele>687.1</ele>
   </trkpt>
   <trkpt lat="46.2201200" lon="14.6417680">
    <ele>686.4</ele>
   </trkpt>
   <trkpt lat="46.2200780" lon="14.6417380">
    <ele>685.4</ele>
   </trkpt>
   <trkpt lat="46.2200450" lon="14.6417050">
    <ele>684.6</ele>
   </trkpt>
   <trkpt lat="46.2200070" lon="14.6416650">
    <ele>683.6</ele>
   </trkpt>
   <trkpt lat="46.2199720" lon="14.6416250">
    <ele>682.8</ele>
   </trkpt>
   <trkpt lat="46.2199370" lon="14.6415900">
    <ele>682.1</ele>
   </trkpt>
   <trkpt lat="46.2199050" lon="14.6415550">
    <ele>681.6</ele>
   </trkpt>
   <trkpt lat="46.2198730" lon="14.6415150">
    <ele>681.2</ele>
   </trkpt>
   <trkpt lat="46.2198450" lon="14.6414750">
    <ele>680.9</ele>
   </trkpt>
   <trkpt lat="46.2198220" lon="14.6414380">
    <ele>680.7</ele>
   </trkpt>
   <trkpt lat="46.2198000" lon="14.6414020">
    <ele>680.6</ele>
   </trkpt>
   <trkpt lat="46.2197730" lon="14.6413630">
    <ele>680.5</ele>
   </trkpt>
   <trkpt lat="46.2197480" lon="14.6413300">
    <ele>680.4</ele>
   </trkpt>
   <trkpt lat="46.2197080" lon="14.6412880">
    <ele>680.4</ele>
   </trkpt>
   <trkpt lat="46.2196730" lon="14.6412500">
    <ele>680.4</ele>
   </trkpt>
   <trkpt lat="46.2196480" lon="14.6412170">
    <ele>680.4</ele>
   </trkpt>
   <trkpt lat="46.2196230" lon="14.6411800">
    <ele>680.4</ele>
   </trkpt>
   <trkpt lat="46.2195950" lon="14.6411420">
    <ele>680.5</ele>
   </trkpt>
   <trkpt lat="46.2195620" lon="14.6411070">
    <ele>680.4</ele>
   </trkpt>
   <trkpt lat="46.2195280" lon="14.6410750">
    <ele>680.3</ele>
   </trkpt>
   <trkpt lat="46.2194980" lon="14.6410500">
    <ele>680.1</ele>
   </trkpt>
   <trkpt lat="46.2194680" lon="14.6410300">
    <ele>679.9</ele>
   </trkpt>
   <trkpt lat="46.2194370" lon="14.6410080">
    <ele>679.6</ele>
   </trkpt>
   <trkpt lat="46.2194020" lon="14.6409880">
    <ele>679.2</ele>
   </trkpt>
   <trkpt lat="46.2193770" lon="14.6409670">
    <ele>678.8</ele>
   </trkpt>
   <trkpt lat="46.2193530" lon="14.6409450">
    <ele>678.4</ele>
   </trkpt>
   <trkpt lat="46.2193250" lon="14.6409220">
    <ele>677.9</ele>
   </trkpt>
   <trkpt lat="46.2192950" lon="14.6408870">
    <ele>677.3</ele>
   </trkpt>
   <trkpt lat="46.2192670" lon="14.6408570">
    <ele>676.6</ele>
   </trkpt>
   <trkpt lat="46.2192300" lon="14.6408350">
    <ele>675.8</ele>
   </trkpt>
   <trkpt lat="46.2191980" lon="14.6408120">
    <ele>675.1</ele>
   </trkpt>
   <trkpt lat="46.2191650" lon="14.6407920">
    <ele>674.3</ele>
   </trkpt>
   <trkpt lat="46.2191320" lon="14.6407830">
    <ele>673.6</ele>
   </trkpt>
   <trkpt lat="46.2190900" lon="14.6407780">
    <ele>672.7</ele>
   </trkpt>
   <trkpt lat="46.2190550" lon="14.6407750">
    <ele>672.0</ele>
   </trkpt>
   <trkpt lat="46.2190150" lon="14.6407620">
    <ele>671.1</ele>
   </trkpt>
   <trkpt lat="46.2189750" lon="14.6407550">
    <ele>670.2</ele>
   </trkpt>
   <trkpt lat="46.2189430" lon="14.6407500">
    <ele>669.5</ele>
   </trkpt>
   <trkpt lat="46.2189120" lon="14.6407500">
    <ele>668.7</ele>
   </trkpt>
   <trkpt lat="46.2188820" lon="14.6407530">
    <ele>668.0</ele>
   </trkpt>
   <trkpt lat="46.2188520" lon="14.6407620">
    <ele>667.2</ele>
   </trkpt>
   <trkpt lat="46.2188170" lon="14.6407850">
    <ele>666.2</ele>
   </trkpt>
   <trkpt lat="46.2187720" lon="14.6408120">
    <ele>664.9</ele>
   </trkpt>
   <trkpt lat="46.2187220" lon="14.6408450">
    <ele>663.5</ele>
   </trkpt>
   <trkpt lat="46.2186670" lon="14.6408870">
    <ele>662.1</ele>
   </trkpt>
   <trkpt lat="46.2186180" lon="14.6409230">
    <ele>661.0</ele>
   </trkpt>
   <trkpt lat="46.2185600" lon="14.6409780">
    <ele>660.1</ele>
   </trkpt>
   <trkpt lat="46.2185100" lon="14.6410200">
    <ele>659.9</ele>
   </trkpt>
   <trkpt lat="46.2184600" lon="14.6410530">
    <ele>659.7</ele>
   </trkpt>
   <trkpt lat="46.2184130" lon="14.6410830">
    <ele>659.6</ele>
   </trkpt>
   <trkpt lat="46.2183630" lon="14.6411130">
    <ele>659.5</ele>
   </trkpt>
   <trkpt lat="46.2183170" lon="14.6411420">
    <ele>659.5</ele>
   </trkpt>
   <trkpt lat="46.2182680" lon="14.6411720">
    <ele>659.5</ele>
   </trkpt>
   <trkpt lat="46.2182220" lon="14.6411970">
    <ele>659.5</ele>
   </trkpt>
   <trkpt lat="46.2181730" lon="14.6412150">
    <ele>659.6</ele>
   </trkpt>
   <trkpt lat="46.2181220" lon="14.6412350">
    <ele>659.7</ele>
   </trkpt>
   <trkpt lat="46.2180780" lon="14.6412420">
    <ele>659.8</ele>
   </trkpt>
   <trkpt lat="46.2180350" lon="14.6412380">
    <ele>659.8</ele>
   </trkpt>
   <trkpt lat="46.2179870" lon="14.6412270">
    <ele>659.9</ele>
   </trkpt>
   <trkpt lat="46.2179500" lon="14.6412020">
    <ele>659.9</ele>
   </trkpt>
   <trkpt lat="46.2179130" lon="14.6411700">
    <ele>660.0</ele>
   </trkpt>
   <trkpt lat="46.2178750" lon="14.6411350">
    <ele>660.0</ele>
   </trkpt>
   <trkpt lat="46.2178430" lon="14.6410920">
    <ele>660.0</ele>
   </trkpt>
   <trkpt lat="46.2178150" lon="14.6410670">
    <ele>660.0</ele>
   </trkpt>
   <trkpt lat="46.2177750" lon="14.6410180">
    <ele>660.0</ele>
   </trkpt>
   <trkpt lat="46.2177420" lon="14.6409770">
    <ele>659.9</ele>
   </trkpt>
   <trkpt lat="46.2177170" lon="14.6409420">
    <ele>659.8</ele>
   </trkpt>
   <trkpt lat="46.2176870" lon="14.6409000">
    <ele>659.7</ele>
   </trkpt>
   <trkpt lat="46.2176570" lon="14.6408530">
    <ele>659.4</ele>
   </trkpt>
   <trkpt lat="46.2176330" lon="14.6408130">
    <ele>659.2</ele>
   </trkpt>
   <trkpt lat="46.2176120" lon="14.6407630">
    <ele>658.8</ele>
   </trkpt>
   <trkpt lat="46.2175880" lon="14.6407100">
    <ele>658.5</ele>
   </trkpt>
   <trkpt lat="46.2175580" lon="14.6406720">
    <ele>658.1</ele>
   </trkpt>
   <trkpt lat="46.2175250" lon="14.6406280">
    <ele>657.6</ele>
   </trkpt>
   <trkpt lat="46.2174950" lon="14.6405800">
    <ele>657.2</ele>
   </trkpt>
   <trkpt lat="46.2174650" lon="14.6405200">
    <ele>656.7</ele>
   </trkpt>
   <trkpt lat="46.2174380" lon="14.6404730">
    <ele>656.2</ele>
   </trkpt>
   <trkpt lat="46.2174030" lon="14.6404180">
    <ele>655.7</ele>
   </trkpt>
   <trkpt lat="46.2173720" lon="14.6403620">
    <ele>655.2</ele>
   </trkpt>
   <trkpt lat="46.2173350" lon="14.6402970">
    <ele>654.6</ele>
   </trkpt>
   <trkpt lat="46.2173030" lon="14.6402420">
    <ele>654.0</ele>
   </trkpt>
   <trkpt lat="46.2172730" lon="14.6401850">
    <ele>653.5</ele>
   </trkpt>
   <trkpt lat="46.2172400" lon="14.6401350">
    <ele>653.0</ele>
   </trkpt>
   <trkpt lat="46.2172070" lon="14.6400880">
    <ele>652.5</ele>
   </trkpt>
   <trkpt lat="46.2171730" lon="14.6400380">
    <ele>652.0</ele>
   </trkpt>
   <trkpt lat="46.2171370" lon="14.6399900">
    <ele>651.4</ele>
   </trkpt>
   <trkpt lat="46.2170930" lon="14.6399370">
    <ele>650.8</ele>
   </trkpt>
   <trkpt lat="46.2170530" lon="14.6398870">
    <ele>650.3</ele>
   </trkpt>
   <trkpt lat="46.2170150" lon="14.6398430">
    <ele>649.8</ele>
   </trkpt>
   <trkpt lat="46.2169850" lon="14.6398030">
    <ele>649.4</ele>
   </trkpt>
   <trkpt lat="46.2169480" lon="14.6397330">
    <ele>648.9</ele>
   </trkpt>
   <trkpt lat="46.2169350" lon="14.6396700">
    <ele>648.5</ele>
   </trkpt>
   <trkpt lat="46.2169300" lon="14.6396070">
    <ele>648.1</ele>
   </trkpt>
   <trkpt lat="46.2169180" lon="14.6395320">
    <ele>647.6</ele>
   </trkpt>
   <trkpt lat="46.2169330" lon="14.6394570">
    <ele>647.2</ele>
   </trkpt>
   <trkpt lat="46.2169480" lon="14.6393900">
    <ele>646.7</ele>
   </trkpt>
   <trkpt lat="46.2169630" lon="14.6393300">
    <ele>646.3</ele>
   </trkpt>
   <trkpt lat="46.2169770" lon="14.6392700">
    <ele>645.9</ele>
   </trkpt>
   <trkpt lat="46.2169880" lon="14.6392130">
    <ele>645.4</ele>
   </trkpt>
   <trkpt lat="46.2170030" lon="14.6391580">
    <ele>645.0</ele>
   </trkpt>
   <trkpt lat="46.2170120" lon="14.6391050">
    <ele>644.6</ele>
   </trkpt>
   <trkpt lat="46.2170030" lon="14.6390620">
    <ele>644.3</ele>
   </trkpt>
   <trkpt lat="46.2169800" lon="14.6389970">
    <ele>643.8</ele>
   </trkpt>
   <trkpt lat="46.2169600" lon="14.6389550">
    <ele>643.4</ele>
   </trkpt>
   <trkpt lat="46.2169280" lon="14.6389070">
    <ele>642.9</ele>
   </trkpt>
   <trkpt lat="46.2168880" lon="14.6388680">
    <ele>642.5</ele>
   </trkpt>
   <trkpt lat="46.2168400" lon="14.6388320">
    <ele>641.9</ele>
   </trkpt>
   <trkpt lat="46.2168080" lon="14.6388020">
    <ele>641.5</ele>
   </trkpt>
   <trkpt lat="46.2167670" lon="14.6387680">
    <ele>640.9</ele>
   </trkpt>
   <trkpt lat="46.2167270" lon="14.6387370">
    <ele>640.3</ele>
   </trkpt>
   <trkpt lat="46.2166850" lon="14.6386970">
    <ele>639.7</ele>
   </trkpt>
   <trkpt lat="46.2166380" lon="14.6386570">
    <ele>639.0</ele>
   </trkpt>
   <trkpt lat="46.2165830" lon="14.6386050">
    <ele>638.1</ele>
   </trkpt>
   <trkpt lat="46.2165420" lon="14.6385700">
    <ele>637.5</ele>
   </trkpt>
   <trkpt lat="46.2165100" lon="14.6385370">
    <ele>637.0</ele>
   </trkpt>
   <trkpt lat="46.2164700" lon="14.6385020">
    <ele>636.4</ele>
   </trkpt>
   <trkpt lat="46.2164320" lon="14.6384620">
    <ele>635.8</ele>
   </trkpt>
   <trkpt lat="46.2163970" lon="14.6384120">
    <ele>635.2</ele>
   </trkpt>
   <trkpt lat="46.2163730" lon="14.6383550">
    <ele>634.7</ele>
   </trkpt>
   <trkpt lat="46.2163620" lon="14.6382970">
    <ele>634.2</ele>
   </trkpt>
   <trkpt lat="46.2163600" lon="14.6382470">
    <ele>633.9</ele>
   </trkpt>
   <trkpt lat="46.2163780" lon="14.6381780">
    <ele>633.5</ele>
   </trkpt>
   <trkpt lat="46.2164070" lon="14.6381280">
    <ele>633.1</ele>
   </trkpt>
   <trkpt lat="46.2164420" lon="14.6380730">
    <ele>632.7</ele>
   </trkpt>
   <trkpt lat="46.2164720" lon="14.6380200">
    <ele>632.4</ele>
   </trkpt>
   <trkpt lat="46.2165080" lon="14.6379650">
    <ele>632.0</ele>
   </trkpt>
   <trkpt lat="46.2165400" lon="14.6379080">
    <ele>631.7</ele>
   </trkpt>
   <trkpt lat="46.2165620" lon="14.6378630">
    <ele>631.4</ele>
   </trkpt>
   <trkpt lat="46.2165780" lon="14.6378180">
    <ele>631.1</ele>
   </trkpt>
   <trkpt lat="46.2165770" lon="14.6377720">
    <ele>630.8</ele>
   </trkpt>
   <trkpt lat="46.2165620" lon="14.6377300">
    <ele>630.6</ele>
   </trkpt>
   <trkpt lat="46.2165370" lon="14.6376880">
    <ele>630.2</ele>
   </trkpt>
   <trkpt lat="46.2165000" lon="14.6376500">
    <ele>629.8</ele>
   </trkpt>
   <trkpt lat="46.2164620" lon="14.6376120">
    <ele>629.3</ele>
   </trkpt>
   <trkpt lat="46.2164220" lon="14.6375730">
    <ele>628.9</ele>
   </trkpt>
   <trkpt lat="46.2163820" lon="14.6375380">
    <ele>628.5</ele>
   </trkpt>
   <trkpt lat="46.2163470" lon="14.6375070">
    <ele>628.2</ele>
   </trkpt>
   <trkpt lat="46.2163100" lon="14.6374780">
    <ele>627.9</ele>
   </trkpt>
   <trkpt lat="46.2162770" lon="14.6374620">
    <ele>627.7</ele>
   </trkpt>
   <trkpt lat="46.2162380" lon="14.6374470">
    <ele>627.5</ele>
   </trkpt>
   <trkpt lat="46.2161900" lon="14.6374330">
    <ele>627.3</ele>
   </trkpt>
   <trkpt lat="46.2161470" lon="14.6374280">
    <ele>627.1</ele>
   </trkpt>
   <trkpt lat="46.2160970" lon="14.6374270">
    <ele>626.9</ele>
   </trkpt>
   <trkpt lat="46.2160570" lon="14.6374230">
    <ele>626.8</ele>
   </trkpt>
   <trkpt lat="46.2160020" lon="14.6374120">
    <ele>626.6</ele>
   </trkpt>
   <trkpt lat="46.2159480" lon="14.6373970">
    <ele>626.4</ele>
   </trkpt>
   <trkpt lat="46.2159030" lon="14.6373820">
    <ele>626.4</ele>
   </trkpt>
   <trkpt lat="46.2158550" lon="14.6373700">
    <ele>626.4</ele>
   </trkpt>
   <trkpt lat="46.2158150" lon="14.6373570">
    <ele>626.4</ele>
   </trkpt>
   <trkpt lat="46.2157630" lon="14.6373220">
    <ele>626.6</ele>
   </trkpt>
   <trkpt lat="46.2157230" lon="14.6372920">
    <ele>626.8</ele>
   </trkpt>
   <trkpt lat="46.2156800" lon="14.6372580">
    <ele>627.0</ele>
   </trkpt>
   <trkpt lat="46.2156420" lon="14.6372220">
    <ele>627.2</ele>
   </trkpt>
   <trkpt lat="46.2156080" lon="14.6371950">
    <ele>627.4</ele>
   </trkpt>
   <trkpt lat="46.2155800" lon="14.6371630">
    <ele>627.6</ele>
   </trkpt>
   <trkpt lat="46.2155520" lon="14.6371250">
    <ele>627.7</ele>
   </trkpt>
   <trkpt lat="46.2155280" lon="14.6370900">
    <ele>627.9</ele>
   </trkpt>
   <trkpt lat="46.2155080" lon="14.6370580">
    <ele>627.9</ele>
   </trkpt>
   <trkpt lat="46.2154880" lon="14.6370120">
    <ele>627.9</ele>
   </trkpt>
   <trkpt lat="46.2154630" lon="14.6369680">
    <ele>627.9</ele>
   </trkpt>
   <trkpt lat="46.2154370" lon="14.6369220">
    <ele>627.9</ele>
   </trkpt>
   <trkpt lat="46.2154130" lon="14.6368900">
    <ele>627.8</ele>
   </trkpt>
   <trkpt lat="46.2153700" lon="14.6368570">
    <ele>627.6</ele>
   </trkpt>
   <trkpt lat="46.2153330" lon="14.6368300">
    <ele>627.4</ele>
   </trkpt>
   <trkpt lat="46.2152920" lon="14.6367980">
    <ele>627.2</ele>
   </trkpt>
   <trkpt lat="46.2152430" lon="14.6367630">
    <ele>626.9</ele>
   </trkpt>
   <trkpt lat="46.2151970" lon="14.6367330">
    <ele>626.7</ele>
   </trkpt>
   <trkpt lat="46.2151650" lon="14.6367050">
    <ele>626.5</ele>
   </trkpt>
   <trkpt lat="46.2151370" lon="14.6366720">
    <ele>626.4</ele>
   </trkpt>
   <trkpt lat="46.2151050" lon="14.6366520">
    <ele>626.3</ele>
   </trkpt>
   <trkpt lat="46.2150750" lon="14.6366370">
    <ele>626.3</ele>
   </trkpt>
   <trkpt lat="46.2150400" lon="14.6366270">
    <ele>626.3</ele>
   </trkpt>
   <trkpt lat="46.2150100" lon="14.6366170">
    <ele>626.3</ele>
   </trkpt>
   <trkpt lat="46.2149820" lon="14.6366070">
    <ele>626.3</ele>
   </trkpt>
   <trkpt lat="46.2149470" lon="14.6365970">
    <ele>626.4</ele>
   </trkpt>
   <trkpt lat="46.2149150" lon="14.6366070">
    <ele>626.6</ele>
   </trkpt>
   <trkpt lat="46.2148670" lon="14.6366120">
    <ele>626.8</ele>
   </trkpt>
   <trkpt lat="46.2148270" lon="14.6366100">
    <ele>627.0</ele>
   </trkpt>
   <trkpt lat="46.2147830" lon="14.6366120">
    <ele>627.3</ele>
   </trkpt>
   <trkpt lat="46.2147380" lon="14.6366170">
    <ele>627.6</ele>
   </trkpt>
   <trkpt lat="46.2146980" lon="14.6366150">
    <ele>627.9</ele>
   </trkpt>
   <trkpt lat="46.2146670" lon="14.6366120">
    <ele>628.1</ele>
   </trkpt>
   <trkpt lat="46.2146380" lon="14.6366000">
    <ele>628.3</ele>
   </trkpt>
   <trkpt lat="46.2146100" lon="14.6365900">
    <ele>628.5</ele>
   </trkpt>
   <trkpt lat="46.2145830" lon="14.6365770">
    <ele>628.6</ele>
   </trkpt>
   <trkpt lat="46.2145570" lon="14.6365580">
    <ele>628.8</ele>
   </trkpt>
   <trkpt lat="46.2145330" lon="14.6365370">
    <ele>629.0</ele>
   </trkpt>
   <trkpt lat="46.2145100" lon="14.6365220">
    <ele>629.2</ele>
   </trkpt>
   <trkpt lat="46.2144870" lon="14.6365080">
    <ele>629.3</ele>
   </trkpt>
   <trkpt lat="46.2144530" lon="14.6365080">
    <ele>629.5</ele>
   </trkpt>
   <trkpt lat="46.2144150" lon="14.6364950">
    <ele>629.8</ele>
   </trkpt>
   <trkpt lat="46.2143800" lon="14.6364800">
    <ele>630.0</ele>
   </trkpt>
   <trkpt lat="46.2143500" lon="14.6364670">
    <ele>630.2</ele>
   </trkpt>
   <trkpt lat="46.2143180" lon="14.6364450">
    <ele>630.5</ele>
   </trkpt>
   <trkpt lat="46.2142880" lon="14.6364220">
    <ele>630.7</ele>
   </trkpt>
   <trkpt lat="46.2142550" lon="14.6364000">
    <ele>631.0</ele>
   </trkpt>
   <trkpt lat="46.2142220" lon="14.6363870">
    <ele>631.2</ele>
   </trkpt>
   <trkpt lat="46.2141820" lon="14.6363680">
    <ele>631.5</ele>
   </trkpt>
   <trkpt lat="46.2141500" lon="14.6363630">
    <ele>631.8</ele>
   </trkpt>
   <trkpt lat="46.2141130" lon="14.6363570">
    <ele>632.1</ele>
   </trkpt>
   <trkpt lat="46.2140780" lon="14.6363430">
    <ele>632.3</ele>
   </trkpt>
   <trkpt lat="46.2140480" lon="14.6363220">
    <ele>632.6</ele>
   </trkpt>
   <trkpt lat="46.2140170" lon="14.6362980">
    <ele>632.8</ele>
   </trkpt>
   <trkpt lat="46.2139920" lon="14.6362800">
    <ele>633.0</ele>
   </trkpt>
   <trkpt lat="46.2139630" lon="14.6362580">
    <ele>633.1</ele>
   </trkpt>
   <trkpt lat="46.2139380" lon="14.6362320">
    <ele>633.3</ele>
   </trkpt>
   <trkpt lat="46.2139200" lon="14.6362050">
    <ele>633.4</ele>
   </trkpt>
   <trkpt lat="46.2139050" lon="14.6361800">
    <ele>633.5</ele>
   </trkpt>
   <trkpt lat="46.2138930" lon="14.6361400">
    <ele>633.5</ele>
   </trkpt>
   <trkpt lat="46.2138820" lon="14.6360980">
    <ele>633.6</ele>
   </trkpt>
   <trkpt lat="46.2138780" lon="14.6360650">
    <ele>633.7</ele>
   </trkpt>
   <trkpt lat="46.2138670" lon="14.6360220">
    <ele>633.8</ele>
   </trkpt>
   <trkpt lat="46.2138580" lon="14.6359830">
    <ele>634.0</ele>
   </trkpt>
   <trkpt lat="46.2138470" lon="14.6359420">
    <ele>634.3</ele>
   </trkpt>
   <trkpt lat="46.2138420" lon="14.6359050">
    <ele>634.6</ele>
   </trkpt>
   <trkpt lat="46.2138380" lon="14.6358720">
    <ele>634.9</ele>
   </trkpt>
   <trkpt lat="46.2138350" lon="14.6358330">
    <ele>635.2</ele>
   </trkpt>
   <trkpt lat="46.2138350" lon="14.6357950">
    <ele>635.6</ele>
   </trkpt>
   <trkpt lat="46.2138330" lon="14.6357580">
    <ele>636.0</ele>
   </trkpt>
   <trkpt lat="46.2138350" lon="14.6357280">
    <ele>636.4</ele>
   </trkpt>
   <trkpt lat="46.2138350" lon="14.6356980">
    <ele>636.7</ele>
   </trkpt>
   <trkpt lat="46.2138380" lon="14.6356650">
    <ele>637.1</ele>
   </trkpt>
   <trkpt lat="46.2138380" lon="14.6356370">
    <ele>637.4</ele>
   </trkpt>
   <trkpt lat="46.2138400" lon="14.6356070">
    <ele>637.7</ele>
   </trkpt>
   <trkpt lat="46.2138420" lon="14.6355800">
    <ele>638.0</ele>
   </trkpt>
   <trkpt lat="46.2138330" lon="14.6355550">
    <ele>638.2</ele>
   </trkpt>
   <trkpt lat="46.2138220" lon="14.6355300">
    <ele>638.5</ele>
   </trkpt>
   <trkpt lat="46.2138130" lon="14.6354920">
    <ele>638.8</ele>
   </trkpt>
   <trkpt lat="46.2138080" lon="14.6354580">
    <ele>639.0</ele>
   </trkpt>
   <trkpt lat="46.2138070" lon="14.6354250">
    <ele>639.2</ele>
   </trkpt>
   <trkpt lat="46.2138000" lon="14.6353920">
    <ele>639.4</ele>
   </trkpt>
   <trkpt lat="46.2137880" lon="14.6353580">
    <ele>639.5</ele>
   </trkpt>
   <trkpt lat="46.2137680" lon="14.6353230">
    <ele>639.6</ele>
   </trkpt>
   <trkpt lat="46.2137520" lon="14.6352950">
    <ele>639.6</ele>
   </trkpt>
   <trkpt lat="46.2137350" lon="14.6352580">
    <ele>639.6</ele>
   </trkpt>
   <trkpt lat="46.2137250" lon="14.6352220">
    <ele>639.5</ele>
   </trkpt>
   <trkpt lat="46.2137200" lon="14.6351820">
    <ele>639.4</ele>
   </trkpt>
   <trkpt lat="46.2137170" lon="14.6351450">
    <ele>639.3</ele>
   </trkpt>
   <trkpt lat="46.2137100" lon="14.6351030">
    <ele>639.2</ele>
   </trkpt>
   <trkpt lat="46.2137020" lon="14.6350580">
    <ele>639.0</ele>
   </trkpt>
   <trkpt lat="46.2136950" lon="14.6350100">
    <ele>638.8</ele>
   </trkpt>
   <trkpt lat="46.2136870" lon="14.6349600">
    <ele>638.6</ele>
   </trkpt>
   <trkpt lat="46.2136830" lon="14.6349030">
    <ele>638.2</ele>
   </trkpt>
   <trkpt lat="46.2136820" lon="14.6348620">
    <ele>637.9</ele>
   </trkpt>
   <trkpt lat="46.2136870" lon="14.6348150">
    <ele>637.5</ele>
   </trkpt>
   <trkpt lat="46.2136930" lon="14.6347630">
    <ele>637.0</ele>
   </trkpt>
   <trkpt lat="46.2137050" lon="14.6347120">
    <ele>636.5</ele>
   </trkpt>
   <trkpt lat="46.2137220" lon="14.6346650">
    <ele>636.0</ele>
   </trkpt>
   <trkpt lat="46.2137370" lon="14.6346180">
    <ele>635.5</ele>
   </trkpt>
   <trkpt lat="46.2137420" lon="14.6345720">
    <ele>635.0</ele>
   </trkpt>
   <trkpt lat="46.2137420" lon="14.6345230">
    <ele>634.4</ele>
   </trkpt>
   <trkpt lat="46.2137380" lon="14.6344630">
    <ele>633.7</ele>
   </trkpt>
   <trkpt lat="46.2137300" lon="14.6344080">
    <ele>633.0</ele>
   </trkpt>
   <trkpt lat="46.2137220" lon="14.6343550">
    <ele>632.2</ele>
   </trkpt>
   <trkpt lat="46.2137170" lon="14.6343020">
    <ele>631.4</ele>
   </trkpt>
   <trkpt lat="46.2137150" lon="14.6342470">
    <ele>630.6</ele>
   </trkpt>
   <trkpt lat="46.2137150" lon="14.6341830">
    <ele>629.5</ele>
   </trkpt>
   <trkpt lat="46.2137130" lon="14.6341230">
    <ele>628.5</ele>
   </trkpt>
   <trkpt lat="46.2137180" lon="14.6340600">
    <ele>627.5</ele>
   </trkpt>
   <trkpt lat="46.2137280" lon="14.6340000">
    <ele>626.4</ele>
   </trkpt>
   <trkpt lat="46.2137430" lon="14.6339430">
    <ele>625.4</ele>
   </trkpt>
   <trkpt lat="46.2137570" lon="14.6338930">
    <ele>624.6</ele>
   </trkpt>
   <trkpt lat="46.2137680" lon="14.6338470">
    <ele>623.8</ele>
   </trkpt>
   <trkpt lat="46.2137830" lon="14.6338050">
    <ele>623.4</ele>
   </trkpt>
   <trkpt lat="46.2138070" lon="14.6337500">
    <ele>622.9</ele>
   </trkpt>
   <trkpt lat="46.2138400" lon="14.6337120">
    <ele>622.5</ele>
   </trkpt>
   <trkpt lat="46.2138680" lon="14.6336770">
    <ele>622.2</ele>
   </trkpt>
   <trkpt lat="46.2139020" lon="14.6336400">
    <ele>621.9</ele>
   </trkpt>
   <trkpt lat="46.2139330" lon="14.6336070">
    <ele>621.7</ele>
   </trkpt>
   <trkpt lat="46.2139650" lon="14.6335720">
    <ele>621.5</ele>
   </trkpt>
   <trkpt lat="46.2139950" lon="14.6335400">
    <ele>621.4</ele>
   </trkpt>
   <trkpt lat="46.2140180" lon="14.6335080">
    <ele>621.3</ele>
   </trkpt>
   <trkpt lat="46.2140380" lon="14.6334800">
    <ele>621.3</ele>
   </trkpt>
   <trkpt lat="46.2140600" lon="14.6334480">
    <ele>621.4</ele>
   </trkpt>
   <trkpt lat="46.2140820" lon="14.6334170">
    <ele>621.4</ele>
   </trkpt>
   <trkpt lat="46.2141020" lon="14.6333830">
    <ele>621.5</ele>
   </trkpt>
   <trkpt lat="46.2141200" lon="14.6333550">
    <ele>621.5</ele>
   </trkpt>
   <trkpt lat="46.2141370" lon="14.6333200">
    <ele>621.6</ele>
   </trkpt>
   <trkpt lat="46.2141520" lon="14.6332950">
    <ele>621.6</ele>
   </trkpt>
   <trkpt lat="46.2141680" lon="14.6332770">
    <ele>621.7</ele>
   </trkpt>
   <trkpt lat="46.2141880" lon="14.6332480">
    <ele>621.7</ele>
   </trkpt>
   <trkpt lat="46.2142070" lon="14.6332150">
    <ele>621.8</ele>
   </trkpt>
   <trkpt lat="46.2142250" lon="14.6331500">
    <ele>621.7</ele>
   </trkpt>
   <trkpt lat="46.2142380" lon="14.6331120">
    <ele>621.7</ele>
   </trkpt>
   <trkpt lat="46.2142550" lon="14.6330720">
    <ele>621.6</ele>
   </trkpt>
   <trkpt lat="46.2142720" lon="14.6330400">
    <ele>621.5</ele>
   </trkpt>
   <trkpt lat="46.2142850" lon="14.6330080">
    <ele>621.4</ele>
   </trkpt>
   <trkpt lat="46.2143050" lon="14.6329720">
    <ele>621.3</ele>
   </trkpt>
   <trkpt lat="46.2143200" lon="14.6329380">
    <ele>621.2</ele>
   </trkpt>
   <trkpt lat="46.2143350" lon="14.6329030">
    <ele>621.0</ele>
   </trkpt>
   <trkpt lat="46.2143500" lon="14.6328620">
    <ele>620.9</ele>
   </trkpt>
   <trkpt lat="46.2143580" lon="14.6328150">
    <ele>620.7</ele>
   </trkpt>
   <trkpt lat="46.2143600" lon="14.6327650">
    <ele>620.4</ele>
   </trkpt>
   <trkpt lat="46.2143570" lon="14.6327180">
    <ele>620.1</ele>
   </trkpt>
   <trkpt lat="46.2143520" lon="14.6326520">
    <ele>619.6</ele>
   </trkpt>
   <trkpt lat="46.2143400" lon="14.6325730">
    <ele>618.8</ele>
   </trkpt>
   <trkpt lat="46.2143320" lon="14.6325080">
    <ele>618.1</ele>
   </trkpt>
   <trkpt lat="46.2143400" lon="14.6324480">
    <ele>617.4</ele>
   </trkpt>
   <trkpt lat="46.2143480" lon="14.6323880">
    <ele>616.0</ele>
   </trkpt>
   <trkpt lat="46.2143600" lon="14.6323250">
    <ele>616.0</ele>
   </trkpt>
   <trkpt lat="46.2143730" lon="14.6322620">
    <ele>616.0</ele>
   </trkpt>
   <trkpt lat="46.2143850" lon="14.6322000">
    <ele>616.1</ele>
   </trkpt>
   <trkpt lat="46.2143980" lon="14.6321400">
    <ele>616.1</ele>
   </trkpt>
   <trkpt lat="46.2144120" lon="14.6320850">
    <ele>616.1</ele>
   </trkpt>
   <trkpt lat="46.2144270" lon="14.6320330">
    <ele>616.1</ele>
   </trkpt>
   <trkpt lat="46.2144420" lon="14.6319780">
    <ele>616.1</ele>
   </trkpt>
   <trkpt lat="46.2144550" lon="14.6319220">
    <ele>616.1</ele>
   </trkpt>
   <trkpt lat="46.2144730" lon="14.6318570">
    <ele>616.1</ele>
   </trkpt>
   <trkpt lat="46.2144900" lon="14.6317880">
    <ele>616.0</ele>
   </trkpt>
   <trkpt lat="46.2145020" lon="14.6317300">
    <ele>616.0</ele>
   </trkpt>
   <trkpt lat="46.2145170" lon="14.6316700">
    <ele>615.9</ele>
   </trkpt>
   <trkpt lat="46.2145350" lon="14.6316080">
    <ele>615.8</ele>
   </trkpt>
   <trkpt lat="46.2145500" lon="14.6315550">
    <ele>615.9</ele>
   </trkpt>
   <trkpt lat="46.2145670" lon="14.6315170">
    <ele>616.4</ele>
   </trkpt>
   <trkpt lat="46.2145780" lon="14.6314770">
    <ele>616.8</ele>
   </trkpt>
   <trkpt lat="46.2145920" lon="14.6314400">
    <ele>617.3</ele>
   </trkpt>
   <trkpt lat="46.2146030" lon="14.6314130">
    <ele>617.7</ele>
   </trkpt>
   <trkpt lat="46.2146220" lon="14.6313880">
    <ele>618.1</ele>
   </trkpt>
   <trkpt lat="46.2146320" lon="14.6313730">
    <ele>618.4</ele>
   </trkpt>
   <trkpt lat="46.2146480" lon="14.6313580">
    <ele>618.7</ele>
   </trkpt>
   <trkpt lat="46.2146680" lon="14.6313350">
    <ele>619.2</ele>
   </trkpt>
   <trkpt lat="46.2146830" lon="14.6313170">
    <ele>619.6</ele>
   </trkpt>
   <trkpt lat="46.2147000" lon="14.6312970">
    <ele>620.0</ele>
   </trkpt>
   <trkpt lat="46.2147100" lon="14.6312780">
    <ele>620.3</ele>
   </trkpt>
   <trkpt lat="46.2147200" lon="14.6312620">
    <ele>620.6</ele>
   </trkpt>
   <trkpt lat="46.2147370" lon="14.6312420">
    <ele>621.0</ele>
   </trkpt>
   <trkpt lat="46.2147480" lon="14.6312280">
    <ele>621.3</ele>
   </trkpt>
   <trkpt lat="46.2147580" lon="14.6312200">
    <ele>621.6</ele>
   </trkpt>
   <trkpt lat="46.2147730" lon="14.6312000">
    <ele>622.0</ele>
   </trkpt>
   <trkpt lat="46.2147900" lon="14.6311800">
    <ele>622.4</ele>
   </trkpt>
   <trkpt lat="46.2148030" lon="14.6311570">
    <ele>622.8</ele>
   </trkpt>
   <trkpt lat="46.2148200" lon="14.6311350">
    <ele>623.2</ele>
   </trkpt>
   <trkpt lat="46.2148380" lon="14.6311180">
    <ele>623.6</ele>
   </trkpt>
   <trkpt lat="46.2148480" lon="14.6311150">
    <ele>623.8</ele>
   </trkpt>
   <trkpt lat="46.2148650" lon="14.6311080">
    <ele>624.0</ele>
   </trkpt>
   <trkpt lat="46.2148820" lon="14.6311000">
    <ele>624.3</ele>
   </trkpt>
   <trkpt lat="46.2149050" lon="14.6310870">
    <ele>624.6</ele>
   </trkpt>
   <trkpt lat="46.2149280" lon="14.6310670">
    <ele>624.9</ele>
   </trkpt>
   <trkpt lat="46.2149480" lon="14.6310400">
    <ele>625.0</ele>
   </trkpt>
   <trkpt lat="46.2149700" lon="14.6310170">
    <ele>625.1</ele>
   </trkpt>
   <trkpt lat="46.2149900" lon="14.6309920">
    <ele>625.0</ele>
   </trkpt>
   <trkpt lat="46.2150100" lon="14.6309580">
    <ele>624.9</ele>
   </trkpt>
   <trkpt lat="46.2150270" lon="14.6309250">
    <ele>624.6</ele>
   </trkpt>
   <trkpt lat="46.2150480" lon="14.6308880">
    <ele>624.2</ele>
   </trkpt>
   <trkpt lat="46.2150670" lon="14.6308480">
    <ele>623.5</ele>
   </trkpt>
   <trkpt lat="46.2150830" lon="14.6308070">
    <ele>622.8</ele>
   </trkpt>
   <trkpt lat="46.2150950" lon="14.6307570">
    <ele>621.9</ele>
   </trkpt>
   <trkpt lat="46.2151080" lon="14.6307030">
    <ele>620.8</ele>
   </trkpt>
   <trkpt lat="46.2151270" lon="14.6306520">
    <ele>619.7</ele>
   </trkpt>
   <trkpt lat="46.2151480" lon="14.6306030">
    <ele>618.6</ele>
   </trkpt>
   <trkpt lat="46.2151670" lon="14.6305550">
    <ele>617.7</ele>
   </trkpt>
   <trkpt lat="46.2151880" lon="14.6305020">
    <ele>616.7</ele>
   </trkpt>
   <trkpt lat="46.2152080" lon="14.6304500">
    <ele>615.9</ele>
   </trkpt>
   <trkpt lat="46.2152230" lon="14.6304030">
    <ele>615.2</ele>
   </trkpt>
   <trkpt lat="46.2152330" lon="14.6303520">
    <ele>614.7</ele>
   </trkpt>
   <trkpt lat="46.2152350" lon="14.6302970">
    <ele>614.1</ele>
   </trkpt>
   <trkpt lat="46.2152350" lon="14.6302420">
    <ele>613.6</ele>
   </trkpt>
   <trkpt lat="46.2152320" lon="14.6301850">
    <ele>613.2</ele>
   </trkpt>
   <trkpt lat="46.2152230" lon="14.6301000">
    <ele>612.6</ele>
   </trkpt>
   <trkpt lat="46.2152100" lon="14.6300320">
    <ele>612.2</ele>
   </trkpt>
   <trkpt lat="46.2151970" lon="14.6299650">
    <ele>611.8</ele>
   </trkpt>
   <trkpt lat="46.2151900" lon="14.6298970">
    <ele>611.5</ele>
   </trkpt>
   <trkpt lat="46.2151920" lon="14.6298320">
    <ele>611.1</ele>
   </trkpt>
   <trkpt lat="46.2152020" lon="14.6297780">
    <ele>610.8</ele>
   </trkpt>
   <trkpt lat="46.2152200" lon="14.6297200">
    <ele>610.5</ele>
   </trkpt>
   <trkpt lat="46.2152350" lon="14.6296680">
    <ele>610.1</ele>
   </trkpt>
   <trkpt lat="46.2152520" lon="14.6296150">
    <ele>609.7</ele>
   </trkpt>
   <trkpt lat="46.2152650" lon="14.6295650">
    <ele>609.3</ele>
   </trkpt>
   <trkpt lat="46.2152780" lon="14.6295020">
    <ele>608.9</ele>
   </trkpt>
   <trkpt lat="46.2152900" lon="14.6294280">
    <ele>608.5</ele>
   </trkpt>
   <trkpt lat="46.2153020" lon="14.6293670">
    <ele>608.2</ele>
   </trkpt>
   <trkpt lat="46.2153200" lon="14.6293000">
    <ele>607.9</ele>
   </trkpt>
   <trkpt lat="46.2153530" lon="14.6292320">
    <ele>607.7</ele>
   </trkpt>
   <trkpt lat="46.2153870" lon="14.6291830">
    <ele>607.3</ele>
   </trkpt>
   <trkpt lat="46.2154180" lon="14.6291450">
    <ele>606.9</ele>
   </trkpt>
   <trkpt lat="46.2154550" lon="14.6291120">
    <ele>606.5</ele>
   </trkpt>
   <trkpt lat="46.2154880" lon="14.6290850">
    <ele>606.2</ele>
   </trkpt>
   <trkpt lat="46.2155130" lon="14.6290650">
    <ele>606.0</ele>
   </trkpt>
   <trkpt lat="46.2155420" lon="14.6290450">
    <ele>605.8</ele>
   </trkpt>
   <trkpt lat="46.2155670" lon="14.6290380">
    <ele>605.7</ele>
   </trkpt>
   <trkpt lat="46.2155880" lon="14.6290200">
    <ele>605.6</ele>
   </trkpt>
   <trkpt lat="46.2156230" lon="14.6290070">
    <ele>605.5</ele>
   </trkpt>
   <trkpt lat="46.2156530" lon="14.6289900">
    <ele>605.4</ele>
   </trkpt>
   <trkpt lat="46.2156830" lon="14.6289750">
    <ele>605.3</ele>
   </trkpt>
   <trkpt lat="46.2157130" lon="14.6289630">
    <ele>605.3</ele>
   </trkpt>
   <trkpt lat="46.2157480" lon="14.6289500">
    <ele>605.2</ele>
   </trkpt>
   <trkpt lat="46.2157750" lon="14.6289430">
    <ele>605.2</ele>
   </trkpt>
   <trkpt lat="46.2158080" lon="14.6289380">
    <ele>605.0</ele>
   </trkpt>
   <trkpt lat="46.2158380" lon="14.6289330">
    <ele>604.9</ele>
   </trkpt>
   <trkpt lat="46.2158650" lon="14.6289280">
    <ele>604.7</ele>
   </trkpt>
   <trkpt lat="46.2158930" lon="14.6289180">
    <ele>604.5</ele>
   </trkpt>
   <trkpt lat="46.2159220" lon="14.6289080">
    <ele>604.3</ele>
   </trkpt>
   <trkpt lat="46.2159550" lon="14.6288870">
    <ele>603.9</ele>
   </trkpt>
   <trkpt lat="46.2159850" lon="14.6288570">
    <ele>603.5</ele>
   </trkpt>
   <trkpt lat="46.2160180" lon="14.6288150">
    <ele>603.0</ele>
   </trkpt>
   <trkpt lat="46.2160570" lon="14.6287720">
    <ele>602.4</ele>
   </trkpt>
   <trkpt lat="46.2160980" lon="14.6287280">
    <ele>601.7</ele>
   </trkpt>
   <trkpt lat="46.2161380" lon="14.6286830">
    <ele>601.2</ele>
   </trkpt>
   <trkpt lat="46.2161730" lon="14.6286420">
    <ele>600.7</ele>
   </trkpt>
   <trkpt lat="46.2162000" lon="14.6286030">
    <ele>600.4</ele>
   </trkpt>
   <trkpt lat="46.2162170" lon="14.6285650">
    <ele>600.1</ele>
   </trkpt>
   <trkpt lat="46.2162270" lon="14.6285250">
    <ele>599.9</ele>
   </trkpt>
   <trkpt lat="46.2162400" lon="14.6284800">
    <ele>599.6</ele>
   </trkpt>
   <trkpt lat="46.2162600" lon="14.6284280">
    <ele>599.2</ele>
   </trkpt>
   <trkpt lat="46.2162850" lon="14.6283780">
    <ele>598.8</ele>
   </trkpt>
   <trkpt lat="46.2163070" lon="14.6283300">
    <ele>598.4</ele>
   </trkpt>
   <trkpt lat="46.2163230" lon="14.6282770">
    <ele>597.9</ele>
   </trkpt>
   <trkpt lat="46.2163370" lon="14.6282220">
    <ele>597.4</ele>
   </trkpt>
   <trkpt lat="46.2163520" lon="14.6281470">
    <ele>596.7</ele>
   </trkpt>
   <trkpt lat="46.2163650" lon="14.6280700">
    <ele>595.8</ele>
   </trkpt>
   <trkpt lat="46.2163730" lon="14.6280230">
    <ele>595.2</ele>
   </trkpt>
   <trkpt lat="46.2163820" lon="14.6279730">
    <ele>594.6</ele>
   </trkpt>
   <trkpt lat="46.2163780" lon="14.6279350">
    <ele>594.1</ele>
   </trkpt>
   <trkpt lat="46.2163720" lon="14.6278880">
    <ele>593.5</ele>
   </trkpt>
   <trkpt lat="46.2163700" lon="14.6278450">
    <ele>592.9</ele>
   </trkpt>
   <trkpt lat="46.2163780" lon="14.6278020">
    <ele>592.4</ele>
   </trkpt>
   <trkpt lat="46.2163930" lon="14.6277480">
    <ele>591.7</ele>
   </trkpt>
   <trkpt lat="46.2164170" lon="14.6276980">
    <ele>591.1</ele>
   </trkpt>
   <trkpt lat="46.2164450" lon="14.6276470">
    <ele>590.5</ele>
   </trkpt>
   <trkpt lat="46.2164750" lon="14.6275980">
    <ele>589.9</ele>
   </trkpt>
   <trkpt lat="46.2165100" lon="14.6275550">
    <ele>589.4</ele>
   </trkpt>
   <trkpt lat="46.2165530" lon="14.6275030">
    <ele>589.0</ele>
   </trkpt>
   <trkpt lat="46.2165880" lon="14.6274630">
    <ele>588.6</ele>
   </trkpt>
   <trkpt lat="46.2166200" lon="14.6274220">
    <ele>588.5</ele>
   </trkpt>
   <trkpt lat="46.2166480" lon="14.6273900">
    <ele>588.4</ele>
   </trkpt>
   <trkpt lat="46.2166730" lon="14.6273530">
    <ele>588.4</ele>
   </trkpt>
   <trkpt lat="46.2166980" lon="14.6273120">
    <ele>588.3</ele>
   </trkpt>
   <trkpt lat="46.2167300" lon="14.6272670">
    <ele>588.3</ele>
   </trkpt>
   <trkpt lat="46.2167650" lon="14.6272200">
    <ele>588.3</ele>
   </trkpt>
   <trkpt lat="46.2167870" lon="14.6271780">
    <ele>588.3</ele>
   </trkpt>
   <trkpt lat="46.2168100" lon="14.6271370">
    <ele>588.2</ele>
   </trkpt>
   <trkpt lat="46.2168270" lon="14.6270950">
    <ele>588.2</ele>
   </trkpt>
   <trkpt lat="46.2168570" lon="14.6270680">
    <ele>588.2</ele>
   </trkpt>
   <trkpt lat="46.2168880" lon="14.6270580">
    <ele>588.1</ele>
   </trkpt>
   <trkpt lat="46.2169200" lon="14.6270650">
    <ele>588.0</ele>
   </trkpt>
   <trkpt lat="46.2169550" lon="14.6270880">
    <ele>587.9</ele>
   </trkpt>
   <trkpt lat="46.2169950" lon="14.6271200">
    <ele>587.8</ele>
   </trkpt>
   <trkpt lat="46.2170300" lon="14.6271530">
    <ele>587.7</ele>
   </trkpt>
   <trkpt lat="46.2170550" lon="14.6271980">
    <ele>587.6</ele>
   </trkpt>
   <trkpt lat="46.2170720" lon="14.6272370">
    <ele>587.6</ele>
   </trkpt>
   <trkpt lat="46.2170850" lon="14.6272730">
    <ele>587.7</ele>
   </trkpt>
   <trkpt lat="46.2170950" lon="14.6273000">
    <ele>587.8</ele>
   </trkpt>
   <trkpt lat="46.2171020" lon="14.6273400">
    <ele>588.0</ele>
   </trkpt>
   <trkpt lat="46.2171080" lon="14.6273680">
    <ele>588.1</ele>
   </trkpt>
   <trkpt lat="46.2171120" lon="14.6273930">
    <ele>588.3</ele>
   </trkpt>
   <trkpt lat="46.2171180" lon="14.6274220">
    <ele>588.5</ele>
   </trkpt>
   <trkpt lat="46.2171330" lon="14.6274500">
    <ele>588.7</ele>
   </trkpt>
   <trkpt lat="46.2171450" lon="14.6274750">
    <ele>589.0</ele>
   </trkpt>
   <trkpt lat="46.2171600" lon="14.6274870">
    <ele>589.2</ele>
   </trkpt>
   <trkpt lat="46.2171830" lon="14.6275020">
    <ele>589.5</ele>
   </trkpt>
   <trkpt lat="46.2172050" lon="14.6275250">
    <ele>589.9</ele>
   </trkpt>
   <trkpt lat="46.2172270" lon="14.6275400">
    <ele>590.2</ele>
   </trkpt>
   <trkpt lat="46.2172500" lon="14.6275630">
    <ele>590.6</ele>
   </trkpt>
   <trkpt lat="46.2172680" lon="14.6276050">
    <ele>591.0</ele>
   </trkpt>
   <trkpt lat="46.2172820" lon="14.6276270">
    <ele>591.3</ele>
   </trkpt>
   <trkpt lat="46.2173020" lon="14.6276530">
    <ele>591.5</ele>
   </trkpt>
   <trkpt lat="46.2173170" lon="14.6276680">
    <ele>591.7</ele>
   </trkpt>
   <trkpt lat="46.2173330" lon="14.6276800">
    <ele>591.8</ele>
   </trkpt>
   <trkpt lat="46.2173500" lon="14.6276850">
    <ele>591.9</ele>
   </trkpt>
   <trkpt lat="46.2173770" lon="14.6276870">
    <ele>592.0</ele>
   </trkpt>
   <trkpt lat="46.2174070" lon="14.6276770">
    <ele>592.1</ele>
   </trkpt>
   <trkpt lat="46.2174350" lon="14.6276680">
    <ele>592.1</ele>
   </trkpt>
   <trkpt lat="46.2174620" lon="14.6276600">
    <ele>592.1</ele>
   </trkpt>
   <trkpt lat="46.2174870" lon="14.6276520">
    <ele>592.0</ele>
   </trkpt>
   <trkpt lat="46.2175220" lon="14.6276400">
    <ele>592.0</ele>
   </trkpt>
   <trkpt lat="46.2175480" lon="14.6276300">
    <ele>592.0</ele>
   </trkpt>
   <trkpt lat="46.2175720" lon="14.6276220">
    <ele>592.0</ele>
   </trkpt>
   <trkpt lat="46.2176150" lon="14.6276100">
    <ele>592.2</ele>
   </trkpt>
   <trkpt lat="46.2176520" lon="14.6276020">
    <ele>592.4</ele>
   </trkpt>
   <trkpt lat="46.2176820" lon="14.6275880">
    <ele>592.6</ele>
   </trkpt>
   <trkpt lat="46.2177030" lon="14.6275780">
    <ele>592.8</ele>
   </trkpt>
   <trkpt lat="46.2177200" lon="14.6275680">
    <ele>593.0</ele>
   </trkpt>
   <trkpt lat="46.2177420" lon="14.6275600">
    <ele>593.2</ele>
   </trkpt>
   <trkpt lat="46.2177620" lon="14.6275480">
    <ele>593.5</ele>
   </trkpt>
   <trkpt lat="46.2177850" lon="14.6275380">
    <ele>593.7</ele>
   </trkpt>
   <trkpt lat="46.2178070" lon="14.6275270">
    <ele>594.1</ele>
   </trkpt>
   <trkpt lat="46.2178320" lon="14.6275180">
    <ele>594.4</ele>
   </trkpt>
   <trkpt lat="46.2178550" lon="14.6275100">
    <ele>594.8</ele>
   </trkpt>
   <trkpt lat="46.2178900" lon="14.6274920">
    <ele>595.4</ele>
   </trkpt>
   <trkpt lat="46.2179200" lon="14.6274820">
    <ele>596.0</ele>
   </trkpt>
   <trkpt lat="46.2179450" lon="14.6274750">
    <ele>596.5</ele>
   </trkpt>
   <trkpt lat="46.2179670" lon="14.6274700">
    <ele>596.9</ele>
   </trkpt>
   <trkpt lat="46.2179900" lon="14.6274670">
    <ele>597.4</ele>
   </trkpt>
   <trkpt lat="46.2180130" lon="14.6274880">
    <ele>598.0</ele>
   </trkpt>
   <trkpt lat="46.2180220" lon="14.6275070">
    <ele>598.3</ele>
   </trkpt>
   <trkpt lat="46.2180400" lon="14.6275070">
    <ele>598.7</ele>
   </trkpt>
   <trkpt lat="46.2180730" lon="14.6274950">
    <ele>599.4</ele>
   </trkpt>
   <trkpt lat="46.2181150" lon="14.6274820">
    <ele>600.3</ele>
   </trkpt>
   <trkpt lat="46.2181550" lon="14.6274900">
    <ele>601.1</ele>
   </trkpt>
   <trkpt lat="46.2182070" lon="14.6274820">
    <ele>602.0</ele>
   </trkpt>
   <trkpt lat="46.2182430" lon="14.6274700">
    <ele>602.4</ele>
   </trkpt>
   <trkpt lat="46.2182730" lon="14.6274670">
    <ele>602.6</ele>
   </trkpt>
   <trkpt lat="46.2183020" lon="14.6274380">
    <ele>602.8</ele>
   </trkpt>
   <trkpt lat="46.2183120" lon="14.6274030">
    <ele>602.7</ele>
   </trkpt>
   <trkpt lat="46.2183100" lon="14.6273830">
    <ele>602.7</ele>
   </trkpt>
   <trkpt lat="46.2183100" lon="14.6273850">
    <ele>602.7</ele>
   </trkpt>
   <trkpt lat="46.2183330" lon="14.6273620">
    <ele>602.5</ele>
   </trkpt>
   <trkpt lat="46.2183470" lon="14.6273530">
    <ele>602.4</ele>
   </trkpt>
   <trkpt lat="46.2183630" lon="14.6273500">
    <ele>602.2</ele>
   </trkpt>
   <trkpt lat="46.2183870" lon="14.6273400">
    <ele>602.0</ele>
   </trkpt>
   <trkpt lat="46.2184320" lon="14.6273150">
    <ele>601.3</ele>
   </trkpt>
   <trkpt lat="46.2184580" lon="14.6273320">
    <ele>600.9</ele>
   </trkpt>
   <trkpt lat="46.2184870" lon="14.6273550">
    <ele>600.3</ele>
   </trkpt>
   <trkpt lat="46.2184980" lon="14.6273650">
    <ele>600.1</ele>
   </trkpt>
   <trkpt lat="46.2185380" lon="14.6273820">
    <ele>599.3</ele>
   </trkpt>
   <trkpt lat="46.2185750" lon="14.6273950">
    <ele>598.6</ele>
   </trkpt>
   <trkpt lat="46.2186000" lon="14.6274030">
    <ele>598.2</ele>
   </trkpt>
   <trkpt lat="46.2186130" lon="14.6273950">
    <ele>597.9</ele>
   </trkpt>
   <trkpt lat="46.2186420" lon="14.6273750">
    <ele>597.3</ele>
   </trkpt>
   <trkpt lat="46.2186830" lon="14.6273620">
    <ele>596.6</ele>
   </trkpt>
   <trkpt lat="46.2187230" lon="14.6273280">
    <ele>595.9</ele>
   </trkpt>
   <trkpt lat="46.2187720" lon="14.6272650">
    <ele>595.0</ele>
   </trkpt>
   <trkpt lat="46.2187900" lon="14.6272080">
    <ele>594.9</ele>
   </trkpt>
   <trkpt lat="46.2187970" lon="14.6271530">
    <ele>595.0</ele>
   </trkpt>
   <trkpt lat="46.2188100" lon="14.6271070">
    <ele>595.0</ele>
   </trkpt>
   <trkpt lat="46.2188500" lon="14.6270730">
    <ele>595.1</ele>
   </trkpt>
   <trkpt lat="46.2188950" lon="14.6270420">
    <ele>595.1</ele>
   </trkpt>
   <trkpt lat="46.2189430" lon="14.6270200">
    <ele>595.1</ele>
   </trkpt>
   <trkpt lat="46.2189930" lon="14.6269980">
    <ele>595.1</ele>
   </trkpt>
   <trkpt lat="46.2190220" lon="14.6269830">
    <ele>595.2</ele>
   </trkpt>
   <trkpt lat="46.2190600" lon="14.6269570">
    <ele>595.2</ele>
   </trkpt>
   <trkpt lat="46.2190850" lon="14.6269330">
    <ele>595.3</ele>
   </trkpt>
   <trkpt lat="46.2191150" lon="14.6269030">
    <ele>595.4</ele>
   </trkpt>
   <trkpt lat="46.2191480" lon="14.6268680">
    <ele>595.5</ele>
   </trkpt>
   <trkpt lat="46.2191720" lon="14.6268270">
    <ele>595.6</ele>
   </trkpt>
   <trkpt lat="46.2192000" lon="14.6267950">
    <ele>595.8</ele>
   </trkpt>
   <trkpt lat="46.2192270" lon="14.6267600">
    <ele>596.0</ele>
   </trkpt>
   <trkpt lat="46.2192400" lon="14.6267350">
    <ele>596.1</ele>
   </trkpt>
   <trkpt lat="46.2192500" lon="14.6267130">
    <ele>596.2</ele>
   </trkpt>
   <trkpt lat="46.2192620" lon="14.6266720">
    <ele>596.5</ele>
   </trkpt>
   <trkpt lat="46.2192770" lon="14.6266330">
    <ele>596.8</ele>
   </trkpt>
   <trkpt lat="46.2192820" lon="14.6265830">
    <ele>597.2</ele>
   </trkpt>
   <trkpt lat="46.2192780" lon="14.6265450">
    <ele>596.0</ele>
   </trkpt>
   <trkpt lat="46.2192630" lon="14.6265030">
    <ele>594.9</ele>
   </trkpt>
   <trkpt lat="46.2192530" lon="14.6264720">
    <ele>594.2</ele>
   </trkpt>
   <trkpt lat="46.2192380" lon="14.6264520">
    <ele>593.6</ele>
   </trkpt>
   <trkpt lat="46.2192180" lon="14.6264180">
    <ele>592.6</ele>
   </trkpt>
   <trkpt lat="46.2191850" lon="14.6263850">
    <ele>591.3</ele>
   </trkpt>
   <trkpt lat="46.2191520" lon="14.6263520">
    <ele>589.9</ele>
   </trkpt>
   <trkpt lat="46.2191080" lon="14.6263220">
    <ele>589.3</ele>
   </trkpt>
   <trkpt lat="46.2190570" lon="14.6262950">
    <ele>588.7</ele>
   </trkpt>
   <trkpt lat="46.2190220" lon="14.6262730">
    <ele>588.3</ele>
   </trkpt>
   <trkpt lat="46.2189750" lon="14.6262600">
    <ele>587.9</ele>
   </trkpt>
   <trkpt lat="46.2189430" lon="14.6262420">
    <ele>587.8</ele>
   </trkpt>
   <trkpt lat="46.2189170" lon="14.6262280">
    <ele>587.7</ele>
   </trkpt>
   <trkpt lat="46.2188730" lon="14.6262050">
    <ele>587.3</ele>
   </trkpt>
   <trkpt lat="46.2188470" lon="14.6261870">
    <ele>587.1</ele>
   </trkpt>
   <trkpt lat="46.2188170" lon="14.6261600">
    <ele>586.7</ele>
   </trkpt>
   <trkpt lat="46.2187870" lon="14.6261400">
    <ele>586.4</ele>
   </trkpt>
   <trkpt lat="46.2187520" lon="14.6261120">
    <ele>585.9</ele>
   </trkpt>
   <trkpt lat="46.2187180" lon="14.6260820">
    <ele>585.5</ele>
   </trkpt>
   <trkpt lat="46.2186930" lon="14.6260470">
    <ele>585.1</ele>
   </trkpt>
   <trkpt lat="46.2186770" lon="14.6260000">
    <ele>584.7</ele>
   </trkpt>
   <trkpt lat="46.2186570" lon="14.6259530">
    <ele>584.2</ele>
   </trkpt>
   <trkpt lat="46.2186300" lon="14.6259020">
    <ele>583.6</ele>
   </trkpt>
   <trkpt lat="46.2186020" lon="14.6258600">
    <ele>583.0</ele>
   </trkpt>
   <trkpt lat="46.2185650" lon="14.6258170">
    <ele>582.3</ele>
   </trkpt>
   <trkpt lat="46.2185370" lon="14.6257820">
    <ele>581.8</ele>
   </trkpt>
   <trkpt lat="46.2185130" lon="14.6257380">
    <ele>581.3</ele>
   </trkpt>
   <trkpt lat="46.2184820" lon="14.6257030">
    <ele>580.8</ele>
   </trkpt>
   <trkpt lat="46.2184600" lon="14.6256620">
    <ele>580.4</ele>
   </trkpt>
   <trkpt lat="46.2184380" lon="14.6256150">
    <ele>580.0</ele>
   </trkpt>
   <trkpt lat="46.2184180" lon="14.6255720">
    <ele>579.6</ele>
   </trkpt>
   <trkpt lat="46.2183980" lon="14.6255300">
    <ele>579.2</ele>
   </trkpt>
   <trkpt lat="46.2183780" lon="14.6254950">
    <ele>578.8</ele>
   </trkpt>
   <trkpt lat="46.2183580" lon="14.6254530">
    <ele>578.3</ele>
   </trkpt>
   <trkpt lat="46.2183350" lon="14.6254030">
    <ele>577.7</ele>
   </trkpt>
   <trkpt lat="46.2183120" lon="14.6253500">
    <ele>577.0</ele>
   </trkpt>
   <trkpt lat="46.2182900" lon="14.6252850">
    <ele>576.2</ele>
   </trkpt>
   <trkpt lat="46.2182520" lon="14.6252180">
    <ele>575.3</ele>
   </trkpt>
   <trkpt lat="46.2182250" lon="14.6251570">
    <ele>574.5</ele>
   </trkpt>
   <trkpt lat="46.2182080" lon="14.6250970">
    <ele>573.8</ele>
   </trkpt>
   <trkpt lat="46.2181830" lon="14.6250480">
    <ele>573.1</ele>
   </trkpt>
   <trkpt lat="46.2181670" lon="14.6250050">
    <ele>572.5</ele>
   </trkpt>
   <trkpt lat="46.2181600" lon="14.6249670">
    <ele>572.0</ele>
   </trkpt>
   <trkpt lat="46.2181770" lon="14.6249220">
    <ele>571.3</ele>
   </trkpt>
   <trkpt lat="46.2181700" lon="14.6248770">
    <ele>570.7</ele>
   </trkpt>
   <trkpt lat="46.2181480" lon="14.6248250">
    <ele>569.8</ele>
   </trkpt>
   <trkpt lat="46.2181300" lon="14.6247630">
    <ele>568.9</ele>
   </trkpt>
   <trkpt lat="46.2181080" lon="14.6246950">
    <ele>568.0</ele>
   </trkpt>
   <trkpt lat="46.2181030" lon="14.6246200">
    <ele>567.3</ele>
   </trkpt>
   <trkpt lat="46.2180850" lon="14.6245330">
    <ele>566.7</ele>
   </trkpt>
   <trkpt lat="46.2180700" lon="14.6244750">
    <ele>566.4</ele>
   </trkpt>
   <trkpt lat="46.2180570" lon="14.6244220">
    <ele>566.2</ele>
   </trkpt>
   <trkpt lat="46.2180480" lon="14.6243470">
    <ele>566.0</ele>
   </trkpt>
   <trkpt lat="46.2180530" lon="14.6242950">
    <ele>565.9</ele>
   </trkpt>
   <trkpt lat="46.2180550" lon="14.6242570">
    <ele>565.8</ele>
   </trkpt>
   <trkpt lat="46.2180470" lon="14.6242150">
    <ele>565.6</ele>
   </trkpt>
   <trkpt lat="46.2180400" lon="14.6241730">
    <ele>565.4</ele>
   </trkpt>
   <trkpt lat="46.2180350" lon="14.6241250">
    <ele>565.2</ele>
   </trkpt>
   <trkpt lat="46.2180270" lon="14.6240780">
    <ele>565.0</ele>
   </trkpt>
   <trkpt lat="46.2180100" lon="14.6240100">
    <ele>564.6</ele>
   </trkpt>
   <trkpt lat="46.2179930" lon="14.6239600">
    <ele>564.2</ele>
   </trkpt>
   <trkpt lat="46.2179730" lon="14.6239270">
    <ele>564.0</ele>
   </trkpt>
   <trkpt lat="46.2179500" lon="14.6238620">
    <ele>563.4</ele>
   </trkpt>
   <trkpt lat="46.2179170" lon="14.6237920">
    <ele>562.8</ele>
   </trkpt>
   <trkpt lat="46.2178900" lon="14.6237300">
    <ele>562.3</ele>
   </trkpt>
   <trkpt lat="46.2178780" lon="14.6236770">
    <ele>562.0</ele>
   </trkpt>
   <trkpt lat="46.2178620" lon="14.6236170">
    <ele>561.8</ele>
   </trkpt>
   <trkpt lat="46.2178420" lon="14.6235530">
    <ele>561.8</ele>
   </trkpt>
   <trkpt lat="46.2178270" lon="14.6234970">
    <ele>561.8</ele>
   </trkpt>
   <trkpt lat="46.2178130" lon="14.6234380">
    <ele>561.9</ele>
   </trkpt>
   <trkpt lat="46.2177980" lon="14.6233770">
    <ele>562.0</ele>
   </trkpt>
   <trkpt lat="46.2177850" lon="14.6233170">
    <ele>562.0</ele>
   </trkpt>
   <trkpt lat="46.2177720" lon="14.6232670">
    <ele>561.8</ele>
   </trkpt>
   <trkpt lat="46.2177470" lon="14.6232300">
    <ele>561.6</ele>
   </trkpt>
   <trkpt lat="46.2177320" lon="14.6231930">
    <ele>561.3</ele>
   </trkpt>
   <trkpt lat="46.2177250" lon="14.6231530">
    <ele>560.9</ele>
   </trkpt>
   <trkpt lat="46.2177200" lon="14.6231080">
    <ele>560.3</ele>
   </trkpt>
   <trkpt lat="46.2177200" lon="14.6230550">
    <ele>559.7</ele>
   </trkpt>
   <trkpt lat="46.2177330" lon="14.6230050">
    <ele>558.9</ele>
   </trkpt>
   <trkpt lat="46.2177430" lon="14.6229450">
    <ele>558.0</ele>
   </trkpt>
   <trkpt lat="46.2177520" lon="14.6228400">
    <ele>556.6</ele>
   </trkpt>
   <trkpt lat="46.2177520" lon="14.6227730">
    <ele>555.7</ele>
   </trkpt>
   <trkpt lat="46.2177580" lon="14.6227220">
    <ele>555.0</ele>
   </trkpt>
   <trkpt lat="46.2177780" lon="14.6226750">
    <ele>554.3</ele>
   </trkpt>
   <trkpt lat="46.2177980" lon="14.6226480">
    <ele>553.8</ele>
   </trkpt>
   <trkpt lat="46.2178180" lon="14.6226170">
    <ele>553.3</ele>
   </trkpt>
   <trkpt lat="46.2178400" lon="14.6225620">
    <ele>552.6</ele>
   </trkpt>
   <trkpt lat="46.2178630" lon="14.6225030">
    <ele>552.0</ele>
   </trkpt>
   <trkpt lat="46.2178830" lon="14.6224470">
    <ele>551.6</ele>
   </trkpt>
   <trkpt lat="46.2179030" lon="14.6223880">
    <ele>551.4</ele>
   </trkpt>
   <trkpt lat="46.2179230" lon="14.6223230">
    <ele>551.4</ele>
   </trkpt>
   <trkpt lat="46.2179430" lon="14.6222580">
    <ele>551.4</ele>
   </trkpt>
   <trkpt lat="46.2179580" lon="14.6222170">
    <ele>551.5</ele>
   </trkpt>
   <trkpt lat="46.2179700" lon="14.6221750">
    <ele>551.5</ele>
   </trkpt>
   <trkpt lat="46.2179880" lon="14.6221430">
    <ele>551.5</ele>
   </trkpt>
   <trkpt lat="46.2179970" lon="14.6221030">
    <ele>551.5</ele>
   </trkpt>
   <trkpt lat="46.2180020" lon="14.6220600">
    <ele>551.5</ele>
   </trkpt>
   <trkpt lat="46.2180130" lon="14.6220120">
    <ele>551.4</ele>
   </trkpt>
   <trkpt lat="46.2180150" lon="14.6219780">
    <ele>551.3</ele>
   </trkpt>
   <trkpt lat="46.2180150" lon="14.6219420">
    <ele>551.2</ele>
   </trkpt>
   <trkpt lat="46.2180120" lon="14.6218880">
    <ele>551.1</ele>
   </trkpt>
   <trkpt lat="46.2180130" lon="14.6218330">
    <ele>551.0</ele>
   </trkpt>
   <trkpt lat="46.2180230" lon="14.6217880">
    <ele>551.0</ele>
   </trkpt>
   <trkpt lat="46.2180330" lon="14.6217430">
    <ele>550.9</ele>
   </trkpt>
   <trkpt lat="46.2180600" lon="14.6217030">
    <ele>550.8</ele>
   </trkpt>
   <trkpt lat="46.2180880" lon="14.6216500">
    <ele>550.6</ele>
   </trkpt>
   <trkpt lat="46.2181120" lon="14.6215930">
    <ele>550.4</ele>
   </trkpt>
   <trkpt lat="46.2181220" lon="14.6215350">
    <ele>550.0</ele>
   </trkpt>
   <trkpt lat="46.2181370" lon="14.6214820">
    <ele>549.7</ele>
   </trkpt>
   <trkpt lat="46.2181470" lon="14.6214400">
    <ele>549.3</ele>
   </trkpt>
   <trkpt lat="46.2181550" lon="14.6213970">
    <ele>549.0</ele>
   </trkpt>
   <trkpt lat="46.2181450" lon="14.6213420">
    <ele>548.5</ele>
   </trkpt>
   <trkpt lat="46.2181470" lon="14.6212770">
    <ele>548.0</ele>
   </trkpt>
   <trkpt lat="46.2181530" lon="14.6212050">
    <ele>547.4</ele>
   </trkpt>
   <trkpt lat="46.2181630" lon="14.6211280">
    <ele>546.8</ele>
   </trkpt>
   <trkpt lat="46.2181770" lon="14.6210530">
    <ele>545.9</ele>
   </trkpt>
   <trkpt lat="46.2182050" lon="14.6210050">
    <ele>545.2</ele>
   </trkpt>
   <trkpt lat="46.2182330" lon="14.6209530">
    <ele>544.3</ele>
   </trkpt>
   <trkpt lat="46.2182480" lon="14.6209070">
    <ele>543.6</ele>
   </trkpt>
   <trkpt lat="46.2182700" lon="14.6208620">
    <ele>542.9</ele>
   </trkpt>
   <trkpt lat="46.2182950" lon="14.6208230">
    <ele>542.1</ele>
   </trkpt>
   <trkpt lat="46.2183070" lon="14.6207850">
    <ele>541.6</ele>
   </trkpt>
   <trkpt lat="46.2183200" lon="14.6207500">
    <ele>541.0</ele>
   </trkpt>
   <trkpt lat="46.2183370" lon="14.6207180">
    <ele>540.5</ele>
   </trkpt>
   <trkpt lat="46.2183370" lon="14.6206920">
    <ele>540.2</ele>
   </trkpt>
   <trkpt lat="46.2183470" lon="14.6206530">
    <ele>539.7</ele>
   </trkpt>
   <trkpt lat="46.2183570" lon="14.6206170">
    <ele>539.2</ele>
   </trkpt>
   <trkpt lat="46.2183520" lon="14.6205770">
    <ele>538.7</ele>
   </trkpt>
   <trkpt lat="46.2183430" lon="14.6205320">
    <ele>538.2</ele>
   </trkpt>
   <trkpt lat="46.2183280" lon="14.6204830">
    <ele>537.6</ele>
   </trkpt>
   <trkpt lat="46.2183130" lon="14.6204470">
    <ele>537.1</ele>
   </trkpt>
   <trkpt lat="46.2183070" lon="14.6204080">
    <ele>536.7</ele>
   </trkpt>
   <trkpt lat="46.2183030" lon="14.6203630">
    <ele>536.2</ele>
   </trkpt>
   <trkpt lat="46.2183150" lon="14.6203120">
    <ele>535.6</ele>
   </trkpt>
   <trkpt lat="46.2183280" lon="14.6202580">
    <ele>535.1</ele>
   </trkpt>
   <trkpt lat="46.2183450" lon="14.6202030">
    <ele>534.5</ele>
   </trkpt>
   <trkpt lat="46.2183680" lon="14.6201400">
    <ele>533.8</ele>
   </trkpt>
   <trkpt lat="46.2183900" lon="14.6200880">
    <ele>533.1</ele>
   </trkpt>
   <trkpt lat="46.2184070" lon="14.6200600">
    <ele>532.6</ele>
   </trkpt>
   <trkpt lat="46.2184220" lon="14.6200300">
    <ele>532.2</ele>
   </trkpt>
   <trkpt lat="46.2184400" lon="14.6199920">
    <ele>531.6</ele>
   </trkpt>
   <trkpt lat="46.2184530" lon="14.6199370">
    <ele>530.9</ele>
   </trkpt>
   <trkpt lat="46.2184720" lon="14.6198720">
    <ele>530.1</ele>
   </trkpt>
   <trkpt lat="46.2184870" lon="14.6198080">
    <ele>529.6</ele>
   </trkpt>
   <trkpt lat="46.2185080" lon="14.6197630">
    <ele>529.3</ele>
   </trkpt>
   <trkpt lat="46.2185520" lon="14.6197070">
    <ele>528.9</ele>
   </trkpt>
   <trkpt lat="46.2185800" lon="14.6196530">
    <ele>528.7</ele>
   </trkpt>
   <trkpt lat="46.2185930" lon="14.6196070">
    <ele>528.4</ele>
   </trkpt>
   <trkpt lat="46.2186020" lon="14.6195480">
    <ele>528.0</ele>
   </trkpt>
   <trkpt lat="46.2186170" lon="14.6194950">
    <ele>527.5</ele>
   </trkpt>
   <trkpt lat="46.2186350" lon="14.6194300">
    <ele>526.9</ele>
   </trkpt>
   <trkpt lat="46.2186480" lon="14.6193750">
    <ele>526.4</ele>
   </trkpt>
   <trkpt lat="46.2186700" lon="14.6193370">
    <ele>526.0</ele>
   </trkpt>
   <trkpt lat="46.2186900" lon="14.6192900">
    <ele>525.6</ele>
   </trkpt>
   <trkpt lat="46.2187250" lon="14.6192480">
    <ele>525.2</ele>
   </trkpt>
   <trkpt lat="46.2187630" lon="14.6192180">
    <ele>524.9</ele>
   </trkpt>
   <trkpt lat="46.2187950" lon="14.6191970">
    <ele>524.6</ele>
   </trkpt>
   <trkpt lat="46.2188150" lon="14.6191870">
    <ele>524.5</ele>
   </trkpt>
   <trkpt lat="46.2188280" lon="14.6191720">
    <ele>524.4</ele>
   </trkpt>
   <trkpt lat="46.2188350" lon="14.6191450">
    <ele>524.3</ele>
   </trkpt>
   <trkpt lat="46.2188380" lon="14.6191100">
    <ele>524.2</ele>
   </trkpt>
   <trkpt lat="46.2188370" lon="14.6190620">
    <ele>524.0</ele>
   </trkpt>
   <trkpt lat="46.2188380" lon="14.6190200">
    <ele>523.9</ele>
   </trkpt>
   <trkpt lat="46.2188370" lon="14.6189730">
    <ele>523.8</ele>
   </trkpt>
   <trkpt lat="46.2188370" lon="14.6189420">
    <ele>523.8</ele>
   </trkpt>
   <trkpt lat="46.2188330" lon="14.6188900">
    <ele>523.6</ele>
   </trkpt>
   <trkpt lat="46.2188430" lon="14.6188420">
    <ele>523.5</ele>
   </trkpt>
   <trkpt lat="46.2188570" lon="14.6187950">
    <ele>523.4</ele>
   </trkpt>
   <trkpt lat="46.2188750" lon="14.6187420">
    <ele>523.1</ele>
   </trkpt>
   <trkpt lat="46.2188920" lon="14.6187030">
    <ele>522.9</ele>
   </trkpt>
   <trkpt lat="46.2189180" lon="14.6186620">
    <ele>522.5</ele>
   </trkpt>
   <trkpt lat="46.2189350" lon="14.6186180">
    <ele>522.1</ele>
   </trkpt>
   <trkpt lat="46.2189550" lon="14.6185830">
    <ele>521.7</ele>
   </trkpt>
   <trkpt lat="46.2189750" lon="14.6185370">
    <ele>521.2</ele>
   </trkpt>
   <trkpt lat="46.2189870" lon="14.6184680">
    <ele>520.4</ele>
   </trkpt>
   <trkpt lat="46.2190080" lon="14.6184330">
    <ele>519.9</ele>
   </trkpt>
   <trkpt lat="46.2190280" lon="14.6184020">
    <ele>519.5</ele>
   </trkpt>
   <trkpt lat="46.2190530" lon="14.6183780">
    <ele>519.2</ele>
   </trkpt>
   <trkpt lat="46.2190830" lon="14.6183650">
    <ele>518.8</ele>
   </trkpt>
   <trkpt lat="46.2191120" lon="14.6183570">
    <ele>518.5</ele>
   </trkpt>
   <trkpt lat="46.2191480" lon="14.6183520">
    <ele>518.2</ele>
   </trkpt>
   <trkpt lat="46.2191900" lon="14.6183580">
    <ele>517.9</ele>
   </trkpt>
   <trkpt lat="46.2192230" lon="14.6183700">
    <ele>517.7</ele>
   </trkpt>
   <trkpt lat="46.2192650" lon="14.6183880">
    <ele>517.4</ele>
   </trkpt>
   <trkpt lat="46.2193020" lon="14.6184030">
    <ele>517.2</ele>
   </trkpt>
   <trkpt lat="46.2193370" lon="14.6184120">
    <ele>517.0</ele>
   </trkpt>
   <trkpt lat="46.2193730" lon="14.6184150">
    <ele>516.7</ele>
   </trkpt>
   <trkpt lat="46.2194120" lon="14.6184150">
    <ele>516.4</ele>
   </trkpt>
   <trkpt lat="46.2194520" lon="14.6184130">
    <ele>516.0</ele>
   </trkpt>
   <trkpt lat="46.2194880" lon="14.6184020">
    <ele>515.7</ele>
   </trkpt>
   <trkpt lat="46.2195270" lon="14.6183800">
    <ele>515.4</ele>
   </trkpt>
   <trkpt lat="46.2195570" lon="14.6183670">
    <ele>515.2</ele>
   </trkpt>
   <trkpt lat="46.2195820" lon="14.6183630">
    <ele>515.1</ele>
   </trkpt>
   <trkpt lat="46.2196020" lon="14.6183620">
    <ele>515.0</ele>
   </trkpt>
   <trkpt lat="46.2196150" lon="14.6183620">
    <ele>515.0</ele>
   </trkpt>
   <trkpt lat="46.2196320" lon="14.6183630">
    <ele>515.0</ele>
   </trkpt>
   <trkpt lat="46.2196550" lon="14.6183680">
    <ele>514.9</ele>
   </trkpt>
   <trkpt lat="46.2196820" lon="14.6183800">
    <ele>514.9</ele>
   </trkpt>
   <trkpt lat="46.2197070" lon="14.6183980">
    <ele>514.9</ele>
   </trkpt>
   <trkpt lat="46.2197300" lon="14.6184270">
    <ele>514.8</ele>
   </trkpt>
   <trkpt lat="46.2197570" lon="14.6184570">
    <ele>514.7</ele>
   </trkpt>
   <trkpt lat="46.2197880" lon="14.6184820">
    <ele>514.7</ele>
   </trkpt>
   <trkpt lat="46.2198250" lon="14.6184930">
    <ele>514.5</ele>
   </trkpt>
   <trkpt lat="46.2198530" lon="14.6184950">
    <ele>514.4</ele>
   </trkpt>
   <trkpt lat="46.2198730" lon="14.6184870">
    <ele>514.3</ele>
   </trkpt>
   <trkpt lat="46.2198900" lon="14.6184770">
    <ele>514.3</ele>
   </trkpt>
   <trkpt lat="46.2199070" lon="14.6184500">
    <ele>513.7</ele>
   </trkpt>
   <trkpt lat="46.2199220" lon="14.6184100">
    <ele>512.7</ele>
   </trkpt>
   <trkpt lat="46.2199350" lon="14.6183680">
    <ele>511.7</ele>
   </trkpt>
   <trkpt lat="46.2199480" lon="14.6183220">
    <ele>510.6</ele>
   </trkpt>
   <trkpt lat="46.2199580" lon="14.6182800">
    <ele>509.7</ele>
   </trkpt>
   <trkpt lat="46.2199680" lon="14.6182330">
    <ele>508.8</ele>
   </trkpt>
   <trkpt lat="46.2199800" lon="14.6181880">
    <ele>507.9</ele>
   </trkpt>
   <trkpt lat="46.2200000" lon="14.6181480">
    <ele>507.0</ele>
   </trkpt>
   <trkpt lat="46.2200280" lon="14.6181070">
    <ele>506.1</ele>
   </trkpt>
   <trkpt lat="46.2200600" lon="14.6180680">
    <ele>505.1</ele>
   </trkpt>
   <trkpt lat="46.2201070" lon="14.6180280">
    <ele>504.0</ele>
   </trkpt>
   <trkpt lat="46.2201600" lon="14.6179950">
    <ele>502.9</ele>
   </trkpt>
   <trkpt lat="46.2202100" lon="14.6179630">
    <ele>501.9</ele>
   </trkpt>
   <trkpt lat="46.2202570" lon="14.6179230">
    <ele>501.0</ele>
   </trkpt>
   <trkpt lat="46.2203000" lon="14.6178770">
    <ele>500.0</ele>
   </trkpt>
   <trkpt lat="46.2203370" lon="14.6178280">
    <ele>499.1</ele>
   </trkpt>
   <trkpt lat="46.2203620" lon="14.6177770">
    <ele>498.3</ele>
   </trkpt>
   <trkpt lat="46.2203820" lon="14.6177270">
    <ele>497.4</ele>
   </trkpt>
   <trkpt lat="46.2204050" lon="14.6176820">
    <ele>496.6</ele>
   </trkpt>
   <trkpt lat="46.2204370" lon="14.6176350">
    <ele>495.5</ele>
   </trkpt>
   <trkpt lat="46.2204620" lon="14.6175880">
    <ele>494.5</ele>
   </trkpt>
   <trkpt lat="46.2204830" lon="14.6175430">
    <ele>493.5</ele>
   </trkpt>
   <trkpt lat="46.2205030" lon="14.6175030">
    <ele>492.5</ele>
   </trkpt>
   <trkpt lat="46.2205200" lon="14.6174620">
    <ele>491.2</ele>
   </trkpt>
   <trkpt lat="46.2205370" lon="14.6174200">
    <ele>490.0</ele>
   </trkpt>
   <trkpt lat="46.2205550" lon="14.6173770">
    <ele>488.6</ele>
   </trkpt>
   <trkpt lat="46.2205720" lon="14.6173370">
    <ele>487.4</ele>
   </trkpt>
   <trkpt lat="46.2205870" lon="14.6173030">
    <ele>486.3</ele>
   </trkpt>
   <trkpt lat="46.2206030" lon="14.6172650">
    <ele>485.1</ele>
   </trkpt>
   <trkpt lat="46.2206200" lon="14.6172300">
    <ele>484.0</ele>
   </trkpt>
   <trkpt lat="46.2206450" lon="14.6171850">
    <ele>482.5</ele>
   </trkpt>
   <trkpt lat="46.2206670" lon="14.6171480">
    <ele>481.2</ele>
   </trkpt>
   <trkpt lat="46.2206930" lon="14.6171150">
    <ele>480.0</ele>
   </trkpt>
   <trkpt lat="46.2207200" lon="14.6170900">
    <ele>478.9</ele>
   </trkpt>
   <trkpt lat="46.2207530" lon="14.6170680">
    <ele>477.9</ele>
   </trkpt>
   <trkpt lat="46.2207850" lon="14.6170550">
    <ele>476.9</ele>
   </trkpt>
   <trkpt lat="46.2208120" lon="14.6170620">
    <ele>476.1</ele>
   </trkpt>
   <trkpt lat="46.2208320" lon="14.6170650">
    <ele>475.6</ele>
   </trkpt>
   <trkpt lat="46.2208550" lon="14.6170520">
    <ele>474.9</ele>
   </trkpt>
   <trkpt lat="46.2208820" lon="14.6170180">
    <ele>474.3</ele>
   </trkpt>
   <trkpt lat="46.2209070" lon="14.6169770">
    <ele>473.7</ele>
   </trkpt>
   <trkpt lat="46.2209330" lon="14.6169180">
    <ele>472.9</ele>
   </trkpt>
   <trkpt lat="46.2209500" lon="14.6168680">
    <ele>472.3</ele>
   </trkpt>
   <trkpt lat="46.2209570" lon="14.6168180">
    <ele>471.7</ele>
   </trkpt>
   <trkpt lat="46.2209400" lon="14.6167750">
    <ele>471.3</ele>
   </trkpt>
   <trkpt lat="46.2209150" lon="14.6167180">
    <ele>470.6</ele>
   </trkpt>
   <trkpt lat="46.2208850" lon="14.6166670">
    <ele>470.0</ele>
   </trkpt>
   <trkpt lat="46.2208570" lon="14.6166200">
    <ele>469.4</ele>
   </trkpt>
   <trkpt lat="46.2208270" lon="14.6165780">
    <ele>468.6</ele>
   </trkpt>
   <trkpt lat="46.2207980" lon="14.6165420">
    <ele>467.8</ele>
   </trkpt>
   <trkpt lat="46.2207650" lon="14.6165100">
    <ele>466.9</ele>
   </trkpt>
   <trkpt lat="46.2207280" lon="14.6164820">
    <ele>466.0</ele>
   </trkpt>
   <trkpt lat="46.2206900" lon="14.6164520">
    <ele>465.1</ele>
   </trkpt>
   <trkpt lat="46.2206500" lon="14.6164330">
    <ele>464.1</ele>
   </trkpt>
   <trkpt lat="46.2206070" lon="14.6164170">
    <ele>463.1</ele>
   </trkpt>
   <trkpt lat="46.2205580" lon="14.6164000">
    <ele>462.1</ele>
   </trkpt>
   <trkpt lat="46.2205180" lon="14.6163820">
    <ele>461.3</ele>
   </trkpt>
   <trkpt lat="46.2204870" lon="14.6163570">
    <ele>460.6</ele>
   </trkpt>
   <trkpt lat="46.2204580" lon="14.6163200">
    <ele>459.7</ele>
   </trkpt>
   <trkpt lat="46.2204380" lon="14.6162770">
    <ele>458.8</ele>
   </trkpt>
   <trkpt lat="46.2204380" lon="14.6162320">
    <ele>458.0</ele>
   </trkpt>
   <trkpt lat="46.2204530" lon="14.6161930">
    <ele>457.0</ele>
   </trkpt>
   <trkpt lat="46.2204770" lon="14.6161550">
    <ele>455.9</ele>
   </trkpt>
   <trkpt lat="46.2205030" lon="14.6161170">
    <ele>454.7</ele>
   </trkpt>
   <trkpt lat="46.2205320" lon="14.6160780">
    <ele>453.4</ele>
   </trkpt>
   <trkpt lat="46.2205570" lon="14.6160380">
    <ele>452.2</ele>
   </trkpt>
   <trkpt lat="46.2205720" lon="14.6160070">
    <ele>451.4</ele>
   </trkpt>
   <trkpt lat="46.2205900" lon="14.6159500">
    <ele>450.2</ele>
   </trkpt>
   <trkpt lat="46.2205980" lon="14.6159000">
    <ele>449.2</ele>
   </trkpt>
   <trkpt lat="46.2206020" lon="14.6158530">
    <ele>448.3</ele>
   </trkpt>
   <trkpt lat="46.2206050" lon="14.6158020">
    <ele>447.3</ele>
   </trkpt>
   <trkpt lat="46.2206130" lon="14.6157500">
    <ele>446.3</ele>
   </trkpt>
   <trkpt lat="46.2206300" lon="14.6157080">
    <ele>445.5</ele>
   </trkpt>
   <trkpt lat="46.2206550" lon="14.6156600">
    <ele>444.4</ele>
   </trkpt>
   <trkpt lat="46.2206750" lon="14.6156220">
    <ele>443.6</ele>
   </trkpt>
   <trkpt lat="46.2207020" lon="14.6155850">
    <ele>442.6</ele>
   </trkpt>
   <trkpt lat="46.2207270" lon="14.6155770">
    <ele>442.0</ele>
   </trkpt>
   <trkpt lat="46.2207520" lon="14.6155780">
    <ele>441.3</ele>
   </trkpt>
   <trkpt lat="46.2207770" lon="14.6155770">
    <ele>440.7</ele>
   </trkpt>
   <trkpt lat="46.2208070" lon="14.6155770">
    <ele>439.9</ele>
   </trkpt>
   <trkpt lat="46.2208420" lon="14.6155730">
    <ele>439.1</ele>
   </trkpt>
   <trkpt lat="46.2208720" lon="14.6155650">
    <ele>438.3</ele>
   </trkpt>
   <trkpt lat="46.2208980" lon="14.6155520">
    <ele>437.6</ele>
   </trkpt>
   <trkpt lat="46.2209270" lon="14.6155420">
    <ele>436.8</ele>
   </trkpt>
   <trkpt lat="46.2209580" lon="14.6155330">
    <ele>435.9</ele>
   </trkpt>
   <trkpt lat="46.2209950" lon="14.6155200">
    <ele>434.7</ele>
   </trkpt>
   <trkpt lat="46.2210250" lon="14.6155100">
    <ele>433.8</ele>
   </trkpt>
   <trkpt lat="46.2210530" lon="14.6154900">
    <ele>432.8</ele>
   </trkpt>
   <trkpt lat="46.2210780" lon="14.6154630">
    <ele>431.8</ele>
   </trkpt>
   <trkpt lat="46.2210980" lon="14.6154330">
    <ele>431.0</ele>
   </trkpt>
   <trkpt lat="46.2211100" lon="14.6153970">
    <ele>430.2</ele>
   </trkpt>
   <trkpt lat="46.2211200" lon="14.6153570">
    <ele>429.4</ele>
   </trkpt>
   <trkpt lat="46.2211250" lon="14.6152980">
    <ele>428.7</ele>
   </trkpt>
   <trkpt lat="46.2211300" lon="14.6152230">
    <ele>427.7</ele>
   </trkpt>
   <trkpt lat="46.2211300" lon="14.6151570">
    <ele>426.7</ele>
   </trkpt>
   <trkpt lat="46.2211300" lon="14.6150950">
    <ele>425.7</ele>
   </trkpt>
   <trkpt lat="46.2211180" lon="14.6150400">
    <ele>424.8</ele>
   </trkpt>
   <trkpt lat="46.2210930" lon="14.6149870">
    <ele>423.8</ele>
   </trkpt>
   <trkpt lat="46.2210580" lon="14.6149400">
    <ele>422.7</ele>
   </trkpt>
   <trkpt lat="46.2210180" lon="14.6148950">
    <ele>421.4</ele>
   </trkpt>
   <trkpt lat="46.2209800" lon="14.6148500">
    <ele>420.2</ele>
   </trkpt>
   <trkpt lat="46.2209420" lon="14.6148050">
    <ele>418.9</ele>
   </trkpt>
   <trkpt lat="46.2208980" lon="14.6147650">
    <ele>417.7</ele>
   </trkpt>
   <trkpt lat="46.2208530" lon="14.6147350">
    <ele>416.5</ele>
   </trkpt>
   <trkpt lat="46.2208130" lon="14.6147030">
    <ele>415.5</ele>
   </trkpt>
   <trkpt lat="46.2207870" lon="14.6146600">
    <ele>414.6</ele>
   </trkpt>
   <trkpt lat="46.2207800" lon="14.6146080">
    <ele>413.8</ele>
   </trkpt>
   <trkpt lat="46.2207880" lon="14.6145550">
    <ele>409.6</ele>
   </trkpt>
   <trkpt lat="46.2208020" lon="14.6145130">
    <ele>408.7</ele>
   </trkpt>
   <trkpt lat="46.2208230" lon="14.6144770">
    <ele>407.9</ele>
   </trkpt>
   <trkpt lat="46.2208670" lon="14.6144470">
    <ele>406.6</ele>
   </trkpt>
   <trkpt lat="46.2209070" lon="14.6144320">
    <ele>405.6</ele>
   </trkpt>
   <trkpt lat="46.2209500" lon="14.6144220">
    <ele>404.6</ele>
   </trkpt>
   <trkpt lat="46.2209950" lon="14.6144130">
    <ele>403.5</ele>
   </trkpt>
   <trkpt lat="46.2210400" lon="14.6144070">
    <ele>402.5</ele>
   </trkpt>
   <trkpt lat="46.2210730" lon="14.6144030">
    <ele>401.7</ele>
   </trkpt>
   <trkpt lat="46.2211350" lon="14.6143880">
    <ele>400.4</ele>
   </trkpt>
   <trkpt lat="46.2211950" lon="14.6143800">
    <ele>399.1</ele>
   </trkpt>
   <trkpt lat="46.2212570" lon="14.6143670">
    <ele>397.9</ele>
   </trkpt>
   <trkpt lat="46.2213120" lon="14.6143620">
    <ele>396.8</ele>
   </trkpt>
   <trkpt lat="46.2213700" lon="14.6143630">
    <ele>395.9</ele>
   </trkpt>
   <trkpt lat="46.2214320" lon="14.6143600">
    <ele>394.9</ele>
   </trkpt>
   <trkpt lat="46.2214950" lon="14.6143520">
    <ele>394.1</ele>
   </trkpt>
   <trkpt lat="46.2215570" lon="14.6143350">
    <ele>393.3</ele>
   </trkpt>
   <trkpt lat="46.2216120" lon="14.6143120">
    <ele>392.6</ele>
   </trkpt>
   <trkpt lat="46.2216600" lon="14.6142880">
    <ele>392.1</ele>
   </trkpt>
   <trkpt lat="46.2217100" lon="14.6142650">
    <ele>391.5</ele>
   </trkpt>
   <trkpt lat="46.2217570" lon="14.6142350">
    <ele>390.9</ele>
   </trkpt>
   <trkpt lat="46.2218000" lon="14.6141950">
    <ele>390.3</ele>
   </trkpt>
   <trkpt lat="46.2218400" lon="14.6141480">
    <ele>389.8</ele>
   </trkpt>
   <trkpt lat="46.2218820" lon="14.6141020">
    <ele>389.2</ele>
   </trkpt>
   <trkpt lat="46.2219150" lon="14.6140500">
    <ele>388.8</ele>
   </trkpt>
   <trkpt lat="46.2219530" lon="14.6139880">
    <ele>388.2</ele>
   </trkpt>
   <trkpt lat="46.2219900" lon="14.6139300">
    <ele>387.7</ele>
   </trkpt>
   <trkpt lat="46.2220070" lon="14.6138670">
    <ele>387.3</ele>
   </trkpt>
   <trkpt lat="46.2220230" lon="14.6137980">
    <ele>386.9</ele>
   </trkpt>
   <trkpt lat="46.2220320" lon="14.6137270">
    <ele>386.4</ele>
   </trkpt>
   <trkpt lat="46.2220420" lon="14.6136520">
    <ele>385.8</ele>
   </trkpt>
   <trkpt lat="46.2220520" lon="14.6135750">
    <ele>385.2</ele>
   </trkpt>
   <trkpt lat="46.2220580" lon="14.6134980">
    <ele>384.7</ele>
   </trkpt>
   <trkpt lat="46.2220780" lon="14.6134300">
    <ele>384.1</ele>
   </trkpt>
   <trkpt lat="46.2221020" lon="14.6133670">
    <ele>383.6</ele>
   </trkpt>
   <trkpt lat="46.2221320" lon="14.6133080">
    <ele>383.0</ele>
   </trkpt>
   <trkpt lat="46.2221680" lon="14.6132570">
    <ele>382.4</ele>
   </trkpt>
   <trkpt lat="46.2222050" lon="14.6132020">
    <ele>381.8</ele>
   </trkpt>
   <trkpt lat="46.2222370" lon="14.6131400">
    <ele>381.2</ele>
   </trkpt>
   <trkpt lat="46.2222730" lon="14.6130950">
    <ele>380.6</ele>
   </trkpt>
   <trkpt lat="46.2223150" lon="14.6130650">
    <ele>380.5</ele>
   </trkpt>
   <trkpt lat="46.2223580" lon="14.6130530">
    <ele>380.5</ele>
   </trkpt>
   <trkpt lat="46.2224020" lon="14.6130630">
    <ele>380.4</ele>
   </trkpt>
   <trkpt lat="46.2224420" lon="14.6130580">
    <ele>380.3</ele>
   </trkpt>
   <trkpt lat="46.2224930" lon="14.6130680">
    <ele>380.1</ele>
   </trkpt>
   <trkpt lat="46.2225330" lon="14.6130780">
    <ele>379.9</ele>
   </trkpt>
   <trkpt lat="46.2225820" lon="14.6130950">
    <ele>379.7</ele>
   </trkpt>
   <trkpt lat="46.2226270" lon="14.6131100">
    <ele>379.5</ele>
   </trkpt>
   <trkpt lat="46.2226820" lon="14.6131250">
    <ele>379.3</ele>
   </trkpt>
   <trkpt lat="46.2227320" lon="14.6131270">
    <ele>379.1</ele>
   </trkpt>
   <trkpt lat="46.2227780" lon="14.6131270">
    <ele>378.9</ele>
   </trkpt>
   <trkpt lat="46.2228120" lon="14.6131320">
    <ele>378.8</ele>
   </trkpt>
   <trkpt lat="46.2228500" lon="14.6131520">
    <ele>378.7</ele>
   </trkpt>
   <trkpt lat="46.2228880" lon="14.6131570">
    <ele>378.6</ele>
   </trkpt>
   <trkpt lat="46.2229330" lon="14.6131520">
    <ele>378.5</ele>
   </trkpt>
   <trkpt lat="46.2229780" lon="14.6131450">
    <ele>378.4</ele>
   </trkpt>
   <trkpt lat="46.2230200" lon="14.6131370">
    <ele>378.3</ele>
   </trkpt>
   <trkpt lat="46.2230630" lon="14.6131280">
    <ele>378.2</ele>
   </trkpt>
   <trkpt lat="46.2231030" lon="14.6131220">
    <ele>378.1</ele>
   </trkpt>
   <trkpt lat="46.2231480" lon="14.6131130">
    <ele>378.1</ele>
   </trkpt>
   <trkpt lat="46.2231980" lon="14.6131030">
    <ele>378.0</ele>
   </trkpt>
   <trkpt lat="46.2232570" lon="14.6130900">
    <ele>377.9</ele>
   </trkpt>
   <trkpt lat="46.2232880" lon="14.6130700">
    <ele>377.8</ele>
   </trkpt>
   <trkpt lat="46.2233370" lon="14.6130270">
    <ele>377.6</ele>
   </trkpt>
   <trkpt lat="46.2233730" lon="14.6129830">
    <ele>377.4</ele>
   </trkpt>
   <trkpt lat="46.2234080" lon="14.6129320">
    <ele>377.5</ele>
   </trkpt>
   <trkpt lat="46.2234430" lon="14.6128800">
    <ele>377.5</ele>
   </trkpt>
   <trkpt lat="46.2234770" lon="14.6128300">
    <ele>377.5</ele>
   </trkpt>
   <trkpt lat="46.2235100" lon="14.6127800">
    <ele>377.6</ele>
   </trkpt>
   <trkpt lat="46.2235430" lon="14.6127300">
    <ele>377.6</ele>
   </trkpt>
   <trkpt lat="46.2235750" lon="14.6126730">
    <ele>377.6</ele>
   </trkpt>
   <trkpt lat="46.2236070" lon="14.6126180">
    <ele>377.6</ele>
   </trkpt>
   <trkpt lat="46.2236380" lon="14.6125630">
    <ele>377.5</ele>
   </trkpt>
   <trkpt lat="46.2236670" lon="14.6125170">
    <ele>377.5</ele>
   </trkpt>
   <trkpt lat="46.2236830" lon="14.6124670">
    <ele>377.5</ele>
   </trkpt>
   <trkpt lat="46.2236920" lon="14.6124120">
    <ele>377.5</ele>
   </trkpt>
   <trkpt lat="46.2236870" lon="14.6123630">
    <ele>377.4</ele>
   </trkpt>
   <trkpt lat="46.2236700" lon="14.6122970">
    <ele>377.4</ele>
   </trkpt>
   <trkpt lat="46.2236480" lon="14.6122420">
    <ele>377.3</ele>
   </trkpt>
   <trkpt lat="46.2236370" lon="14.6121850">
    <ele>377.3</ele>
   </trkpt>
   <trkpt lat="46.2236220" lon="14.6121300">
    <ele>377.2</ele>
   </trkpt>
   <trkpt lat="46.2236050" lon="14.6120730">
    <ele>377.2</ele>
   </trkpt>
   <trkpt lat="46.2235900" lon="14.6120070">
    <ele>377.1</ele>
   </trkpt>
   <trkpt lat="46.2235780" lon="14.6119350">
    <ele>377.1</ele>
   </trkpt>
   <trkpt lat="46.2235620" lon="14.6118630">
    <ele>377.0</ele>
   </trkpt>
   <trkpt lat="46.2235430" lon="14.6117970">
    <ele>377.0</ele>
   </trkpt>
   <trkpt lat="46.2235250" lon="14.6117370">
    <ele>376.9</ele>
   </trkpt>
   <trkpt lat="46.2235050" lon="14.6116730">
    <ele>376.9</ele>
   </trkpt>
   <trkpt lat="46.2234800" lon="14.6116050">
    <ele>376.9</ele>
   </trkpt>
   <trkpt lat="46.2234700" lon="14.6115200">
    <ele>376.8</ele>
   </trkpt>
   <trkpt lat="46.2234650" lon="14.6114300">
    <ele>376.8</ele>
   </trkpt>
   <trkpt lat="46.2234730" lon="14.6113380">
    <ele>376.8</ele>
   </trkpt>
   <trkpt lat="46.2234930" lon="14.6112920">
    <ele>377.0</ele>
   </trkpt>
   <trkpt lat="46.2235230" lon="14.6112550">
    <ele>377.1</ele>
   </trkpt>
   <trkpt lat="46.2235500" lon="14.6111900">
    <ele>377.4</ele>
   </trkpt>
   <trkpt lat="46.2235830" lon="14.6111450">
    <ele>377.6</ele>
   </trkpt>
   <trkpt lat="46.2236180" lon="14.6111030">
    <ele>377.7</ele>
   </trkpt>
   <trkpt lat="46.2236420" lon="14.6110580">
    <ele>377.9</ele>
   </trkpt>
   <trkpt lat="46.2236770" lon="14.6110180">
    <ele>378.0</ele>
   </trkpt>
   <trkpt lat="46.2237050" lon="14.6109800">
    <ele>378.2</ele>
   </trkpt>
   <trkpt lat="46.2237370" lon="14.6109500">
    <ele>378.3</ele>
   </trkpt>
   <trkpt lat="46.2237680" lon="14.6109270">
    <ele>378.4</ele>
   </trkpt>
   <trkpt lat="46.2238100" lon="14.6109100">
    <ele>378.6</ele>
   </trkpt>
   <trkpt lat="46.2238530" lon="14.6109100">
    <ele>378.8</ele>
   </trkpt>
   <trkpt lat="46.2238800" lon="14.6108950">
    <ele>378.9</ele>
   </trkpt>
   <trkpt lat="46.2239080" lon="14.6108800">
    <ele>379.0</ele>
   </trkpt>
   <trkpt lat="46.2239420" lon="14.6108620">
    <ele>379.1</ele>
   </trkpt>
   <trkpt lat="46.2239750" lon="14.6108380">
    <ele>379.2</ele>
   </trkpt>
   <trkpt lat="46.2240130" lon="14.6108180">
    <ele>379.4</ele>
   </trkpt>
   <trkpt lat="46.2240320" lon="14.6108000">
    <ele>379.5</ele>
   </trkpt>
   <trkpt lat="46.2240530" lon="14.6107850">
    <ele>379.7</ele>
   </trkpt>
   <trkpt lat="46.2240780" lon="14.6107630">
    <ele>380.1</ele>
   </trkpt>
   <trkpt lat="46.2241050" lon="14.6107350">
    <ele>380.6</ele>
   </trkpt>
   <trkpt lat="46.2241330" lon="14.6107020">
    <ele>381.2</ele>
   </trkpt>
   <trkpt lat="46.2241670" lon="14.6106720">
    <ele>381.8</ele>
   </trkpt>
   <trkpt lat="46.2242000" lon="14.6106420">
    <ele>382.4</ele>
   </trkpt>
   <trkpt lat="46.2242370" lon="14.6106120">
    <ele>383.0</ele>
   </trkpt>
   <trkpt lat="46.2242680" lon="14.6105750">
    <ele>383.6</ele>
   </trkpt>
   <trkpt lat="46.2242950" lon="14.6105380">
    <ele>384.0</ele>
   </trkpt>
   <trkpt lat="46.2243270" lon="14.6105080">
    <ele>384.4</ele>
   </trkpt>
   <trkpt lat="46.2243600" lon="14.6104900">
    <ele>384.4</ele>
   </trkpt>
   <trkpt lat="46.2243970" lon="14.6104950">
    <ele>384.5</ele>
   </trkpt>
   <trkpt lat="46.2244320" lon="14.6105220">
    <ele>384.5</ele>
   </trkpt>
   <trkpt lat="46.2244670" lon="14.6105670">
    <ele>384.6</ele>
   </trkpt>
   <trkpt lat="46.2245050" lon="14.6106170">
    <ele>384.6</ele>
   </trkpt>
   <trkpt lat="46.2245380" lon="14.6106680">
    <ele>384.7</ele>
   </trkpt>
   <trkpt lat="46.2245670" lon="14.6107230">
    <ele>384.8</ele>
   </trkpt>
   <trkpt lat="46.2245930" lon="14.6107770">
    <ele>384.8</ele>
   </trkpt>
   <trkpt lat="46.2246150" lon="14.6108350">
    <ele>384.8</ele>
   </trkpt>
   <trkpt lat="46.2246370" lon="14.6108920">
    <ele>384.8</ele>
   </trkpt>
   <trkpt lat="46.2246570" lon="14.6109500">
    <ele>384.8</ele>
   </trkpt>
   <trkpt lat="46.2246820" lon="14.6110080">
    <ele>384.7</ele>
   </trkpt>
   <trkpt lat="46.2247130" lon="14.6110630">
    <ele>384.7</ele>
   </trkpt>
   <trkpt lat="46.2247450" lon="14.6111170">
    <ele>384.6</ele>
   </trkpt>
   <trkpt lat="46.2247820" lon="14.6111730">
    <ele>384.5</ele>
   </trkpt>
   <trkpt lat="46.2248230" lon="14.6112250">
    <ele>384.4</ele>
   </trkpt>
   <trkpt lat="46.2248620" lon="14.6112720">
    <ele>384.3</ele>
   </trkpt>
   <trkpt lat="46.2248950" lon="14.6113080">
    <ele>384.2</ele>
   </trkpt>
   <trkpt lat="46.2249400" lon="14.6113720">
    <ele>384.0</ele>
   </trkpt>
   <trkpt lat="46.2249780" lon="14.6114100">
    <ele>383.9</ele>
   </trkpt>
   <trkpt lat="46.2250180" lon="14.6114430">
    <ele>383.8</ele>
   </trkpt>
   <trkpt lat="46.2250620" lon="14.6114670">
    <ele>383.7</ele>
   </trkpt>
   <trkpt lat="46.2251100" lon="14.6114820">
    <ele>383.6</ele>
   </trkpt>
   <trkpt lat="46.2251580" lon="14.6114930">
    <ele>383.4</ele>
   </trkpt>
   <trkpt lat="46.2252050" lon="14.6115070">
    <ele>383.3</ele>
   </trkpt>
   <trkpt lat="46.2252500" lon="14.6115250">
    <ele>383.1</ele>
   </trkpt>
   <trkpt lat="46.2252930" lon="14.6115400">
    <ele>383.0</ele>
   </trkpt>
   <trkpt lat="46.2253370" lon="14.6115600">
    <ele>382.9</ele>
   </trkpt>
   <trkpt lat="46.2253820" lon="14.6115750">
    <ele>382.8</ele>
   </trkpt>
   <trkpt lat="46.2254170" lon="14.6115870">
    <ele>382.7</ele>
   </trkpt>
   <trkpt lat="46.2254530" lon="14.6116020">
    <ele>382.6</ele>
   </trkpt>
   <trkpt lat="46.2255000" lon="14.6116150">
    <ele>382.6</ele>
   </trkpt>
   <trkpt lat="46.2255230" lon="14.6116230">
    <ele>382.5</ele>
   </trkpt>
  </trkseg>
 </trk>
</gpx>
