<?xml version="1.0" encoding="UTF-8"?>
<gpx creator="StravaGPX" version="1.1" xmlns="http://www.topografix.com/GPX/1/1" xmlns:xsi="http://www.w3.org/2001/XMLSchema-instance" xsi:schemaLocation="http://www.topografix.com/GPX/1/1 http://www.topografix.com/GPX/1/1/gpx.xsd">
 <trk>
  <name>Soča trail 25 km</name>
  <type>running</type>
  <trkseg>
   <trkpt lat="46.1747180" lon="13.7371780">
    <ele>172.7</ele>
   </trkpt>
   <trkpt lat="46.1746950" lon="13.7371270">
    <ele>172.7</ele>
   </trkpt>
   <trkpt lat="46.1746770" lon="13.7370720">
    <ele>172.8</ele>
   </trkpt>
   <trkpt lat="46.1746700" lon="13.7370220">
    <ele>172.9</ele>
   </trkpt>
   <trkpt lat="46.1746720" lon="13.7369700">
    <ele>173.0</ele>
   </trkpt>
   <trkpt lat="46.1746880" lon="13.7369230">
    <ele>173.1</ele>
   </trkpt>
   <trkpt lat="46.1747100" lon="13.7368800">
    <ele>173.2</ele>
   </trkpt>
   <trkpt lat="46.1747420" lon="13.7368400">
    <ele>173.3</ele>
   </trkpt>
   <trkpt lat="46.1747800" lon="13.7368050">
    <ele>173.4</ele>
   </trkpt>
   <trkpt lat="46.1748200" lon="13.7367780">
    <ele>173.5</ele>
   </trkpt>
   <trkpt lat="46.1748630" lon="13.7367550">
    <ele>173.6</ele>
   </trkpt>
   <trkpt lat="46.1749020" lon="13.7367320">
    <ele>173.8</ele>
   </trkpt>
   <trkpt lat="46.1749400" lon="13.7367070">
    <ele>173.8</ele>
   </trkpt>
   <trkpt lat="46.1749800" lon="13.7366780">
    <ele>173.8</ele>
   </trkpt>
   <trkpt lat="46.1750180" lon="13.7366570">
    <ele>173.8</ele>
   </trkpt>
   <trkpt lat="46.1750650" lon="13.7366320">
    <ele>173.9</ele>
   </trkpt>
   <trkpt lat="46.1751030" lon="13.7366120">
    <ele>173.7</ele>
   </trkpt>
   <trkpt lat="46.1751420" lon="13.7365900">
    <ele>173.1</ele>
   </trkpt>
   <trkpt lat="46.1751750" lon="13.7365620">
    <ele>172.5</ele>
   </trkpt>
   <trkpt lat="46.1752020" lon="13.7365250">
    <ele>172.0</ele>
   </trkpt>
   <trkpt lat="46.1752280" lon="13.7364830">
    <ele>171.4</ele>
   </trkpt>
   <trkpt lat="46.1752480" lon="13.7364380">
    <ele>170.9</ele>
   </trkpt>
   <trkpt lat="46.1752720" lon="13.7363800">
    <ele>170.2</ele>
   </trkpt>
   <trkpt lat="46.1752780" lon="13.7363170">
    <ele>170.2</ele>
   </trkpt>
   <trkpt lat="46.1752820" lon="13.7362620">
    <ele>170.2</ele>
   </trkpt>
   <trkpt lat="46.1752850" lon="13.7362050">
    <ele>170.2</ele>
   </trkpt>
   <trkpt lat="46.1752970" lon="13.7361520">
    <ele>170.2</ele>
   </trkpt>
   <trkpt lat="46.1753030" lon="13.7360930">
    <ele>170.2</ele>
   </trkpt>
   <trkpt lat="46.1753100" lon="13.7360350">
    <ele>170.2</ele>
   </trkpt>
   <trkpt lat="46.1753180" lon="13.7359750">
    <ele>170.2</ele>
   </trkpt>
   <trkpt lat="46.1753300" lon="13.7359180">
    <ele>170.2</ele>
   </trkpt>
   <trkpt lat="46.1753420" lon="13.7358650">
    <ele>170.2</ele>
   </trkpt>
   <trkpt lat="46.1753480" lon="13.7358030">
    <ele>170.1</ele>
   </trkpt>
   <trkpt lat="46.1753530" lon="13.7357420">
    <ele>170.0</ele>
   </trkpt>
   <trkpt lat="46.1753630" lon="13.7356820">
    <ele>170.0</ele>
   </trkpt>
   <trkpt lat="46.1753700" lon="13.7356220">
    <ele>169.9</ele>
   </trkpt>
   <trkpt lat="46.1753730" lon="13.7355580">
    <ele>169.8</ele>
   </trkpt>
   <trkpt lat="46.1753820" lon="13.7354920">
    <ele>169.6</ele>
   </trkpt>
   <trkpt lat="46.1753900" lon="13.7354280">
    <ele>169.5</ele>
   </trkpt>
   <trkpt lat="46.1753980" lon="13.7353580">
    <ele>169.4</ele>
   </trkpt>
   <trkpt lat="46.1754080" lon="13.7352950">
    <ele>169.4</ele>
   </trkpt>
   <trkpt lat="46.1754220" lon="13.7352420">
    <ele>169.4</ele>
   </trkpt>
   <trkpt lat="46.1754320" lon="13.7351850">
    <ele>169.3</ele>
   </trkpt>
   <trkpt lat="46.1754430" lon="13.7351330">
    <ele>169.3</ele>
   </trkpt>
   <trkpt lat="46.1754530" lon="13.7350800">
    <ele>169.3</ele>
   </trkpt>
   <trkpt lat="46.1754600" lon="13.7350370">
    <ele>169.3</ele>
   </trkpt>
   <trkpt lat="46.1754680" lon="13.7349950">
    <ele>169.3</ele>
   </trkpt>
   <trkpt lat="46.1754650" lon="13.7349520">
    <ele>169.3</ele>
   </trkpt>
   <trkpt lat="46.1754450" lon="13.7349250">
    <ele>169.1</ele>
   </trkpt>
   <trkpt lat="46.1754170" lon="13.7349200">
    <ele>169.1</ele>
   </trkpt>
   <trkpt lat="46.1753880" lon="13.7349350">
    <ele>169.0</ele>
   </trkpt>
   <trkpt lat="46.1753620" lon="13.7349600">
    <ele>169.0</ele>
   </trkpt>
   <trkpt lat="46.1753320" lon="13.7349950">
    <ele>168.9</ele>
   </trkpt>
   <trkpt lat="46.1753100" lon="13.7350500">
    <ele>168.9</ele>
   </trkpt>
   <trkpt lat="46.1752830" lon="13.7350920">
    <ele>168.8</ele>
   </trkpt>
   <trkpt lat="46.1752530" lon="13.7351270">
    <ele>168.8</ele>
   </trkpt>
   <trkpt lat="46.1752170" lon="13.7351570">
    <ele>168.8</ele>
   </trkpt>
   <trkpt lat="46.1751800" lon="13.7351850">
    <ele>168.8</ele>
   </trkpt>
   <trkpt lat="46.1751500" lon="13.7352150">
    <ele>168.8</ele>
   </trkpt>
   <trkpt lat="46.1751200" lon="13.7352450">
    <ele>168.7</ele>
   </trkpt>
   <trkpt lat="46.1750880" lon="13.7352730">
    <ele>168.7</ele>
   </trkpt>
   <trkpt lat="46.1750570" lon="13.7352980">
    <ele>168.7</ele>
   </trkpt>
   <trkpt lat="46.1750350" lon="13.7353250">
    <ele>168.7</ele>
   </trkpt>
   <trkpt lat="46.1750130" lon="13.7353570">
    <ele>168.7</ele>
   </trkpt>
   <trkpt lat="46.1749930" lon="13.7353920">
    <ele>168.7</ele>
   </trkpt>
   <trkpt lat="46.1749800" lon="13.7354350">
    <ele>168.7</ele>
   </trkpt>
   <trkpt lat="46.1749650" lon="13.7354720">
    <ele>168.7</ele>
   </trkpt>
   <trkpt lat="46.1749420" lon="13.7355120">
    <ele>168.7</ele>
   </trkpt>
   <trkpt lat="46.1749180" lon="13.7355530">
    <ele>168.6</ele>
   </trkpt>
   <trkpt lat="46.1748930" lon="13.7355970">
    <ele>168.6</ele>
   </trkpt>
   <trkpt lat="46.1748700" lon="13.7356400">
    <ele>168.6</ele>
   </trkpt>
   <trkpt lat="46.1748450" lon="13.7356830">
    <ele>168.6</ele>
   </trkpt>
   <trkpt lat="46.1748220" lon="13.7357320">
    <ele>168.6</ele>
   </trkpt>
   <trkpt lat="46.1747880" lon="13.7357750">
    <ele>168.6</ele>
   </trkpt>
   <trkpt lat="46.1747630" lon="13.7358150">
    <ele>168.6</ele>
   </trkpt>
   <trkpt lat="46.1747320" lon="13.7358650">
    <ele>168.5</ele>
   </trkpt>
   <trkpt lat="46.1747080" lon="13.7359020">
    <ele>168.5</ele>
   </trkpt>
   <trkpt lat="46.1746830" lon="13.7359380">
    <ele>168.5</ele>
   </trkpt>
   <trkpt lat="46.1746550" lon="13.7359800">
    <ele>168.5</ele>
   </trkpt>
   <trkpt lat="46.1746150" lon="13.7360280">
    <ele>168.5</ele>
   </trkpt>
   <trkpt lat="46.1745780" lon="13.7360850">
    <ele>168.4</ele>
   </trkpt>
   <trkpt lat="46.1745470" lon="13.7361250">
    <ele>168.4</ele>
   </trkpt>
   <trkpt lat="46.1745180" lon="13.7361630">
    <ele>168.4</ele>
   </trkpt>
   <trkpt lat="46.1744930" lon="13.7361980">
    <ele>168.4</ele>
   </trkpt>
   <trkpt lat="46.1744650" lon="13.7362320">
    <ele>168.3</ele>
   </trkpt>
   <trkpt lat="46.1744380" lon="13.7362670">
    <ele>168.3</ele>
   </trkpt>
   <trkpt lat="46.1744170" lon="13.7363050">
    <ele>168.3</ele>
   </trkpt>
   <trkpt lat="46.1743900" lon="13.7363420">
    <ele>168.3</ele>
   </trkpt>
   <trkpt lat="46.1743650" lon="13.7363880">
    <ele>168.3</ele>
   </trkpt>
   <trkpt lat="46.1743400" lon="13.7364380">
    <ele>168.2</ele>
   </trkpt>
   <trkpt lat="46.1743200" lon="13.7364900">
    <ele>168.1</ele>
   </trkpt>
   <trkpt lat="46.1743020" lon="13.7365400">
    <ele>168.1</ele>
   </trkpt>
   <trkpt lat="46.1742820" lon="13.7365920">
    <ele>168.0</ele>
   </trkpt>
   <trkpt lat="46.1742600" lon="13.7366420">
    <ele>167.9</ele>
   </trkpt>
   <trkpt lat="46.1742420" lon="13.7366930">
    <ele>167.8</ele>
   </trkpt>
   <trkpt lat="46.1742250" lon="13.7367470">
    <ele>167.6</ele>
   </trkpt>
   <trkpt lat="46.1742100" lon="13.7367970">
    <ele>167.5</ele>
   </trkpt>
   <trkpt lat="46.1741970" lon="13.7368470">
    <ele>167.4</ele>
   </trkpt>
   <trkpt lat="46.1741820" lon="13.7368980">
    <ele>167.2</ele>
   </trkpt>
   <trkpt lat="46.1741630" lon="13.7369520">
    <ele>167.0</ele>
   </trkpt>
   <trkpt lat="46.1741450" lon="13.7370020">
    <ele>166.8</ele>
   </trkpt>
   <trkpt lat="46.1741270" lon="13.7370520">
    <ele>166.7</ele>
   </trkpt>
   <trkpt lat="46.1741130" lon="13.7370920">
    <ele>166.6</ele>
   </trkpt>
   <trkpt lat="46.1741000" lon="13.7371520">
    <ele>166.4</ele>
   </trkpt>
   <trkpt lat="46.1740920" lon="13.7372000">
    <ele>166.3</ele>
   </trkpt>
   <trkpt lat="46.1740850" lon="13.7372500">
    <ele>166.1</ele>
   </trkpt>
   <trkpt lat="46.1740770" lon="13.7373000">
    <ele>166.0</ele>
   </trkpt>
   <trkpt lat="46.1740650" lon="13.7373500">
    <ele>165.9</ele>
   </trkpt>
   <trkpt lat="46.1740480" lon="13.7374000">
    <ele>165.8</ele>
   </trkpt>
   <trkpt lat="46.1740280" lon="13.7374500">
    <ele>165.7</ele>
   </trkpt>
   <trkpt lat="46.1740130" lon="13.7374950">
    <ele>165.6</ele>
   </trkpt>
   <trkpt lat="46.1739970" lon="13.7375400">
    <ele>165.6</ele>
   </trkpt>
   <trkpt lat="46.1739800" lon="13.7375880">
    <ele>165.5</ele>
   </trkpt>
   <trkpt lat="46.1739620" lon="13.7376350">
    <ele>165.4</ele>
   </trkpt>
   <trkpt lat="46.1739450" lon="13.7376800">
    <ele>165.3</ele>
   </trkpt>
   <trkpt lat="46.1739330" lon="13.7377280">
    <ele>165.3</ele>
   </trkpt>
   <trkpt lat="46.1739200" lon="13.7377750">
    <ele>165.2</ele>
   </trkpt>
   <trkpt lat="46.1739120" lon="13.7378230">
    <ele>165.2</ele>
   </trkpt>
   <trkpt lat="46.1739020" lon="13.7378700">
    <ele>165.2</ele>
   </trkpt>
   <trkpt lat="46.1738930" lon="13.7379150">
    <ele>165.2</ele>
   </trkpt>
   <trkpt lat="46.1738820" lon="13.7379580">
    <ele>165.1</ele>
   </trkpt>
   <trkpt lat="46.1738700" lon="13.7380020">
    <ele>165.1</ele>
   </trkpt>
   <trkpt lat="46.1738600" lon="13.7380430">
    <ele>165.1</ele>
   </trkpt>
   <trkpt lat="46.1738520" lon="13.7380920">
    <ele>165.1</ele>
   </trkpt>
   <trkpt lat="46.1738430" lon="13.7381480">
    <ele>165.1</ele>
   </trkpt>
   <trkpt lat="46.1738370" lon="13.7382070">
    <ele>165.1</ele>
   </trkpt>
   <trkpt lat="46.1738230" lon="13.7382650">
    <ele>165.2</ele>
   </trkpt>
   <trkpt lat="46.1738070" lon="13.7383200">
    <ele>165.2</ele>
   </trkpt>
   <trkpt lat="46.1737870" lon="13.7383720">
    <ele>165.2</ele>
   </trkpt>
   <trkpt lat="46.1737680" lon="13.7384180">
    <ele>165.3</ele>
   </trkpt>
   <trkpt lat="46.1737450" lon="13.7384670">
    <ele>165.3</ele>
   </trkpt>
   <trkpt lat="46.1737220" lon="13.7385130">
    <ele>165.3</ele>
   </trkpt>
   <trkpt lat="46.1737020" lon="13.7385620">
    <ele>165.3</ele>
   </trkpt>
   <trkpt lat="46.1736850" lon="13.7386120">
    <ele>165.3</ele>
   </trkpt>
   <trkpt lat="46.1736750" lon="13.7386650">
    <ele>165.3</ele>
   </trkpt>
   <trkpt lat="46.1736670" lon="13.7387070">
    <ele>165.3</ele>
   </trkpt>
   <trkpt lat="46.1736600" lon="13.7387480">
    <ele>165.2</ele>
   </trkpt>
   <trkpt lat="46.1736520" lon="13.7388130">
    <ele>165.1</ele>
   </trkpt>
   <trkpt lat="46.1736500" lon="13.7388770">
    <ele>164.9</ele>
   </trkpt>
   <trkpt lat="46.1736480" lon="13.7389370">
    <ele>164.8</ele>
   </trkpt>
   <trkpt lat="46.1736500" lon="13.7390000">
    <ele>164.6</ele>
   </trkpt>
   <trkpt lat="46.1736550" lon="13.7390620">
    <ele>164.4</ele>
   </trkpt>
   <trkpt lat="46.1736630" lon="13.7391200">
    <ele>164.2</ele>
   </trkpt>
   <trkpt lat="46.1736680" lon="13.7391720">
    <ele>164.0</ele>
   </trkpt>
   <trkpt lat="46.1736680" lon="13.7392280">
    <ele>163.8</ele>
   </trkpt>
   <trkpt lat="46.1736680" lon="13.7392850">
    <ele>163.5</ele>
   </trkpt>
   <trkpt lat="46.1736670" lon="13.7393430">
    <ele>163.2</ele>
   </trkpt>
   <trkpt lat="46.1736630" lon="13.7394020">
    <ele>162.9</ele>
   </trkpt>
   <trkpt lat="46.1736550" lon="13.7394600">
    <ele>162.6</ele>
   </trkpt>
   <trkpt lat="46.1736500" lon="13.7395200">
    <ele>162.3</ele>
   </trkpt>
   <trkpt lat="46.1736500" lon="13.7395820">
    <ele>162.0</ele>
   </trkpt>
   <trkpt lat="46.1736600" lon="13.7396520">
    <ele>161.6</ele>
   </trkpt>
   <trkpt lat="46.1736730" lon="13.7397250">
    <ele>161.2</ele>
   </trkpt>
   <trkpt lat="46.1736820" lon="13.7397920">
    <ele>160.7</ele>
   </trkpt>
   <trkpt lat="46.1736930" lon="13.7398530">
    <ele>160.3</ele>
   </trkpt>
   <trkpt lat="46.1737100" lon="13.7399080">
    <ele>160.0</ele>
   </trkpt>
   <trkpt lat="46.1737330" lon="13.7399580">
    <ele>159.6</ele>
   </trkpt>
   <trkpt lat="46.1737600" lon="13.7400080">
    <ele>159.3</ele>
   </trkpt>
   <trkpt lat="46.1737900" lon="13.7400520">
    <ele>159.1</ele>
   </trkpt>
   <trkpt lat="46.1738220" lon="13.7400880">
    <ele>158.8</ele>
   </trkpt>
   <trkpt lat="46.1738480" lon="13.7401150">
    <ele>159.0</ele>
   </trkpt>
   <trkpt lat="46.1738770" lon="13.7401380">
    <ele>159.1</ele>
   </trkpt>
   <trkpt lat="46.1739050" lon="13.7401600">
    <ele>159.3</ele>
   </trkpt>
   <trkpt lat="46.1739300" lon="13.7401750">
    <ele>159.4</ele>
   </trkpt>
   <trkpt lat="46.1739570" lon="13.7401970">
    <ele>159.6</ele>
   </trkpt>
   <trkpt lat="46.1739850" lon="13.7402170">
    <ele>159.8</ele>
   </trkpt>
   <trkpt lat="46.1740130" lon="13.7402320">
    <ele>159.9</ele>
   </trkpt>
   <trkpt lat="46.1740420" lon="13.7402450">
    <ele>160.1</ele>
   </trkpt>
   <trkpt lat="46.1740720" lon="13.7402600">
    <ele>160.2</ele>
   </trkpt>
   <trkpt lat="46.1741020" lon="13.7402800">
    <ele>160.4</ele>
   </trkpt>
   <trkpt lat="46.1741320" lon="13.7403030">
    <ele>160.5</ele>
   </trkpt>
   <trkpt lat="46.1741620" lon="13.7403230">
    <ele>160.7</ele>
   </trkpt>
   <trkpt lat="46.1741930" lon="13.7403420">
    <ele>160.8</ele>
   </trkpt>
   <trkpt lat="46.1742250" lon="13.7403520">
    <ele>161.0</ele>
   </trkpt>
   <trkpt lat="46.1742550" lon="13.7403520">
    <ele>161.2</ele>
   </trkpt>
   <trkpt lat="46.1742870" lon="13.7403470">
    <ele>161.4</ele>
   </trkpt>
   <trkpt lat="46.1743200" lon="13.7403400">
    <ele>161.7</ele>
   </trkpt>
   <trkpt lat="46.1743500" lon="13.7403320">
    <ele>162.0</ele>
   </trkpt>
   <trkpt lat="46.1743870" lon="13.7403200">
    <ele>162.4</ele>
   </trkpt>
   <trkpt lat="46.1744180" lon="13.7403070">
    <ele>162.7</ele>
   </trkpt>
   <trkpt lat="46.1744600" lon="13.7402970">
    <ele>163.2</ele>
   </trkpt>
   <trkpt lat="46.1744950" lon="13.7402920">
    <ele>163.2</ele>
   </trkpt>
   <trkpt lat="46.1745380" lon="13.7402900">
    <ele>163.1</ele>
   </trkpt>
   <trkpt lat="46.1745850" lon="13.7402950">
    <ele>163.1</ele>
   </trkpt>
   <trkpt lat="46.1746280" lon="13.7402920">
    <ele>163.1</ele>
   </trkpt>
   <trkpt lat="46.1746670" lon="13.7402720">
    <ele>163.0</ele>
   </trkpt>
   <trkpt lat="46.1746980" lon="13.7402430">
    <ele>162.9</ele>
   </trkpt>
   <trkpt lat="46.1747250" lon="13.7402020">
    <ele>162.8</ele>
   </trkpt>
   <trkpt lat="46.1747530" lon="13.7401670">
    <ele>162.6</ele>
   </trkpt>
   <trkpt lat="46.1747800" lon="13.7401320">
    <ele>162.5</ele>
   </trkpt>
   <trkpt lat="46.1748100" lon="13.7400970">
    <ele>162.5</ele>
   </trkpt>
   <trkpt lat="46.1748380" lon="13.7400620">
    <ele>162.4</ele>
   </trkpt>
   <trkpt lat="46.1748680" lon="13.7400300">
    <ele>162.4</ele>
   </trkpt>
   <trkpt lat="46.1748970" lon="13.7399980">
    <ele>162.4</ele>
   </trkpt>
   <trkpt lat="46.1749270" lon="13.7399670">
    <ele>162.4</ele>
   </trkpt>
   <trkpt lat="46.1749570" lon="13.7399370">
    <ele>162.3</ele>
   </trkpt>
   <trkpt lat="46.1749870" lon="13.7399050">
    <ele>162.3</ele>
   </trkpt>
   <trkpt lat="46.1750150" lon="13.7398730">
    <ele>162.3</ele>
   </trkpt>
   <trkpt lat="46.1750450" lon="13.7398420">
    <ele>162.3</ele>
   </trkpt>
   <trkpt lat="46.1750750" lon="13.7398120">
    <ele>162.3</ele>
   </trkpt>
   <trkpt lat="46.1751080" lon="13.7397800">
    <ele>162.3</ele>
   </trkpt>
   <trkpt lat="46.1751400" lon="13.7397500">
    <ele>162.3</ele>
   </trkpt>
   <trkpt lat="46.1751720" lon="13.7397200">
    <ele>162.3</ele>
   </trkpt>
   <trkpt lat="46.1752030" lon="13.7396920">
    <ele>162.3</ele>
   </trkpt>
   <trkpt lat="46.1752350" lon="13.7396630">
    <ele>162.3</ele>
   </trkpt>
   <trkpt lat="46.1752670" lon="13.7396330">
    <ele>162.3</ele>
   </trkpt>
   <trkpt lat="46.1752980" lon="13.7396080">
    <ele>162.2</ele>
   </trkpt>
   <trkpt lat="46.1753300" lon="13.7395870">
    <ele>162.2</ele>
   </trkpt>
   <trkpt lat="46.1753600" lon="13.7395670">
    <ele>162.2</ele>
   </trkpt>
   <trkpt lat="46.1753930" lon="13.7395470">
    <ele>162.2</ele>
   </trkpt>
   <trkpt lat="46.1754280" lon="13.7395270">
    <ele>162.2</ele>
   </trkpt>
   <trkpt lat="46.1754630" lon="13.7395080">
    <ele>162.2</ele>
   </trkpt>
   <trkpt lat="46.1754950" lon="13.7394870">
    <ele>162.2</ele>
   </trkpt>
   <trkpt lat="46.1755280" lon="13.7394620">
    <ele>162.1</ele>
   </trkpt>
   <trkpt lat="46.1755620" lon="13.7394400">
    <ele>162.1</ele>
   </trkpt>
   <trkpt lat="46.1755970" lon="13.7394200">
    <ele>162.1</ele>
   </trkpt>
   <trkpt lat="46.1756330" lon="13.7394030">
    <ele>162.1</ele>
   </trkpt>
   <trkpt lat="46.1756700" lon="13.7393930">
    <ele>162.1</ele>
   </trkpt>
   <trkpt lat="46.1757070" lon="13.7393850">
    <ele>162.2</ele>
   </trkpt>
   <trkpt lat="46.1757450" lon="13.7393800">
    <ele>162.2</ele>
   </trkpt>
   <trkpt lat="46.1757820" lon="13.7393730">
    <ele>162.2</ele>
   </trkpt>
   <trkpt lat="46.1758170" lon="13.7393530">
    <ele>162.3</ele>
   </trkpt>
   <trkpt lat="46.1758580" lon="13.7393370">
    <ele>162.3</ele>
   </trkpt>
   <trkpt lat="46.1758850" lon="13.7393250">
    <ele>162.3</ele>
   </trkpt>
   <trkpt lat="46.1759320" lon="13.7393150">
    <ele>162.2</ele>
   </trkpt>
   <trkpt lat="46.1759600" lon="13.7393050">
    <ele>162.1</ele>
   </trkpt>
   <trkpt lat="46.1759950" lon="13.7392950">
    <ele>162.0</ele>
   </trkpt>
   <trkpt lat="46.1760350" lon="13.7392870">
    <ele>161.9</ele>
   </trkpt>
   <trkpt lat="46.1760700" lon="13.7392850">
    <ele>161.8</ele>
   </trkpt>
   <trkpt lat="46.1761070" lon="13.7392850">
    <ele>161.7</ele>
   </trkpt>
   <trkpt lat="46.1761480" lon="13.7392900">
    <ele>161.7</ele>
   </trkpt>
   <trkpt lat="46.1761850" lon="13.7392850">
    <ele>161.6</ele>
   </trkpt>
   <trkpt lat="46.1762250" lon="13.7392700">
    <ele>161.7</ele>
   </trkpt>
   <trkpt lat="46.1762620" lon="13.7392570">
    <ele>161.7</ele>
   </trkpt>
   <trkpt lat="46.1762970" lon="13.7392420">
    <ele>161.8</ele>
   </trkpt>
   <trkpt lat="46.1763330" lon="13.7392280">
    <ele>161.8</ele>
   </trkpt>
   <trkpt lat="46.1763700" lon="13.7392130">
    <ele>161.9</ele>
   </trkpt>
   <trkpt lat="46.1764050" lon="13.7392050">
    <ele>161.9</ele>
   </trkpt>
   <trkpt lat="46.1764320" lon="13.7391930">
    <ele>161.9</ele>
   </trkpt>
   <trkpt lat="46.1764630" lon="13.7391820">
    <ele>162.0</ele>
   </trkpt>
   <trkpt lat="46.1764970" lon="13.7391680">
    <ele>162.0</ele>
   </trkpt>
   <trkpt lat="46.1765330" lon="13.7391570">
    <ele>162.0</ele>
   </trkpt>
   <trkpt lat="46.1765770" lon="13.7391420">
    <ele>162.0</ele>
   </trkpt>
   <trkpt lat="46.1766150" lon="13.7391270">
    <ele>162.1</ele>
   </trkpt>
   <trkpt lat="46.1766500" lon="13.7391120">
    <ele>162.1</ele>
   </trkpt>
   <trkpt lat="46.1766870" lon="13.7391020">
    <ele>162.1</ele>
   </trkpt>
   <trkpt lat="46.1767230" lon="13.7390900">
    <ele>162.1</ele>
   </trkpt>
   <trkpt lat="46.1767580" lon="13.7390780">
    <ele>162.1</ele>
   </trkpt>
   <trkpt lat="46.1767930" lon="13.7390700">
    <ele>162.1</ele>
   </trkpt>
   <trkpt lat="46.1768230" lon="13.7390670">
    <ele>162.1</ele>
   </trkpt>
   <trkpt lat="46.1768600" lon="13.7390620">
    <ele>162.1</ele>
   </trkpt>
   <trkpt lat="46.1769050" lon="13.7390550">
    <ele>162.0</ele>
   </trkpt>
   <trkpt lat="46.1769430" lon="13.7390520">
    <ele>162.0</ele>
   </trkpt>
   <trkpt lat="46.1769800" lon="13.7390430">
    <ele>162.0</ele>
   </trkpt>
   <trkpt lat="46.1770150" lon="13.7390350">
    <ele>162.0</ele>
   </trkpt>
   <trkpt lat="46.1770520" lon="13.7390250">
    <ele>162.1</ele>
   </trkpt>
   <trkpt lat="46.1770920" lon="13.7390180">
    <ele>162.1</ele>
   </trkpt>
   <trkpt lat="46.1771280" lon="13.7390120">
    <ele>162.1</ele>
   </trkpt>
   <trkpt lat="46.1771620" lon="13.7389970">
    <ele>162.1</ele>
   </trkpt>
   <trkpt lat="46.1771920" lon="13.7389780">
    <ele>162.2</ele>
   </trkpt>
   <trkpt lat="46.1772230" lon="13.7389630">
    <ele>162.2</ele>
   </trkpt>
   <trkpt lat="46.1772530" lon="13.7389430">
    <ele>162.2</ele>
   </trkpt>
   <trkpt lat="46.1772830" lon="13.7389250">
    <ele>162.3</ele>
   </trkpt>
   <trkpt lat="46.1773150" lon="13.7389020">
    <ele>162.3</ele>
   </trkpt>
   <trkpt lat="46.1773450" lon="13.7388780">
    <ele>162.3</ele>
   </trkpt>
   <trkpt lat="46.1773770" lon="13.7388580">
    <ele>162.4</ele>
   </trkpt>
   <trkpt lat="46.1774080" lon="13.7388380">
    <ele>162.4</ele>
   </trkpt>
   <trkpt lat="46.1774420" lon="13.7388220">
    <ele>162.5</ele>
   </trkpt>
   <trkpt lat="46.1774780" lon="13.7388080">
    <ele>162.5</ele>
   </trkpt>
   <trkpt lat="46.1775130" lon="13.7387970">
    <ele>162.6</ele>
   </trkpt>
   <trkpt lat="46.1775480" lon="13.7387820">
    <ele>162.6</ele>
   </trkpt>
   <trkpt lat="46.1775820" lon="13.7387630">
    <ele>162.6</ele>
   </trkpt>
   <trkpt lat="46.1776100" lon="13.7387370">
    <ele>162.7</ele>
   </trkpt>
   <trkpt lat="46.1776330" lon="13.7387070">
    <ele>162.7</ele>
   </trkpt>
   <trkpt lat="46.1776570" lon="13.7386720">
    <ele>162.7</ele>
   </trkpt>
   <trkpt lat="46.1776730" lon="13.7386330">
    <ele>162.7</ele>
   </trkpt>
   <trkpt lat="46.1776930" lon="13.7385930">
    <ele>162.7</ele>
   </trkpt>
   <trkpt lat="46.1777130" lon="13.7385520">
    <ele>162.6</ele>
   </trkpt>
   <trkpt lat="46.1777350" lon="13.7385080">
    <ele>162.6</ele>
   </trkpt>
   <trkpt lat="46.1777570" lon="13.7384670">
    <ele>162.6</ele>
   </trkpt>
   <trkpt lat="46.1777770" lon="13.7384230">
    <ele>162.5</ele>
   </trkpt>
   <trkpt lat="46.1777970" lon="13.7383820">
    <ele>162.5</ele>
   </trkpt>
   <trkpt lat="46.1778180" lon="13.7383400">
    <ele>162.5</ele>
   </trkpt>
   <trkpt lat="46.1778330" lon="13.7383050">
    <ele>162.4</ele>
   </trkpt>
   <trkpt lat="46.1778620" lon="13.7382530">
    <ele>162.4</ele>
   </trkpt>
   <trkpt lat="46.1778850" lon="13.7382080">
    <ele>162.4</ele>
   </trkpt>
   <trkpt lat="46.1779080" lon="13.7381650">
    <ele>162.4</ele>
   </trkpt>
   <trkpt lat="46.1779320" lon="13.7381230">
    <ele>162.4</ele>
   </trkpt>
   <trkpt lat="46.1779550" lon="13.7380820">
    <ele>162.5</ele>
   </trkpt>
   <trkpt lat="46.1779770" lon="13.7380380">
    <ele>162.5</ele>
   </trkpt>
   <trkpt lat="46.1779980" lon="13.7379930">
    <ele>162.5</ele>
   </trkpt>
   <trkpt lat="46.1780250" lon="13.7379520">
    <ele>162.5</ele>
   </trkpt>
   <trkpt lat="46.1780520" lon="13.7379130">
    <ele>162.5</ele>
   </trkpt>
   <trkpt lat="46.1780800" lon="13.7378730">
    <ele>162.5</ele>
   </trkpt>
   <trkpt lat="46.1781070" lon="13.7378330">
    <ele>162.6</ele>
   </trkpt>
   <trkpt lat="46.1781350" lon="13.7377950">
    <ele>162.6</ele>
   </trkpt>
   <trkpt lat="46.1781630" lon="13.7377550">
    <ele>162.6</ele>
   </trkpt>
   <trkpt lat="46.1781920" lon="13.7377170">
    <ele>162.6</ele>
   </trkpt>
   <trkpt lat="46.1782200" lon="13.7376800">
    <ele>162.7</ele>
   </trkpt>
   <trkpt lat="46.1782520" lon="13.7376470">
    <ele>162.7</ele>
   </trkpt>
   <trkpt lat="46.1782750" lon="13.7376220">
    <ele>162.8</ele>
   </trkpt>
   <trkpt lat="46.1783100" lon="13.7375830">
    <ele>162.8</ele>
   </trkpt>
   <trkpt lat="46.1783370" lon="13.7375530">
    <ele>162.9</ele>
   </trkpt>
   <trkpt lat="46.1783600" lon="13.7375270">
    <ele>162.9</ele>
   </trkpt>
   <trkpt lat="46.1783920" lon="13.7375000">
    <ele>163.0</ele>
   </trkpt>
   <trkpt lat="46.1784300" lon="13.7374620">
    <ele>163.0</ele>
   </trkpt>
   <trkpt lat="46.1784530" lon="13.7374350">
    <ele>163.1</ele>
   </trkpt>
   <trkpt lat="46.1784820" lon="13.7374030">
    <ele>163.1</ele>
   </trkpt>
   <trkpt lat="46.1785120" lon="13.7373750">
    <ele>163.2</ele>
   </trkpt>
   <trkpt lat="46.1785520" lon="13.7373480">
    <ele>163.2</ele>
   </trkpt>
   <trkpt lat="46.1785870" lon="13.7373330">
    <ele>163.3</ele>
   </trkpt>
   <trkpt lat="46.1786200" lon="13.7373130">
    <ele>163.3</ele>
   </trkpt>
   <trkpt lat="46.1786550" lon="13.7372900">
    <ele>163.3</ele>
   </trkpt>
   <trkpt lat="46.1786870" lon="13.7372620">
    <ele>163.4</ele>
   </trkpt>
   <trkpt lat="46.1787170" lon="13.7372320">
    <ele>163.4</ele>
   </trkpt>
   <trkpt lat="46.1787480" lon="13.7372080">
    <ele>163.4</ele>
   </trkpt>
   <trkpt lat="46.1787830" lon="13.7371900">
    <ele>163.4</ele>
   </trkpt>
   <trkpt lat="46.1788200" lon="13.7371770">
    <ele>163.4</ele>
   </trkpt>
   <trkpt lat="46.1788530" lon="13.7371620">
    <ele>163.4</ele>
   </trkpt>
   <trkpt lat="46.1788920" lon="13.7371500">
    <ele>163.5</ele>
   </trkpt>
   <trkpt lat="46.1789200" lon="13.7371370">
    <ele>163.5</ele>
   </trkpt>
   <trkpt lat="46.1789550" lon="13.7371220">
    <ele>163.5</ele>
   </trkpt>
   <trkpt lat="46.1789850" lon="13.7371030">
    <ele>163.5</ele>
   </trkpt>
   <trkpt lat="46.1790250" lon="13.7370670">
    <ele>163.5</ele>
   </trkpt>
   <trkpt lat="46.1790620" lon="13.7370400">
    <ele>163.5</ele>
   </trkpt>
   <trkpt lat="46.1790780" lon="13.7370080">
    <ele>163.5</ele>
   </trkpt>
   <trkpt lat="46.1791150" lon="13.7369850">
    <ele>163.5</ele>
   </trkpt>
   <trkpt lat="46.1791550" lon="13.7369600">
    <ele>163.6</ele>
   </trkpt>
   <trkpt lat="46.1791920" lon="13.7369470">
    <ele>163.6</ele>
   </trkpt>
   <trkpt lat="46.1792250" lon="13.7369300">
    <ele>163.6</ele>
   </trkpt>
   <trkpt lat="46.1792450" lon="13.7369070">
    <ele>163.7</ele>
   </trkpt>
   <trkpt lat="46.1792850" lon="13.7368800">
    <ele>163.7</ele>
   </trkpt>
   <trkpt lat="46.1793100" lon="13.7368480">
    <ele>163.8</ele>
   </trkpt>
   <trkpt lat="46.1793450" lon="13.7368200">
    <ele>163.8</ele>
   </trkpt>
   <trkpt lat="46.1793730" lon="13.7367930">
    <ele>163.9</ele>
   </trkpt>
   <trkpt lat="46.1793970" lon="13.7367620">
    <ele>163.9</ele>
   </trkpt>
   <trkpt lat="46.1794280" lon="13.7367200">
    <ele>164.0</ele>
   </trkpt>
   <trkpt lat="46.1794600" lon="13.7366830">
    <ele>164.1</ele>
   </trkpt>
   <trkpt lat="46.1794920" lon="13.7366500">
    <ele>164.1</ele>
   </trkpt>
   <trkpt lat="46.1795170" lon="13.7366220">
    <ele>164.2</ele>
   </trkpt>
   <trkpt lat="46.1795400" lon="13.7366070">
    <ele>164.2</ele>
   </trkpt>
   <trkpt lat="46.1795750" lon="13.7365980">
    <ele>164.3</ele>
   </trkpt>
   <trkpt lat="46.1796070" lon="13.7365880">
    <ele>164.4</ele>
   </trkpt>
   <trkpt lat="46.1796320" lon="13.7365770">
    <ele>164.4</ele>
   </trkpt>
   <trkpt lat="46.1796520" lon="13.7365570">
    <ele>164.4</ele>
   </trkpt>
   <trkpt lat="46.1796770" lon="13.7365400">
    <ele>164.5</ele>
   </trkpt>
   <trkpt lat="46.1797080" lon="13.7365280">
    <ele>164.5</ele>
   </trkpt>
   <trkpt lat="46.1797370" lon="13.7365180">
    <ele>164.5</ele>
   </trkpt>
   <trkpt lat="46.1797600" lon="13.7365070">
    <ele>164.6</ele>
   </trkpt>
   <trkpt lat="46.1798020" lon="13.7364950">
    <ele>164.6</ele>
   </trkpt>
   <trkpt lat="46.1798370" lon="13.7364780">
    <ele>164.7</ele>
   </trkpt>
   <trkpt lat="46.1798720" lon="13.7364480">
    <ele>164.7</ele>
   </trkpt>
   <trkpt lat="46.1799050" lon="13.7364230">
    <ele>164.8</ele>
   </trkpt>
   <trkpt lat="46.1799320" lon="13.7364050">
    <ele>164.8</ele>
   </trkpt>
   <trkpt lat="46.1799750" lon="13.7363880">
    <ele>164.9</ele>
   </trkpt>
   <trkpt lat="46.1800130" lon="13.7363770">
    <ele>164.9</ele>
   </trkpt>
   <trkpt lat="46.1800470" lon="13.7363620">
    <ele>164.9</ele>
   </trkpt>
   <trkpt lat="46.1800850" lon="13.7363450">
    <ele>164.8</ele>
   </trkpt>
   <trkpt lat="46.1801320" lon="13.7363350">
    <ele>164.8</ele>
   </trkpt>
   <trkpt lat="46.1801580" lon="13.7363250">
    <ele>164.7</ele>
   </trkpt>
   <trkpt lat="46.1801930" lon="13.7363130">
    <ele>164.7</ele>
   </trkpt>
   <trkpt lat="46.1802220" lon="13.7363080">
    <ele>164.6</ele>
   </trkpt>
   <trkpt lat="46.1802530" lon="13.7363100">
    <ele>164.6</ele>
   </trkpt>
   <trkpt lat="46.1802820" lon="13.7363270">
    <ele>164.5</ele>
   </trkpt>
   <trkpt lat="46.1803050" lon="13.7363350">
    <ele>164.5</ele>
   </trkpt>
   <trkpt lat="46.1803270" lon="13.7363370">
    <ele>164.5</ele>
   </trkpt>
   <trkpt lat="46.1803520" lon="13.7363430">
    <ele>164.4</ele>
   </trkpt>
   <trkpt lat="46.1804030" lon="13.7363430">
    <ele>164.4</ele>
   </trkpt>
   <trkpt lat="46.1804550" lon="13.7363380">
    <ele>164.4</ele>
   </trkpt>
   <trkpt lat="46.1805080" lon="13.7363280">
    <ele>164.3</ele>
   </trkpt>
   <trkpt lat="46.1805400" lon="13.7363170">
    <ele>164.3</ele>
   </trkpt>
   <trkpt lat="46.1805820" lon="13.7363130">
    <ele>164.3</ele>
   </trkpt>
   <trkpt lat="46.1806200" lon="13.7363170">
    <ele>164.3</ele>
   </trkpt>
   <trkpt lat="46.1806580" lon="13.7363280">
    <ele>164.3</ele>
   </trkpt>
   <trkpt lat="46.1806980" lon="13.7363380">
    <ele>164.3</ele>
   </trkpt>
   <trkpt lat="46.1807350" lon="13.7363480">
    <ele>164.3</ele>
   </trkpt>
   <trkpt lat="46.1807730" lon="13.7363670">
    <ele>164.3</ele>
   </trkpt>
   <trkpt lat="46.1808080" lon="13.7363900">
    <ele>164.3</ele>
   </trkpt>
   <trkpt lat="46.1808450" lon="13.7364080">
    <ele>164.3</ele>
   </trkpt>
   <trkpt lat="46.1808850" lon="13.7364280">
    <ele>164.3</ele>
   </trkpt>
   <trkpt lat="46.1809250" lon="13.7364480">
    <ele>164.3</ele>
   </trkpt>
   <trkpt lat="46.1809600" lon="13.7364650">
    <ele>164.3</ele>
   </trkpt>
   <trkpt lat="46.1809830" lon="13.7364730">
    <ele>164.3</ele>
   </trkpt>
   <trkpt lat="46.1810200" lon="13.7364870">
    <ele>164.3</ele>
   </trkpt>
   <trkpt lat="46.1810580" lon="13.7364950">
    <ele>164.3</ele>
   </trkpt>
   <trkpt lat="46.1810980" lon="13.7365100">
    <ele>164.3</ele>
   </trkpt>
   <trkpt lat="46.1811430" lon="13.7365320">
    <ele>164.3</ele>
   </trkpt>
   <trkpt lat="46.1811900" lon="13.7365530">
    <ele>164.3</ele>
   </trkpt>
   <trkpt lat="46.1812300" lon="13.7365750">
    <ele>164.3</ele>
   </trkpt>
   <trkpt lat="46.1812580" lon="13.7365870">
    <ele>164.3</ele>
   </trkpt>
   <trkpt lat="46.1812970" lon="13.7366070">
    <ele>164.3</ele>
   </trkpt>
   <trkpt lat="46.1813330" lon="13.7366250">
    <ele>164.3</ele>
   </trkpt>
   <trkpt lat="46.1813670" lon="13.7366470">
    <ele>164.3</ele>
   </trkpt>
   <trkpt lat="46.1813980" lon="13.7366720">
    <ele>164.3</ele>
   </trkpt>
   <trkpt lat="46.1814270" lon="13.7366970">
    <ele>164.4</ele>
   </trkpt>
   <trkpt lat="46.1814630" lon="13.7367300">
    <ele>164.4</ele>
   </trkpt>
   <trkpt lat="46.1814880" lon="13.7367550">
    <ele>164.5</ele>
   </trkpt>
   <trkpt lat="46.1815220" lon="13.7367980">
    <ele>164.6</ele>
   </trkpt>
   <trkpt lat="46.1815550" lon="13.7368370">
    <ele>164.7</ele>
   </trkpt>
   <trkpt lat="46.1815820" lon="13.7368720">
    <ele>164.8</ele>
   </trkpt>
   <trkpt lat="46.1816070" lon="13.7369030">
    <ele>164.8</ele>
   </trkpt>
   <trkpt lat="46.1816280" lon="13.7369380">
    <ele>164.9</ele>
   </trkpt>
   <trkpt lat="46.1816480" lon="13.7369650">
    <ele>165.0</ele>
   </trkpt>
   <trkpt lat="46.1816730" lon="13.7370000">
    <ele>165.1</ele>
   </trkpt>
   <trkpt lat="46.1816970" lon="13.7370430">
    <ele>165.2</ele>
   </trkpt>
   <trkpt lat="46.1817220" lon="13.7370820">
    <ele>165.3</ele>
   </trkpt>
   <trkpt lat="46.1817470" lon="13.7371180">
    <ele>165.3</ele>
   </trkpt>
   <trkpt lat="46.1817700" lon="13.7371500">
    <ele>165.4</ele>
   </trkpt>
   <trkpt lat="46.1817950" lon="13.7371880">
    <ele>165.5</ele>
   </trkpt>
   <trkpt lat="46.1818170" lon="13.7372180">
    <ele>165.5</ele>
   </trkpt>
   <trkpt lat="46.1818470" lon="13.7372620">
    <ele>165.6</ele>
   </trkpt>
   <trkpt lat="46.1818720" lon="13.7372980">
    <ele>165.6</ele>
   </trkpt>
   <trkpt lat="46.1819000" lon="13.7373350">
    <ele>165.7</ele>
   </trkpt>
   <trkpt lat="46.1819270" lon="13.7373750">
    <ele>165.8</ele>
   </trkpt>
   <trkpt lat="46.1819500" lon="13.7374150">
    <ele>165.8</ele>
   </trkpt>
   <trkpt lat="46.1819750" lon="13.7374500">
    <ele>165.9</ele>
   </trkpt>
   <trkpt lat="46.1820000" lon="13.7374850">
    <ele>165.9</ele>
   </trkpt>
   <trkpt lat="46.1820250" lon="13.7375170">
    <ele>166.0</ele>
   </trkpt>
   <trkpt lat="46.1820470" lon="13.7375470">
    <ele>166.1</ele>
   </trkpt>
   <trkpt lat="46.1820730" lon="13.7375830">
    <ele>166.1</ele>
   </trkpt>
   <trkpt lat="46.1821020" lon="13.7376200">
    <ele>166.2</ele>
   </trkpt>
   <trkpt lat="46.1821270" lon="13.7376600">
    <ele>166.3</ele>
   </trkpt>
   <trkpt lat="46.1821530" lon="13.7377000">
    <ele>166.4</ele>
   </trkpt>
   <trkpt lat="46.1821770" lon="13.7377320">
    <ele>166.4</ele>
   </trkpt>
   <trkpt lat="46.1822030" lon="13.7377680">
    <ele>166.5</ele>
   </trkpt>
   <trkpt lat="46.1822300" lon="13.7378120">
    <ele>166.5</ele>
   </trkpt>
   <trkpt lat="46.1822450" lon="13.7378400">
    <ele>166.6</ele>
   </trkpt>
   <trkpt lat="46.1822650" lon="13.7378770">
    <ele>166.6</ele>
   </trkpt>
   <trkpt lat="46.1822900" lon="13.7379170">
    <ele>166.6</ele>
   </trkpt>
   <trkpt lat="46.1823180" lon="13.7379670">
    <ele>166.6</ele>
   </trkpt>
   <trkpt lat="46.1823420" lon="13.7380070">
    <ele>166.5</ele>
   </trkpt>
   <trkpt lat="46.1823630" lon="13.7380470">
    <ele>166.5</ele>
   </trkpt>
   <trkpt lat="46.1823830" lon="13.7380880">
    <ele>166.5</ele>
   </trkpt>
   <trkpt lat="46.1824070" lon="13.7381280">
    <ele>166.5</ele>
   </trkpt>
   <trkpt lat="46.1824300" lon="13.7381700">
    <ele>166.4</ele>
   </trkpt>
   <trkpt lat="46.1824520" lon="13.7382080">
    <ele>166.4</ele>
   </trkpt>
   <trkpt lat="46.1824720" lon="13.7382450">
    <ele>166.4</ele>
   </trkpt>
   <trkpt lat="46.1824920" lon="13.7382820">
    <ele>166.4</ele>
   </trkpt>
   <trkpt lat="46.1825150" lon="13.7383280">
    <ele>166.4</ele>
   </trkpt>
   <trkpt lat="46.1825500" lon="13.7383920">
    <ele>166.3</ele>
   </trkpt>
   <trkpt lat="46.1825800" lon="13.7384480">
    <ele>166.3</ele>
   </trkpt>
   <trkpt lat="46.1826030" lon="13.7384880">
    <ele>166.4</ele>
   </trkpt>
   <trkpt lat="46.1826250" lon="13.7385280">
    <ele>166.4</ele>
   </trkpt>
   <trkpt lat="46.1826500" lon="13.7385630">
    <ele>166.4</ele>
   </trkpt>
   <trkpt lat="46.1826730" lon="13.7386000">
    <ele>166.4</ele>
   </trkpt>
   <trkpt lat="46.1826950" lon="13.7386370">
    <ele>166.4</ele>
   </trkpt>
   <trkpt lat="46.1827130" lon="13.7386750">
    <ele>166.5</ele>
   </trkpt>
   <trkpt lat="46.1827370" lon="13.7387170">
    <ele>166.5</ele>
   </trkpt>
   <trkpt lat="46.1827570" lon="13.7387530">
    <ele>166.5</ele>
   </trkpt>
   <trkpt lat="46.1827770" lon="13.7387900">
    <ele>166.6</ele>
   </trkpt>
   <trkpt lat="46.1827980" lon="13.7388270">
    <ele>166.6</ele>
   </trkpt>
   <trkpt lat="46.1828230" lon="13.7388650">
    <ele>166.6</ele>
   </trkpt>
   <trkpt lat="46.1828480" lon="13.7389020">
    <ele>166.7</ele>
   </trkpt>
   <trkpt lat="46.1828730" lon="13.7389400">
    <ele>166.7</ele>
   </trkpt>
   <trkpt lat="46.1829000" lon="13.7389830">
    <ele>166.8</ele>
   </trkpt>
   <trkpt lat="46.1829230" lon="13.7390280">
    <ele>166.9</ele>
   </trkpt>
   <trkpt lat="46.1829430" lon="13.7390630">
    <ele>166.9</ele>
   </trkpt>
   <trkpt lat="46.1829680" lon="13.7391020">
    <ele>167.0</ele>
   </trkpt>
   <trkpt lat="46.1829950" lon="13.7391380">
    <ele>167.0</ele>
   </trkpt>
   <trkpt lat="46.1830230" lon="13.7391750">
    <ele>167.1</ele>
   </trkpt>
   <trkpt lat="46.1830470" lon="13.7392120">
    <ele>167.1</ele>
   </trkpt>
   <trkpt lat="46.1830700" lon="13.7392520">
    <ele>167.2</ele>
   </trkpt>
   <trkpt lat="46.1830970" lon="13.7393020">
    <ele>167.2</ele>
   </trkpt>
   <trkpt lat="46.1831130" lon="13.7393330">
    <ele>167.3</ele>
   </trkpt>
   <trkpt lat="46.1831300" lon="13.7393780">
    <ele>167.3</ele>
   </trkpt>
   <trkpt lat="46.1831450" lon="13.7394230">
    <ele>167.4</ele>
   </trkpt>
   <trkpt lat="46.1831650" lon="13.7394720">
    <ele>167.4</ele>
   </trkpt>
   <trkpt lat="46.1831880" lon="13.7395180">
    <ele>167.4</ele>
   </trkpt>
   <trkpt lat="46.1832100" lon="13.7395600">
    <ele>167.5</ele>
   </trkpt>
   <trkpt lat="46.1832330" lon="13.7396020">
    <ele>167.5</ele>
   </trkpt>
   <trkpt lat="46.1832620" lon="13.7396470">
    <ele>167.6</ele>
   </trkpt>
   <trkpt lat="46.1832870" lon="13.7396850">
    <ele>167.6</ele>
   </trkpt>
   <trkpt lat="46.1833100" lon="13.7397220">
    <ele>167.6</ele>
   </trkpt>
   <trkpt lat="46.1833330" lon="13.7397570">
    <ele>167.7</ele>
   </trkpt>
   <trkpt lat="46.1833600" lon="13.7397880">
    <ele>167.7</ele>
   </trkpt>
   <trkpt lat="46.1833870" lon="13.7398180">
    <ele>167.7</ele>
   </trkpt>
   <trkpt lat="46.1834100" lon="13.7398470">
    <ele>167.8</ele>
   </trkpt>
   <trkpt lat="46.1834350" lon="13.7398770">
    <ele>167.8</ele>
   </trkpt>
   <trkpt lat="46.1834650" lon="13.7399070">
    <ele>167.8</ele>
   </trkpt>
   <trkpt lat="46.1834930" lon="13.7399370">
    <ele>167.8</ele>
   </trkpt>
   <trkpt lat="46.1835250" lon="13.7399650">
    <ele>167.9</ele>
   </trkpt>
   <trkpt lat="46.1835570" lon="13.7399900">
    <ele>167.9</ele>
   </trkpt>
   <trkpt lat="46.1835870" lon="13.7400120">
    <ele>167.9</ele>
   </trkpt>
   <trkpt lat="46.1836170" lon="13.7400320">
    <ele>168.0</ele>
   </trkpt>
   <trkpt lat="46.1836520" lon="13.7400580">
    <ele>168.0</ele>
   </trkpt>
   <trkpt lat="46.1836870" lon="13.7400880">
    <ele>168.1</ele>
   </trkpt>
   <trkpt lat="46.1837180" lon="13.7401130">
    <ele>168.2</ele>
   </trkpt>
   <trkpt lat="46.1837500" lon="13.7401350">
    <ele>168.2</ele>
   </trkpt>
   <trkpt lat="46.1837850" lon="13.7401530">
    <ele>168.3</ele>
   </trkpt>
   <trkpt lat="46.1838200" lon="13.7401670">
    <ele>168.5</ele>
   </trkpt>
   <trkpt lat="46.1838520" lon="13.7401770">
    <ele>168.7</ele>
   </trkpt>
   <trkpt lat="46.1838850" lon="13.7401850">
    <ele>168.9</ele>
   </trkpt>
   <trkpt lat="46.1839120" lon="13.7401900">
    <ele>169.2</ele>
   </trkpt>
   <trkpt lat="46.1839520" lon="13.7401980">
    <ele>169.6</ele>
   </trkpt>
   <trkpt lat="46.1839900" lon="13.7402100">
    <ele>170.2</ele>
   </trkpt>
   <trkpt lat="46.1840230" lon="13.7402170">
    <ele>170.7</ele>
   </trkpt>
   <trkpt lat="46.1840500" lon="13.7402270">
    <ele>171.2</ele>
   </trkpt>
   <trkpt lat="46.1840470" lon="13.7402300">
    <ele>171.2</ele>
   </trkpt>
   <trkpt lat="46.1840550" lon="13.7402270">
    <ele>171.3</ele>
   </trkpt>
   <trkpt lat="46.1840620" lon="13.7402320">
    <ele>171.3</ele>
   </trkpt>
   <trkpt lat="46.1840730" lon="13.7402330">
    <ele>171.3</ele>
   </trkpt>
   <trkpt lat="46.1840900" lon="13.7402180">
    <ele>171.4</ele>
   </trkpt>
   <trkpt lat="46.1840900" lon="13.7401920">
    <ele>171.5</ele>
   </trkpt>
   <trkpt lat="46.1840950" lon="13.7401750">
    <ele>171.6</ele>
   </trkpt>
   <trkpt lat="46.1841030" lon="13.7401630">
    <ele>171.6</ele>
   </trkpt>
   <trkpt lat="46.1841130" lon="13.7401450">
    <ele>171.7</ele>
   </trkpt>
   <trkpt lat="46.1841170" lon="13.7401230">
    <ele>171.8</ele>
   </trkpt>
   <trkpt lat="46.1841180" lon="13.7400980">
    <ele>171.9</ele>
   </trkpt>
   <trkpt lat="46.1841280" lon="13.7400880">
    <ele>171.9</ele>
   </trkpt>
   <trkpt lat="46.1841370" lon="13.7400650">
    <ele>172.0</ele>
   </trkpt>
   <trkpt lat="46.1841450" lon="13.7400350">
    <ele>172.1</ele>
   </trkpt>
   <trkpt lat="46.1841480" lon="13.7400020">
    <ele>172.7</ele>
   </trkpt>
   <trkpt lat="46.1841520" lon="13.7399650">
    <ele>173.5</ele>
   </trkpt>
   <trkpt lat="46.1841570" lon="13.7399230">
    <ele>174.3</ele>
   </trkpt>
   <trkpt lat="46.1841630" lon="13.7398820">
    <ele>175.1</ele>
   </trkpt>
   <trkpt lat="46.1841750" lon="13.7398200">
    <ele>176.2</ele>
   </trkpt>
   <trkpt lat="46.1841750" lon="13.7397630">
    <ele>177.0</ele>
   </trkpt>
   <trkpt lat="46.1841750" lon="13.7397280">
    <ele>177.4</ele>
   </trkpt>
   <trkpt lat="46.1841700" lon="13.7397220">
    <ele>177.5</ele>
   </trkpt>
   <trkpt lat="46.1841630" lon="13.7397400">
    <ele>177.8</ele>
   </trkpt>
   <trkpt lat="46.1841600" lon="13.7397780">
    <ele>178.2</ele>
   </trkpt>
   <trkpt lat="46.1841550" lon="13.7398200">
    <ele>178.7</ele>
   </trkpt>
   <trkpt lat="46.1841530" lon="13.7398600">
    <ele>178.8</ele>
   </trkpt>
   <trkpt lat="46.1841500" lon="13.7399020">
    <ele>178.8</ele>
   </trkpt>
   <trkpt lat="46.1841400" lon="13.7399400">
    <ele>178.8</ele>
   </trkpt>
   <trkpt lat="46.1841330" lon="13.7399820">
    <ele>178.8</ele>
   </trkpt>
   <trkpt lat="46.1841350" lon="13.7400200">
    <ele>178.9</ele>
   </trkpt>
   <trkpt lat="46.1841400" lon="13.7400580">
    <ele>178.9</ele>
   </trkpt>
   <trkpt lat="46.1841470" lon="13.7401080">
    <ele>178.9</ele>
   </trkpt>
   <trkpt lat="46.1841530" lon="13.7401570">
    <ele>178.9</ele>
   </trkpt>
   <trkpt lat="46.1841620" lon="13.7402070">
    <ele>178.9</ele>
   </trkpt>
   <trkpt lat="46.1841670" lon="13.7402550">
    <ele>178.9</ele>
   </trkpt>
   <trkpt lat="46.1841700" lon="13.7403070">
    <ele>178.9</ele>
   </trkpt>
   <trkpt lat="46.1841730" lon="13.7403650">
    <ele>178.9</ele>
   </trkpt>
   <trkpt lat="46.1841780" lon="13.7404220">
    <ele>178.9</ele>
   </trkpt>
   <trkpt lat="46.1841870" lon="13.7404800">
    <ele>179.0</ele>
   </trkpt>
   <trkpt lat="46.1841920" lon="13.7405380">
    <ele>179.0</ele>
   </trkpt>
   <trkpt lat="46.1841970" lon="13.7405950">
    <ele>179.0</ele>
   </trkpt>
   <trkpt lat="46.1842020" lon="13.7406470">
    <ele>179.1</ele>
   </trkpt>
   <trkpt lat="46.1842070" lon="13.7406950">
    <ele>179.1</ele>
   </trkpt>
   <trkpt lat="46.1842100" lon="13.7407430">
    <ele>179.1</ele>
   </trkpt>
   <trkpt lat="46.1842130" lon="13.7407920">
    <ele>179.1</ele>
   </trkpt>
   <trkpt lat="46.1842170" lon="13.7408400">
    <ele>179.2</ele>
   </trkpt>
   <trkpt lat="46.1842120" lon="13.7408870">
    <ele>179.3</ele>
   </trkpt>
   <trkpt lat="46.1841970" lon="13.7409280">
    <ele>179.4</ele>
   </trkpt>
   <trkpt lat="46.1841770" lon="13.7409650">
    <ele>179.6</ele>
   </trkpt>
   <trkpt lat="46.1841520" lon="13.7410020">
    <ele>179.8</ele>
   </trkpt>
   <trkpt lat="46.1841180" lon="13.7410320">
    <ele>180.0</ele>
   </trkpt>
   <trkpt lat="46.1840830" lon="13.7410530">
    <ele>180.4</ele>
   </trkpt>
   <trkpt lat="46.1840420" lon="13.7410600">
    <ele>180.8</ele>
   </trkpt>
   <trkpt lat="46.1840120" lon="13.7410620">
    <ele>181.2</ele>
   </trkpt>
   <trkpt lat="46.1839850" lon="13.7410570">
    <ele>181.6</ele>
   </trkpt>
   <trkpt lat="46.1839600" lon="13.7410480">
    <ele>182.0</ele>
   </trkpt>
   <trkpt lat="46.1839350" lon="13.7410470">
    <ele>182.5</ele>
   </trkpt>
   <trkpt lat="46.1839120" lon="13.7410380">
    <ele>182.9</ele>
   </trkpt>
   <trkpt lat="46.1838900" lon="13.7410280">
    <ele>183.3</ele>
   </trkpt>
   <trkpt lat="46.1838680" lon="13.7410230">
    <ele>183.7</ele>
   </trkpt>
   <trkpt lat="46.1838450" lon="13.7410180">
    <ele>184.1</ele>
   </trkpt>
   <trkpt lat="46.1838170" lon="13.7410080">
    <ele>184.6</ele>
   </trkpt>
   <trkpt lat="46.1837900" lon="13.7410070">
    <ele>185.1</ele>
   </trkpt>
   <trkpt lat="46.1837600" lon="13.7410070">
    <ele>185.6</ele>
   </trkpt>
   <trkpt lat="46.1837320" lon="13.7410070">
    <ele>186.2</ele>
   </trkpt>
   <trkpt lat="46.1837080" lon="13.7410000">
    <ele>186.6</ele>
   </trkpt>
   <trkpt lat="46.1836870" lon="13.7409950">
    <ele>187.0</ele>
   </trkpt>
   <trkpt lat="46.1836620" lon="13.7409880">
    <ele>187.5</ele>
   </trkpt>
   <trkpt lat="46.1836400" lon="13.7409850">
    <ele>187.9</ele>
   </trkpt>
   <trkpt lat="46.1836170" lon="13.7409820">
    <ele>188.3</ele>
   </trkpt>
   <trkpt lat="46.1835970" lon="13.7409820">
    <ele>188.7</ele>
   </trkpt>
   <trkpt lat="46.1835720" lon="13.7409830">
    <ele>189.2</ele>
   </trkpt>
   <trkpt lat="46.1835480" lon="13.7409920">
    <ele>189.6</ele>
   </trkpt>
   <trkpt lat="46.1835250" lon="13.7410030">
    <ele>190.1</ele>
   </trkpt>
   <trkpt lat="46.1835020" lon="13.7410170">
    <ele>190.5</ele>
   </trkpt>
   <trkpt lat="46.1834830" lon="13.7410300">
    <ele>191.0</ele>
   </trkpt>
   <trkpt lat="46.1834720" lon="13.7410420">
    <ele>191.2</ele>
   </trkpt>
   <trkpt lat="46.1834530" lon="13.7410530">
    <ele>191.6</ele>
   </trkpt>
   <trkpt lat="46.1834370" lon="13.7410750">
    <ele>192.1</ele>
   </trkpt>
   <trkpt lat="46.1834170" lon="13.7411020">
    <ele>192.6</ele>
   </trkpt>
   <trkpt lat="46.1833970" lon="13.7411220">
    <ele>193.1</ele>
   </trkpt>
   <trkpt lat="46.1833830" lon="13.7411380">
    <ele>193.5</ele>
   </trkpt>
   <trkpt lat="46.1833630" lon="13.7411550">
    <ele>194.0</ele>
   </trkpt>
   <trkpt lat="46.1833430" lon="13.7411680">
    <ele>194.4</ele>
   </trkpt>
   <trkpt lat="46.1833250" lon="13.7411850">
    <ele>194.8</ele>
   </trkpt>
   <trkpt lat="46.1833070" lon="13.7411980">
    <ele>195.2</ele>
   </trkpt>
   <trkpt lat="46.1832900" lon="13.7412120">
    <ele>195.6</ele>
   </trkpt>
   <trkpt lat="46.1832700" lon="13.7412230">
    <ele>196.1</ele>
   </trkpt>
   <trkpt lat="46.1832530" lon="13.7412320">
    <ele>196.4</ele>
   </trkpt>
   <trkpt lat="46.1832350" lon="13.7412400">
    <ele>196.8</ele>
   </trkpt>
   <trkpt lat="46.1832100" lon="13.7412430">
    <ele>197.3</ele>
   </trkpt>
   <trkpt lat="46.1831920" lon="13.7412500">
    <ele>197.6</ele>
   </trkpt>
   <trkpt lat="46.1831800" lon="13.7412570">
    <ele>197.9</ele>
   </trkpt>
   <trkpt lat="46.1831780" lon="13.7412700">
    <ele>198.1</ele>
   </trkpt>
   <trkpt lat="46.1831800" lon="13.7412950">
    <ele>198.1</ele>
   </trkpt>
   <trkpt lat="46.1831850" lon="13.7413270">
    <ele>198.3</ele>
   </trkpt>
   <trkpt lat="46.1831880" lon="13.7413600">
    <ele>198.4</ele>
   </trkpt>
   <trkpt lat="46.1832000" lon="13.7414070">
    <ele>198.6</ele>
   </trkpt>
   <trkpt lat="46.1832120" lon="13.7414480">
    <ele>199.3</ele>
   </trkpt>
   <trkpt lat="46.1832170" lon="13.7414880">
    <ele>199.9</ele>
   </trkpt>
   <trkpt lat="46.1832270" lon="13.7415220">
    <ele>200.4</ele>
   </trkpt>
   <trkpt lat="46.1832420" lon="13.7415350">
    <ele>200.8</ele>
   </trkpt>
   <trkpt lat="46.1832530" lon="13.7415420">
    <ele>201.0</ele>
   </trkpt>
   <trkpt lat="46.1832670" lon="13.7415480">
    <ele>201.4</ele>
   </trkpt>
   <trkpt lat="46.1832780" lon="13.7415650">
    <ele>201.7</ele>
   </trkpt>
   <trkpt lat="46.1832880" lon="13.7415900">
    <ele>202.1</ele>
   </trkpt>
   <trkpt lat="46.1832970" lon="13.7416170">
    <ele>202.6</ele>
   </trkpt>
   <trkpt lat="46.1833050" lon="13.7416420">
    <ele>203.0</ele>
   </trkpt>
   <trkpt lat="46.1833150" lon="13.7416720">
    <ele>203.5</ele>
   </trkpt>
   <trkpt lat="46.1833230" lon="13.7417000">
    <ele>204.0</ele>
   </trkpt>
   <trkpt lat="46.1833300" lon="13.7417250">
    <ele>204.4</ele>
   </trkpt>
   <trkpt lat="46.1833380" lon="13.7417480">
    <ele>204.8</ele>
   </trkpt>
   <trkpt lat="46.1833470" lon="13.7417720">
    <ele>205.3</ele>
   </trkpt>
   <trkpt lat="46.1833500" lon="13.7417980">
    <ele>205.7</ele>
   </trkpt>
   <trkpt lat="46.1833550" lon="13.7418170">
    <ele>206.0</ele>
   </trkpt>
   <trkpt lat="46.1833570" lon="13.7418330">
    <ele>206.2</ele>
   </trkpt>
   <trkpt lat="46.1833570" lon="13.7418470">
    <ele>206.4</ele>
   </trkpt>
   <trkpt lat="46.1833620" lon="13.7418630">
    <ele>206.7</ele>
   </trkpt>
   <trkpt lat="46.1833670" lon="13.7418720">
    <ele>206.8</ele>
   </trkpt>
   <trkpt lat="46.1833680" lon="13.7418800">
    <ele>206.9</ele>
   </trkpt>
   <trkpt lat="46.1833720" lon="13.7418970">
    <ele>207.2</ele>
   </trkpt>
   <trkpt lat="46.1833800" lon="13.7419150">
    <ele>207.5</ele>
   </trkpt>
   <trkpt lat="46.1833880" lon="13.7419380">
    <ele>207.8</ele>
   </trkpt>
   <trkpt lat="46.1833980" lon="13.7419600">
    <ele>208.2</ele>
   </trkpt>
   <trkpt lat="46.1834080" lon="13.7419850">
    <ele>208.6</ele>
   </trkpt>
   <trkpt lat="46.1834170" lon="13.7420130">
    <ele>209.0</ele>
   </trkpt>
   <trkpt lat="46.1834220" lon="13.7420380">
    <ele>209.5</ele>
   </trkpt>
   <trkpt lat="46.1834300" lon="13.7420620">
    <ele>209.9</ele>
   </trkpt>
   <trkpt lat="46.1834420" lon="13.7420850">
    <ele>210.4</ele>
   </trkpt>
   <trkpt lat="46.1834530" lon="13.7421100">
    <ele>211.0</ele>
   </trkpt>
   <trkpt lat="46.1834580" lon="13.7421350">
    <ele>211.5</ele>
   </trkpt>
   <trkpt lat="46.1834630" lon="13.7421570">
    <ele>211.9</ele>
   </trkpt>
   <trkpt lat="46.1834670" lon="13.7421770">
    <ele>212.4</ele>
   </trkpt>
   <trkpt lat="46.1834680" lon="13.7421930">
    <ele>212.7</ele>
   </trkpt>
   <trkpt lat="46.1834720" lon="13.7422120">
    <ele>213.2</ele>
   </trkpt>
   <trkpt lat="46.1834750" lon="13.7422280">
    <ele>213.6</ele>
   </trkpt>
   <trkpt lat="46.1834770" lon="13.7422430">
    <ele>213.9</ele>
   </trkpt>
   <trkpt lat="46.1834800" lon="13.7422570">
    <ele>214.3</ele>
   </trkpt>
   <trkpt lat="46.1834820" lon="13.7422750">
    <ele>214.7</ele>
   </trkpt>
   <trkpt lat="46.1834830" lon="13.7422920">
    <ele>215.2</ele>
   </trkpt>
   <trkpt lat="46.1834830" lon="13.7423030">
    <ele>215.5</ele>
   </trkpt>
   <trkpt lat="46.1834820" lon="13.7423120">
    <ele>215.7</ele>
   </trkpt>
   <trkpt lat="46.1834750" lon="13.7423120">
    <ele>216.0</ele>
   </trkpt>
   <trkpt lat="46.1834700" lon="13.7423150">
    <ele>216.2</ele>
   </trkpt>
   <trkpt lat="46.1834680" lon="13.7423200">
    <ele>216.3</ele>
   </trkpt>
   <trkpt lat="46.1834700" lon="13.7423230">
    <ele>216.4</ele>
   </trkpt>
   <trkpt lat="46.1834800" lon="13.7423230">
    <ele>216.8</ele>
   </trkpt>
   <trkpt lat="46.1834900" lon="13.7423180">
    <ele>217.3</ele>
   </trkpt>
   <trkpt lat="46.1835000" lon="13.7423130">
    <ele>217.7</ele>
   </trkpt>
   <trkpt lat="46.1835120" lon="13.7423130">
    <ele>218.2</ele>
   </trkpt>
   <trkpt lat="46.1835250" lon="13.7423180">
    <ele>218.7</ele>
   </trkpt>
   <trkpt lat="46.1835370" lon="13.7423270">
    <ele>219.3</ele>
   </trkpt>
   <trkpt lat="46.1835400" lon="13.7423300">
    <ele>219.4</ele>
   </trkpt>
   <trkpt lat="46.1835430" lon="13.7423380">
    <ele>219.7</ele>
   </trkpt>
   <trkpt lat="46.1835480" lon="13.7423570">
    <ele>220.2</ele>
   </trkpt>
   <trkpt lat="46.1835480" lon="13.7423800">
    <ele>220.9</ele>
   </trkpt>
   <trkpt lat="46.1835480" lon="13.7424020">
    <ele>221.5</ele>
   </trkpt>
   <trkpt lat="46.1835470" lon="13.7424250">
    <ele>222.2</ele>
   </trkpt>
   <trkpt lat="46.1835470" lon="13.7424430">
    <ele>222.7</ele>
   </trkpt>
   <trkpt lat="46.1835470" lon="13.7424600">
    <ele>223.2</ele>
   </trkpt>
   <trkpt lat="46.1835450" lon="13.7424680">
    <ele>223.4</ele>
   </trkpt>
   <trkpt lat="46.1835430" lon="13.7424730">
    <ele>223.6</ele>
   </trkpt>
   <trkpt lat="46.1835450" lon="13.7424920">
    <ele>224.1</ele>
   </trkpt>
   <trkpt lat="46.1835470" lon="13.7425050">
    <ele>224.5</ele>
   </trkpt>
   <trkpt lat="46.1835520" lon="13.7425200">
    <ele>225.0</ele>
   </trkpt>
   <trkpt lat="46.1835550" lon="13.7425350">
    <ele>225.4</ele>
   </trkpt>
   <trkpt lat="46.1835570" lon="13.7425450">
    <ele>225.7</ele>
   </trkpt>
   <trkpt lat="46.1835580" lon="13.7425570">
    <ele>226.1</ele>
   </trkpt>
   <trkpt lat="46.1835680" lon="13.7425650">
    <ele>226.5</ele>
   </trkpt>
   <trkpt lat="46.1835780" lon="13.7425670">
    <ele>227.0</ele>
   </trkpt>
   <trkpt lat="46.1835870" lon="13.7425630">
    <ele>227.4</ele>
   </trkpt>
   <trkpt lat="46.1835950" lon="13.7425570">
    <ele>227.7</ele>
   </trkpt>
   <trkpt lat="46.1836000" lon="13.7425530">
    <ele>228.0</ele>
   </trkpt>
   <trkpt lat="46.1836050" lon="13.7425520">
    <ele>228.2</ele>
   </trkpt>
   <trkpt lat="46.1836100" lon="13.7425530">
    <ele>228.4</ele>
   </trkpt>
   <trkpt lat="46.1836220" lon="13.7425670">
    <ele>229.1</ele>
   </trkpt>
   <trkpt lat="46.1836300" lon="13.7425850">
    <ele>229.7</ele>
   </trkpt>
   <trkpt lat="46.1836370" lon="13.7426030">
    <ele>230.3</ele>
   </trkpt>
   <trkpt lat="46.1836430" lon="13.7426150">
    <ele>230.7</ele>
   </trkpt>
   <trkpt lat="46.1836530" lon="13.7426200">
    <ele>231.1</ele>
   </trkpt>
   <trkpt lat="46.1836630" lon="13.7426230">
    <ele>231.5</ele>
   </trkpt>
   <trkpt lat="46.1836720" lon="13.7426230">
    <ele>231.9</ele>
   </trkpt>
   <trkpt lat="46.1836800" lon="13.7426280">
    <ele>232.2</ele>
   </trkpt>
   <trkpt lat="46.1836830" lon="13.7426330">
    <ele>232.4</ele>
   </trkpt>
   <trkpt lat="46.1836850" lon="13.7426500">
    <ele>232.8</ele>
   </trkpt>
   <trkpt lat="46.1836820" lon="13.7426620">
    <ele>233.1</ele>
   </trkpt>
   <trkpt lat="46.1836800" lon="13.7426780">
    <ele>233.5</ele>
   </trkpt>
   <trkpt lat="46.1836780" lon="13.7426830">
    <ele>233.7</ele>
   </trkpt>
   <trkpt lat="46.1836800" lon="13.7426920">
    <ele>233.9</ele>
   </trkpt>
   <trkpt lat="46.1836830" lon="13.7427000">
    <ele>234.1</ele>
   </trkpt>
   <trkpt lat="46.1836880" lon="13.7427150">
    <ele>234.5</ele>
   </trkpt>
   <trkpt lat="46.1836900" lon="13.7427270">
    <ele>234.7</ele>
   </trkpt>
   <trkpt lat="46.1836930" lon="13.7427380">
    <ele>235.0</ele>
   </trkpt>
   <trkpt lat="46.1836920" lon="13.7427470">
    <ele>235.2</ele>
   </trkpt>
   <trkpt lat="46.1836970" lon="13.7427600">
    <ele>235.5</ele>
   </trkpt>
   <trkpt lat="46.1836980" lon="13.7427770">
    <ele>235.8</ele>
   </trkpt>
   <trkpt lat="46.1837020" lon="13.7427920">
    <ele>236.1</ele>
   </trkpt>
   <trkpt lat="46.1837070" lon="13.7428080">
    <ele>236.5</ele>
   </trkpt>
   <trkpt lat="46.1837100" lon="13.7428280">
    <ele>236.9</ele>
   </trkpt>
   <trkpt lat="46.1837130" lon="13.7428420">
    <ele>237.2</ele>
   </trkpt>
   <trkpt lat="46.1837130" lon="13.7428650">
    <ele>237.6</ele>
   </trkpt>
   <trkpt lat="46.1837150" lon="13.7428900">
    <ele>238.0</ele>
   </trkpt>
   <trkpt lat="46.1837130" lon="13.7429070">
    <ele>238.4</ele>
   </trkpt>
   <trkpt lat="46.1837180" lon="13.7429220">
    <ele>238.7</ele>
   </trkpt>
   <trkpt lat="46.1837230" lon="13.7429330">
    <ele>238.9</ele>
   </trkpt>
   <trkpt lat="46.1837280" lon="13.7429520">
    <ele>239.3</ele>
   </trkpt>
   <trkpt lat="46.1837280" lon="13.7429700">
    <ele>239.6</ele>
   </trkpt>
   <trkpt lat="46.1837280" lon="13.7429900">
    <ele>240.0</ele>
   </trkpt>
   <trkpt lat="46.1837280" lon="13.7430050">
    <ele>240.2</ele>
   </trkpt>
   <trkpt lat="46.1837320" lon="13.7430230">
    <ele>240.6</ele>
   </trkpt>
   <trkpt lat="46.1837370" lon="13.7430420">
    <ele>240.9</ele>
   </trkpt>
   <trkpt lat="46.1837400" lon="13.7430580">
    <ele>241.2</ele>
   </trkpt>
   <trkpt lat="46.1837370" lon="13.7430830">
    <ele>241.6</ele>
   </trkpt>
   <trkpt lat="46.1837350" lon="13.7431100">
    <ele>242.1</ele>
   </trkpt>
   <trkpt lat="46.1837400" lon="13.7431370">
    <ele>242.6</ele>
   </trkpt>
   <trkpt lat="46.1837420" lon="13.7431480">
    <ele>242.8</ele>
   </trkpt>
   <trkpt lat="46.1837380" lon="13.7431620">
    <ele>243.0</ele>
   </trkpt>
   <trkpt lat="46.1837370" lon="13.7431800">
    <ele>243.3</ele>
   </trkpt>
   <trkpt lat="46.1837320" lon="13.7432030">
    <ele>243.8</ele>
   </trkpt>
   <trkpt lat="46.1837300" lon="13.7432300">
    <ele>244.2</ele>
   </trkpt>
   <trkpt lat="46.1837320" lon="13.7432550">
    <ele>244.6</ele>
   </trkpt>
   <trkpt lat="46.1837330" lon="13.7432800">
    <ele>245.1</ele>
   </trkpt>
   <trkpt lat="46.1837300" lon="13.7433030">
    <ele>245.5</ele>
   </trkpt>
   <trkpt lat="46.1837280" lon="13.7433280">
    <ele>245.9</ele>
   </trkpt>
   <trkpt lat="46.1837270" lon="13.7433480">
    <ele>246.2</ele>
   </trkpt>
   <trkpt lat="46.1837270" lon="13.7433600">
    <ele>246.4</ele>
   </trkpt>
   <trkpt lat="46.1837330" lon="13.7433830">
    <ele>246.8</ele>
   </trkpt>
   <trkpt lat="46.1837350" lon="13.7434000">
    <ele>247.0</ele>
   </trkpt>
   <trkpt lat="46.1837370" lon="13.7434230">
    <ele>247.3</ele>
   </trkpt>
   <trkpt lat="46.1837430" lon="13.7434650">
    <ele>247.9</ele>
   </trkpt>
   <trkpt lat="46.1837500" lon="13.7435020">
    <ele>248.3</ele>
   </trkpt>
   <trkpt lat="46.1837550" lon="13.7435330">
    <ele>248.7</ele>
   </trkpt>
   <trkpt lat="46.1837630" lon="13.7435700">
    <ele>249.0</ele>
   </trkpt>
   <trkpt lat="46.1837700" lon="13.7436050">
    <ele>249.3</ele>
   </trkpt>
   <trkpt lat="46.1837720" lon="13.7436420">
    <ele>249.5</ele>
   </trkpt>
   <trkpt lat="46.1837720" lon="13.7436770">
    <ele>249.7</ele>
   </trkpt>
   <trkpt lat="46.1837700" lon="13.7437050">
    <ele>249.9</ele>
   </trkpt>
   <trkpt lat="46.1837670" lon="13.7437380">
    <ele>250.0</ele>
   </trkpt>
   <trkpt lat="46.1837600" lon="13.7437730">
    <ele>250.2</ele>
   </trkpt>
   <trkpt lat="46.1837530" lon="13.7438100">
    <ele>250.3</ele>
   </trkpt>
   <trkpt lat="46.1837520" lon="13.7438470">
    <ele>250.4</ele>
   </trkpt>
   <trkpt lat="46.1837530" lon="13.7438830">
    <ele>250.5</ele>
   </trkpt>
   <trkpt lat="46.1837570" lon="13.7439380">
    <ele>250.6</ele>
   </trkpt>
   <trkpt lat="46.1837600" lon="13.7439850">
    <ele>250.7</ele>
   </trkpt>
   <trkpt lat="46.1837650" lon="13.7440200">
    <ele>250.8</ele>
   </trkpt>
   <trkpt lat="46.1837750" lon="13.7440470">
    <ele>250.9</ele>
   </trkpt>
   <trkpt lat="46.1837880" lon="13.7440680">
    <ele>251.0</ele>
   </trkpt>
   <trkpt lat="46.1838030" lon="13.7440800">
    <ele>251.1</ele>
   </trkpt>
   <trkpt lat="46.1838300" lon="13.7440900">
    <ele>251.2</ele>
   </trkpt>
   <trkpt lat="46.1838600" lon="13.7440980">
    <ele>251.4</ele>
   </trkpt>
   <trkpt lat="46.1838800" lon="13.7441000">
    <ele>251.5</ele>
   </trkpt>
   <trkpt lat="46.1839100" lon="13.7441050">
    <ele>251.8</ele>
   </trkpt>
   <trkpt lat="46.1839330" lon="13.7441000">
    <ele>252.0</ele>
   </trkpt>
   <trkpt lat="46.1839600" lon="13.7440900">
    <ele>252.2</ele>
   </trkpt>
   <trkpt lat="46.1839900" lon="13.7440850">
    <ele>252.9</ele>
   </trkpt>
   <trkpt lat="46.1840100" lon="13.7440920">
    <ele>253.3</ele>
   </trkpt>
   <trkpt lat="46.1840320" lon="13.7441170">
    <ele>254.0</ele>
   </trkpt>
   <trkpt lat="46.1840450" lon="13.7441430">
    <ele>254.5</ele>
   </trkpt>
   <trkpt lat="46.1840530" lon="13.7441620">
    <ele>254.9</ele>
   </trkpt>
   <trkpt lat="46.1840620" lon="13.7441880">
    <ele>255.5</ele>
   </trkpt>
   <trkpt lat="46.1840700" lon="13.7442130">
    <ele>256.1</ele>
   </trkpt>
   <trkpt lat="46.1840780" lon="13.7442320">
    <ele>256.5</ele>
   </trkpt>
   <trkpt lat="46.1840880" lon="13.7442430">
    <ele>256.9</ele>
   </trkpt>
   <trkpt lat="46.1840980" lon="13.7442570">
    <ele>257.4</ele>
   </trkpt>
   <trkpt lat="46.1841120" lon="13.7442600">
    <ele>257.8</ele>
   </trkpt>
   <trkpt lat="46.1841270" lon="13.7442580">
    <ele>258.3</ele>
   </trkpt>
   <trkpt lat="46.1841420" lon="13.7442620">
    <ele>258.7</ele>
   </trkpt>
   <trkpt lat="46.1841570" lon="13.7442600">
    <ele>259.2</ele>
   </trkpt>
   <trkpt lat="46.1841720" lon="13.7442630">
    <ele>259.6</ele>
   </trkpt>
   <trkpt lat="46.1841920" lon="13.7442700">
    <ele>260.1</ele>
   </trkpt>
   <trkpt lat="46.1842020" lon="13.7442850">
    <ele>260.5</ele>
   </trkpt>
   <trkpt lat="46.1842120" lon="13.7443100">
    <ele>260.9</ele>
   </trkpt>
   <trkpt lat="46.1842200" lon="13.7443400">
    <ele>261.4</ele>
   </trkpt>
   <trkpt lat="46.1842270" lon="13.7443700">
    <ele>261.7</ele>
   </trkpt>
   <trkpt lat="46.1842330" lon="13.7443970">
    <ele>262.0</ele>
   </trkpt>
   <trkpt lat="46.1842430" lon="13.7444230">
    <ele>262.3</ele>
   </trkpt>
   <trkpt lat="46.1842550" lon="13.7444480">
    <ele>262.6</ele>
   </trkpt>
   <trkpt lat="46.1842720" lon="13.7444720">
    <ele>262.7</ele>
   </trkpt>
   <trkpt lat="46.1842920" lon="13.7445000">
    <ele>262.8</ele>
   </trkpt>
   <trkpt lat="46.1843130" lon="13.7445220">
    <ele>262.9</ele>
   </trkpt>
   <trkpt lat="46.1843400" lon="13.7445370">
    <ele>263.0</ele>
   </trkpt>
   <trkpt lat="46.1843600" lon="13.7445420">
    <ele>263.0</ele>
   </trkpt>
   <trkpt lat="46.1843870" lon="13.7445520">
    <ele>263.1</ele>
   </trkpt>
   <trkpt lat="46.1844170" lon="13.7445530">
    <ele>263.3</ele>
   </trkpt>
   <trkpt lat="46.1844400" lon="13.7445550">
    <ele>263.4</ele>
   </trkpt>
   <trkpt lat="46.1844670" lon="13.7445450">
    <ele>263.6</ele>
   </trkpt>
   <trkpt lat="46.1844930" lon="13.7445380">
    <ele>263.7</ele>
   </trkpt>
   <trkpt lat="46.1845130" lon="13.7445280">
    <ele>263.9</ele>
   </trkpt>
   <trkpt lat="46.1845430" lon="13.7445250">
    <ele>264.2</ele>
   </trkpt>
   <trkpt lat="46.1845650" lon="13.7445280">
    <ele>264.6</ele>
   </trkpt>
   <trkpt lat="46.1845820" lon="13.7445380">
    <ele>264.9</ele>
   </trkpt>
   <trkpt lat="46.1846000" lon="13.7445530">
    <ele>265.2</ele>
   </trkpt>
   <trkpt lat="46.1846170" lon="13.7445670">
    <ele>265.6</ele>
   </trkpt>
   <trkpt lat="46.1846300" lon="13.7445850">
    <ele>265.9</ele>
   </trkpt>
   <trkpt lat="46.1846450" lon="13.7446070">
    <ele>266.2</ele>
   </trkpt>
   <trkpt lat="46.1846630" lon="13.7446330">
    <ele>266.7</ele>
   </trkpt>
   <trkpt lat="46.1846800" lon="13.7446580">
    <ele>267.1</ele>
   </trkpt>
   <trkpt lat="46.1846950" lon="13.7446850">
    <ele>267.5</ele>
   </trkpt>
   <trkpt lat="46.1847120" lon="13.7447120">
    <ele>267.9</ele>
   </trkpt>
   <trkpt lat="46.1847250" lon="13.7447400">
    <ele>268.3</ele>
   </trkpt>
   <trkpt lat="46.1847400" lon="13.7447720">
    <ele>268.7</ele>
   </trkpt>
   <trkpt lat="46.1847580" lon="13.7448030">
    <ele>269.2</ele>
   </trkpt>
   <trkpt lat="46.1847750" lon="13.7448350">
    <ele>269.6</ele>
   </trkpt>
   <trkpt lat="46.1847900" lon="13.7448700">
    <ele>269.8</ele>
   </trkpt>
   <trkpt lat="46.1848070" lon="13.7449020">
    <ele>270.1</ele>
   </trkpt>
   <trkpt lat="46.1848230" lon="13.7449350">
    <ele>270.3</ele>
   </trkpt>
   <trkpt lat="46.1848430" lon="13.7449620">
    <ele>270.5</ele>
   </trkpt>
   <trkpt lat="46.1848620" lon="13.7449850">
    <ele>270.7</ele>
   </trkpt>
   <trkpt lat="46.1848770" lon="13.7450200">
    <ele>270.9</ele>
   </trkpt>
   <trkpt lat="46.1848920" lon="13.7450620">
    <ele>271.1</ele>
   </trkpt>
   <trkpt lat="46.1849050" lon="13.7450980">
    <ele>271.3</ele>
   </trkpt>
   <trkpt lat="46.1849120" lon="13.7451300">
    <ele>271.4</ele>
   </trkpt>
   <trkpt lat="46.1849220" lon="13.7451720">
    <ele>271.5</ele>
   </trkpt>
   <trkpt lat="46.1849320" lon="13.7452100">
    <ele>271.7</ele>
   </trkpt>
   <trkpt lat="46.1849400" lon="13.7452600">
    <ele>271.8</ele>
   </trkpt>
   <trkpt lat="46.1849500" lon="13.7453020">
    <ele>271.8</ele>
   </trkpt>
   <trkpt lat="46.1849570" lon="13.7453430">
    <ele>271.8</ele>
   </trkpt>
   <trkpt lat="46.1849680" lon="13.7453920">
    <ele>271.8</ele>
   </trkpt>
   <trkpt lat="46.1849830" lon="13.7454420">
    <ele>271.7</ele>
   </trkpt>
   <trkpt lat="46.1849900" lon="13.7454850">
    <ele>271.6</ele>
   </trkpt>
   <trkpt lat="46.1849900" lon="13.7455480">
    <ele>271.5</ele>
   </trkpt>
   <trkpt lat="46.1849920" lon="13.7456020">
    <ele>271.3</ele>
   </trkpt>
   <trkpt lat="46.1849900" lon="13.7456430">
    <ele>271.2</ele>
   </trkpt>
   <trkpt lat="46.1849870" lon="13.7456930">
    <ele>271.1</ele>
   </trkpt>
   <trkpt lat="46.1849870" lon="13.7457480">
    <ele>271.1</ele>
   </trkpt>
   <trkpt lat="46.1849880" lon="13.7458100">
    <ele>271.0</ele>
   </trkpt>
   <trkpt lat="46.1849970" lon="13.7458600">
    <ele>271.0</ele>
   </trkpt>
   <trkpt lat="46.1850070" lon="13.7459050">
    <ele>271.0</ele>
   </trkpt>
   <trkpt lat="46.1850230" lon="13.7459500">
    <ele>271.1</ele>
   </trkpt>
   <trkpt lat="46.1850400" lon="13.7459930">
    <ele>271.1</ele>
   </trkpt>
   <trkpt lat="46.1850600" lon="13.7460350">
    <ele>271.2</ele>
   </trkpt>
   <trkpt lat="46.1850780" lon="13.7460700">
    <ele>271.3</ele>
   </trkpt>
   <trkpt lat="46.1850970" lon="13.7461100">
    <ele>271.4</ele>
   </trkpt>
   <trkpt lat="46.1851170" lon="13.7461500">
    <ele>271.5</ele>
   </trkpt>
   <trkpt lat="46.1851400" lon="13.7461820">
    <ele>271.5</ele>
   </trkpt>
   <trkpt lat="46.1851620" lon="13.7461970">
    <ele>271.7</ele>
   </trkpt>
   <trkpt lat="46.1851900" lon="13.7462080">
    <ele>271.8</ele>
   </trkpt>
   <trkpt lat="46.1852200" lon="13.7462150">
    <ele>272.0</ele>
   </trkpt>
   <trkpt lat="46.1852500" lon="13.7462130">
    <ele>272.2</ele>
   </trkpt>
   <trkpt lat="46.1852850" lon="13.7462080">
    <ele>272.4</ele>
   </trkpt>
   <trkpt lat="46.1853230" lon="13.7461980">
    <ele>272.7</ele>
   </trkpt>
   <trkpt lat="46.1853570" lon="13.7461880">
    <ele>273.0</ele>
   </trkpt>
   <trkpt lat="46.1853880" lon="13.7461800">
    <ele>273.3</ele>
   </trkpt>
   <trkpt lat="46.1854230" lon="13.7461700">
    <ele>273.5</ele>
   </trkpt>
   <trkpt lat="46.1854530" lon="13.7461630">
    <ele>273.8</ele>
   </trkpt>
   <trkpt lat="46.1854900" lon="13.7461580">
    <ele>274.1</ele>
   </trkpt>
   <trkpt lat="46.1855220" lon="13.7461580">
    <ele>274.3</ele>
   </trkpt>
   <trkpt lat="46.1855580" lon="13.7461620">
    <ele>274.6</ele>
   </trkpt>
   <trkpt lat="46.1855880" lon="13.7461520">
    <ele>274.7</ele>
   </trkpt>
   <trkpt lat="46.1856300" lon="13.7461370">
    <ele>274.9</ele>
   </trkpt>
   <trkpt lat="46.1856650" lon="13.7461170">
    <ele>275.0</ele>
   </trkpt>
   <trkpt lat="46.1856970" lon="13.7461000">
    <ele>275.0</ele>
   </trkpt>
   <trkpt lat="46.1857280" lon="13.7460720">
    <ele>275.0</ele>
   </trkpt>
   <trkpt lat="46.1857600" lon="13.7460400">
    <ele>275.0</ele>
   </trkpt>
   <trkpt lat="46.1857920" lon="13.7460050">
    <ele>274.9</ele>
   </trkpt>
   <trkpt lat="46.1858220" lon="13.7459680">
    <ele>274.8</ele>
   </trkpt>
   <trkpt lat="46.1858500" lon="13.7459300">
    <ele>274.6</ele>
   </trkpt>
   <trkpt lat="46.1858750" lon="13.7458880">
    <ele>274.4</ele>
   </trkpt>
   <trkpt lat="46.1859000" lon="13.7458380">
    <ele>274.2</ele>
   </trkpt>
   <trkpt lat="46.1859280" lon="13.7457850">
    <ele>273.8</ele>
   </trkpt>
   <trkpt lat="46.1859580" lon="13.7457320">
    <ele>273.5</ele>
   </trkpt>
   <trkpt lat="46.1859950" lon="13.7456870">
    <ele>273.1</ele>
   </trkpt>
   <trkpt lat="46.1860330" lon="13.7456520">
    <ele>272.9</ele>
   </trkpt>
   <trkpt lat="46.1860730" lon="13.7456270">
    <ele>272.7</ele>
   </trkpt>
   <trkpt lat="46.1861170" lon="13.7456050">
    <ele>272.6</ele>
   </trkpt>
   <trkpt lat="46.1861580" lon="13.7455880">
    <ele>272.5</ele>
   </trkpt>
   <trkpt lat="46.1861980" lon="13.7455730">
    <ele>272.5</ele>
   </trkpt>
   <trkpt lat="46.1862350" lon="13.7455570">
    <ele>272.5</ele>
   </trkpt>
   <trkpt lat="46.1862700" lon="13.7455470">
    <ele>272.5</ele>
   </trkpt>
   <trkpt lat="46.1863200" lon="13.7455330">
    <ele>272.5</ele>
   </trkpt>
   <trkpt lat="46.1863600" lon="13.7455220">
    <ele>272.6</ele>
   </trkpt>
   <trkpt lat="46.1863950" lon="13.7455120">
    <ele>272.6</ele>
   </trkpt>
   <trkpt lat="46.1864280" lon="13.7455000">
    <ele>272.6</ele>
   </trkpt>
   <trkpt lat="46.1864620" lon="13.7454870">
    <ele>272.6</ele>
   </trkpt>
   <trkpt lat="46.1864970" lon="13.7454750">
    <ele>272.6</ele>
   </trkpt>
   <trkpt lat="46.1865280" lon="13.7454580">
    <ele>272.6</ele>
   </trkpt>
   <trkpt lat="46.1865630" lon="13.7454370">
    <ele>272.6</ele>
   </trkpt>
   <trkpt lat="46.1865950" lon="13.7454120">
    <ele>272.5</ele>
   </trkpt>
   <trkpt lat="46.1866270" lon="13.7453870">
    <ele>272.4</ele>
   </trkpt>
   <trkpt lat="46.1866580" lon="13.7453680">
    <ele>272.3</ele>
   </trkpt>
   <trkpt lat="46.1866920" lon="13.7453520">
    <ele>272.1</ele>
   </trkpt>
   <trkpt lat="46.1867270" lon="13.7453330">
    <ele>271.9</ele>
   </trkpt>
   <trkpt lat="46.1867670" lon="13.7453130">
    <ele>271.8</ele>
   </trkpt>
   <trkpt lat="46.1868130" lon="13.7453080">
    <ele>271.6</ele>
   </trkpt>
   <trkpt lat="46.1868620" lon="13.7453030">
    <ele>271.4</ele>
   </trkpt>
   <trkpt lat="46.1869050" lon="13.7452870">
    <ele>271.2</ele>
   </trkpt>
   <trkpt lat="46.1869420" lon="13.7452650">
    <ele>271.1</ele>
   </trkpt>
   <trkpt lat="46.1869750" lon="13.7452420">
    <ele>271.0</ele>
   </trkpt>
   <trkpt lat="46.1870100" lon="13.7452200">
    <ele>270.9</ele>
   </trkpt>
   <trkpt lat="46.1870450" lon="13.7451980">
    <ele>270.7</ele>
   </trkpt>
   <trkpt lat="46.1870820" lon="13.7451870">
    <ele>270.6</ele>
   </trkpt>
   <trkpt lat="46.1871180" lon="13.7451770">
    <ele>270.5</ele>
   </trkpt>
   <trkpt lat="46.1871600" lon="13.7451630">
    <ele>270.4</ele>
   </trkpt>
   <trkpt lat="46.1872030" lon="13.7451550">
    <ele>270.2</ele>
   </trkpt>
   <trkpt lat="46.1872450" lon="13.7451430">
    <ele>270.1</ele>
   </trkpt>
   <trkpt lat="46.1872850" lon="13.7451330">
    <ele>269.9</ele>
   </trkpt>
   <trkpt lat="46.1873300" lon="13.7451220">
    <ele>269.7</ele>
   </trkpt>
   <trkpt lat="46.1873800" lon="13.7451200">
    <ele>269.5</ele>
   </trkpt>
   <trkpt lat="46.1874320" lon="13.7451230">
    <ele>269.1</ele>
   </trkpt>
   <trkpt lat="46.1874820" lon="13.7451330">
    <ele>269.0</ele>
   </trkpt>
   <trkpt lat="46.1875280" lon="13.7451320">
    <ele>269.1</ele>
   </trkpt>
   <trkpt lat="46.1875720" lon="13.7451250">
    <ele>269.2</ele>
   </trkpt>
   <trkpt lat="46.1876130" lon="13.7451170">
    <ele>269.2</ele>
   </trkpt>
   <trkpt lat="46.1876500" lon="13.7451080">
    <ele>269.2</ele>
   </trkpt>
   <trkpt lat="46.1876880" lon="13.7450980">
    <ele>269.3</ele>
   </trkpt>
   <trkpt lat="46.1877250" lon="13.7450870">
    <ele>269.3</ele>
   </trkpt>
   <trkpt lat="46.1877630" lon="13.7450730">
    <ele>269.4</ele>
   </trkpt>
   <trkpt lat="46.1878020" lon="13.7450570">
    <ele>269.4</ele>
   </trkpt>
   <trkpt lat="46.1878370" lon="13.7450370">
    <ele>269.4</ele>
   </trkpt>
   <trkpt lat="46.1878720" lon="13.7450150">
    <ele>269.4</ele>
   </trkpt>
   <trkpt lat="46.1879050" lon="13.7449880">
    <ele>269.4</ele>
   </trkpt>
   <trkpt lat="46.1879370" lon="13.7449580">
    <ele>269.5</ele>
   </trkpt>
   <trkpt lat="46.1879680" lon="13.7449320">
    <ele>269.5</ele>
   </trkpt>
   <trkpt lat="46.1880020" lon="13.7449050">
    <ele>269.5</ele>
   </trkpt>
   <trkpt lat="46.1880350" lon="13.7448780">
    <ele>269.5</ele>
   </trkpt>
   <trkpt lat="46.1880680" lon="13.7448480">
    <ele>269.5</ele>
   </trkpt>
   <trkpt lat="46.1881000" lon="13.7448220">
    <ele>269.5</ele>
   </trkpt>
   <trkpt lat="46.1881300" lon="13.7447880">
    <ele>269.5</ele>
   </trkpt>
   <trkpt lat="46.1881600" lon="13.7447550">
    <ele>269.5</ele>
   </trkpt>
   <trkpt lat="46.1881930" lon="13.7447220">
    <ele>269.5</ele>
   </trkpt>
   <trkpt lat="46.1882250" lon="13.7446880">
    <ele>269.5</ele>
   </trkpt>
   <trkpt lat="46.1882570" lon="13.7446580">
    <ele>269.5</ele>
   </trkpt>
   <trkpt lat="46.1882880" lon="13.7446280">
    <ele>269.5</ele>
   </trkpt>
   <trkpt lat="46.1883170" lon="13.7445950">
    <ele>269.5</ele>
   </trkpt>
   <trkpt lat="46.1883480" lon="13.7445680">
    <ele>269.6</ele>
   </trkpt>
   <trkpt lat="46.1883750" lon="13.7445470">
    <ele>269.6</ele>
   </trkpt>
   <trkpt lat="46.1884120" lon="13.7445170">
    <ele>269.6</ele>
   </trkpt>
   <trkpt lat="46.1884420" lon="13.7444850">
    <ele>269.6</ele>
   </trkpt>
   <trkpt lat="46.1884720" lon="13.7444550">
    <ele>269.6</ele>
   </trkpt>
   <trkpt lat="46.1885000" lon="13.7444230">
    <ele>269.6</ele>
   </trkpt>
   <trkpt lat="46.1885320" lon="13.7443900">
    <ele>269.7</ele>
   </trkpt>
   <trkpt lat="46.1885600" lon="13.7443570">
    <ele>269.7</ele>
   </trkpt>
   <trkpt lat="46.1885900" lon="13.7443220">
    <ele>269.7</ele>
   </trkpt>
   <trkpt lat="46.1886200" lon="13.7442870">
    <ele>269.7</ele>
   </trkpt>
   <trkpt lat="46.1886470" lon="13.7442470">
    <ele>269.7</ele>
   </trkpt>
   <trkpt lat="46.1886650" lon="13.7442030">
    <ele>269.4</ele>
   </trkpt>
   <trkpt lat="46.1886720" lon="13.7441570">
    <ele>269.1</ele>
   </trkpt>
   <trkpt lat="46.1886680" lon="13.7441050">
    <ele>268.7</ele>
   </trkpt>
   <trkpt lat="46.1886620" lon="13.7440500">
    <ele>268.3</ele>
   </trkpt>
   <trkpt lat="46.1886520" lon="13.7439970">
    <ele>267.7</ele>
   </trkpt>
   <trkpt lat="46.1886370" lon="13.7439400">
    <ele>266.9</ele>
   </trkpt>
   <trkpt lat="46.1886280" lon="13.7438770">
    <ele>265.9</ele>
   </trkpt>
   <trkpt lat="46.1886250" lon="13.7438180">
    <ele>265.0</ele>
   </trkpt>
   <trkpt lat="46.1886320" lon="13.7437680">
    <ele>264.1</ele>
   </trkpt>
   <trkpt lat="46.1886470" lon="13.7437220">
    <ele>263.2</ele>
   </trkpt>
   <trkpt lat="46.1886650" lon="13.7436750">
    <ele>262.3</ele>
   </trkpt>
   <trkpt lat="46.1886780" lon="13.7436220">
    <ele>261.3</ele>
   </trkpt>
   <trkpt lat="46.1886930" lon="13.7435720">
    <ele>260.4</ele>
   </trkpt>
   <trkpt lat="46.1887080" lon="13.7435270">
    <ele>259.6</ele>
   </trkpt>
   <trkpt lat="46.1887230" lon="13.7434830">
    <ele>258.8</ele>
   </trkpt>
   <trkpt lat="46.1887400" lon="13.7434430">
    <ele>258.4</ele>
   </trkpt>
   <trkpt lat="46.1887600" lon="13.7434050">
    <ele>257.9</ele>
   </trkpt>
   <trkpt lat="46.1887820" lon="13.7433650">
    <ele>257.4</ele>
   </trkpt>
   <trkpt lat="46.1888000" lon="13.7433220">
    <ele>256.8</ele>
   </trkpt>
   <trkpt lat="46.1888120" lon="13.7432750">
    <ele>256.1</ele>
   </trkpt>
   <trkpt lat="46.1888220" lon="13.7432230">
    <ele>255.5</ele>
   </trkpt>
   <trkpt lat="46.1888280" lon="13.7431700">
    <ele>254.8</ele>
   </trkpt>
   <trkpt lat="46.1888350" lon="13.7431180">
    <ele>253.1</ele>
   </trkpt>
   <trkpt lat="46.1888430" lon="13.7430650">
    <ele>252.1</ele>
   </trkpt>
   <trkpt lat="46.1888550" lon="13.7430150">
    <ele>251.1</ele>
   </trkpt>
   <trkpt lat="46.1888730" lon="13.7429730">
    <ele>250.0</ele>
   </trkpt>
   <trkpt lat="46.1889020" lon="13.7429520">
    <ele>248.9</ele>
   </trkpt>
   <trkpt lat="46.1889330" lon="13.7429330">
    <ele>248.7</ele>
   </trkpt>
   <trkpt lat="46.1889680" lon="13.7429200">
    <ele>248.5</ele>
   </trkpt>
   <trkpt lat="46.1890100" lon="13.7429150">
    <ele>248.4</ele>
   </trkpt>
   <trkpt lat="46.1890530" lon="13.7429100">
    <ele>248.2</ele>
   </trkpt>
   <trkpt lat="46.1891050" lon="13.7429070">
    <ele>247.2</ele>
   </trkpt>
   <trkpt lat="46.1891550" lon="13.7429070">
    <ele>247.1</ele>
   </trkpt>
   <trkpt lat="46.1892050" lon="13.7429120">
    <ele>247.9</ele>
   </trkpt>
   <trkpt lat="46.1892520" lon="13.7429120">
    <ele>247.9</ele>
   </trkpt>
   <trkpt lat="46.1892950" lon="13.7429020">
    <ele>246.9</ele>
   </trkpt>
   <trkpt lat="46.1893350" lon="13.7428830">
    <ele>246.9</ele>
   </trkpt>
   <trkpt lat="46.1893750" lon="13.7428630">
    <ele>246.0</ele>
   </trkpt>
   <trkpt lat="46.1894150" lon="13.7428480">
    <ele>246.0</ele>
   </trkpt>
   <trkpt lat="46.1894570" lon="13.7428370">
    <ele>246.0</ele>
   </trkpt>
   <trkpt lat="46.1895030" lon="13.7428300">
    <ele>246.2</ele>
   </trkpt>
   <trkpt lat="46.1895450" lon="13.7428270">
    <ele>246.4</ele>
   </trkpt>
   <trkpt lat="46.1895850" lon="13.7428270">
    <ele>246.6</ele>
   </trkpt>
   <trkpt lat="46.1896250" lon="13.7428180">
    <ele>246.6</ele>
   </trkpt>
   <trkpt lat="46.1896680" lon="13.7428020">
    <ele>246.6</ele>
   </trkpt>
   <trkpt lat="46.1897100" lon="13.7427770">
    <ele>246.6</ele>
   </trkpt>
   <trkpt lat="46.1897480" lon="13.7427530">
    <ele>246.6</ele>
   </trkpt>
   <trkpt lat="46.1897920" lon="13.7427350">
    <ele>246.6</ele>
   </trkpt>
   <trkpt lat="46.1898330" lon="13.7427220">
    <ele>246.7</ele>
   </trkpt>
   <trkpt lat="46.1898730" lon="13.7427080">
    <ele>246.7</ele>
   </trkpt>
   <trkpt lat="46.1899170" lon="13.7426970">
    <ele>246.8</ele>
   </trkpt>
   <trkpt lat="46.1899600" lon="13.7426870">
    <ele>246.9</ele>
   </trkpt>
   <trkpt lat="46.1900030" lon="13.7426730">
    <ele>247.0</ele>
   </trkpt>
   <trkpt lat="46.1900470" lon="13.7426620">
    <ele>247.2</ele>
   </trkpt>
   <trkpt lat="46.1900870" lon="13.7426480">
    <ele>247.4</ele>
   </trkpt>
   <trkpt lat="46.1901250" lon="13.7426350">
    <ele>247.7</ele>
   </trkpt>
   <trkpt lat="46.1901600" lon="13.7426200">
    <ele>247.9</ele>
   </trkpt>
   <trkpt lat="46.1901970" lon="13.7426050">
    <ele>248.2</ele>
   </trkpt>
   <trkpt lat="46.1902370" lon="13.7425920">
    <ele>248.5</ele>
   </trkpt>
   <trkpt lat="46.1902730" lon="13.7425770">
    <ele>248.8</ele>
   </trkpt>
   <trkpt lat="46.1903080" lon="13.7425620">
    <ele>249.1</ele>
   </trkpt>
   <trkpt lat="46.1903420" lon="13.7425430">
    <ele>249.4</ele>
   </trkpt>
   <trkpt lat="46.1903750" lon="13.7425230">
    <ele>249.7</ele>
   </trkpt>
   <trkpt lat="46.1904070" lon="13.7424970">
    <ele>250.1</ele>
   </trkpt>
   <trkpt lat="46.1904300" lon="13.7424770">
    <ele>250.3</ele>
   </trkpt>
   <trkpt lat="46.1904650" lon="13.7424450">
    <ele>250.7</ele>
   </trkpt>
   <trkpt lat="46.1904930" lon="13.7424220">
    <ele>251.0</ele>
   </trkpt>
   <trkpt lat="46.1905220" lon="13.7423970">
    <ele>251.3</ele>
   </trkpt>
   <trkpt lat="46.1905530" lon="13.7423750">
    <ele>251.7</ele>
   </trkpt>
   <trkpt lat="46.1905870" lon="13.7423530">
    <ele>252.1</ele>
   </trkpt>
   <trkpt lat="46.1906180" lon="13.7423300">
    <ele>252.4</ele>
   </trkpt>
   <trkpt lat="46.1906520" lon="13.7423080">
    <ele>252.8</ele>
   </trkpt>
   <trkpt lat="46.1906820" lon="13.7422850">
    <ele>253.2</ele>
   </trkpt>
   <trkpt lat="46.1907130" lon="13.7422650">
    <ele>253.6</ele>
   </trkpt>
   <trkpt lat="46.1907430" lon="13.7422430">
    <ele>254.0</ele>
   </trkpt>
   <trkpt lat="46.1907750" lon="13.7422200">
    <ele>254.4</ele>
   </trkpt>
   <trkpt lat="46.1908030" lon="13.7421970">
    <ele>254.8</ele>
   </trkpt>
   <trkpt lat="46.1908350" lon="13.7421700">
    <ele>255.2</ele>
   </trkpt>
   <trkpt lat="46.1908700" lon="13.7421470">
    <ele>255.6</ele>
   </trkpt>
   <trkpt lat="46.1909020" lon="13.7421270">
    <ele>255.9</ele>
   </trkpt>
   <trkpt lat="46.1909320" lon="13.7421050">
    <ele>256.2</ele>
   </trkpt>
   <trkpt lat="46.1909630" lon="13.7420880">
    <ele>256.5</ele>
   </trkpt>
   <trkpt lat="46.1909950" lon="13.7420730">
    <ele>256.8</ele>
   </trkpt>
   <trkpt lat="46.1910230" lon="13.7420630">
    <ele>257.0</ele>
   </trkpt>
   <trkpt lat="46.1910550" lon="13.7420630">
    <ele>257.2</ele>
   </trkpt>
   <trkpt lat="46.1910780" lon="13.7420650">
    <ele>257.3</ele>
   </trkpt>
   <trkpt lat="46.1911150" lon="13.7420650">
    <ele>257.5</ele>
   </trkpt>
   <trkpt lat="46.1911470" lon="13.7420670">
    <ele>257.7</ele>
   </trkpt>
   <trkpt lat="46.1911800" lon="13.7420700">
    <ele>257.7</ele>
   </trkpt>
   <trkpt lat="46.1912120" lon="13.7420650">
    <ele>257.6</ele>
   </trkpt>
   <trkpt lat="46.1912430" lon="13.7420570">
    <ele>257.6</ele>
   </trkpt>
   <trkpt lat="46.1912730" lon="13.7420470">
    <ele>257.6</ele>
   </trkpt>
   <trkpt lat="46.1913000" lon="13.7420300">
    <ele>257.6</ele>
   </trkpt>
   <trkpt lat="46.1913280" lon="13.7420080">
    <ele>257.6</ele>
   </trkpt>
   <trkpt lat="46.1913520" lon="13.7419850">
    <ele>257.6</ele>
   </trkpt>
   <trkpt lat="46.1913770" lon="13.7419650">
    <ele>257.7</ele>
   </trkpt>
   <trkpt lat="46.1914030" lon="13.7419470">
    <ele>257.7</ele>
   </trkpt>
   <trkpt lat="46.1914300" lon="13.7419250">
    <ele>257.7</ele>
   </trkpt>
   <trkpt lat="46.1914570" lon="13.7419070">
    <ele>257.7</ele>
   </trkpt>
   <trkpt lat="46.1914770" lon="13.7418850">
    <ele>257.7</ele>
   </trkpt>
   <trkpt lat="46.1914920" lon="13.7418570">
    <ele>257.6</ele>
   </trkpt>
   <trkpt lat="46.1915050" lon="13.7418250">
    <ele>257.5</ele>
   </trkpt>
   <trkpt lat="46.1915150" lon="13.7417870">
    <ele>257.4</ele>
   </trkpt>
   <trkpt lat="46.1915230" lon="13.7417450">
    <ele>257.3</ele>
   </trkpt>
   <trkpt lat="46.1915300" lon="13.7416970">
    <ele>257.0</ele>
   </trkpt>
   <trkpt lat="46.1915380" lon="13.7416530">
    <ele>256.5</ele>
   </trkpt>
   <trkpt lat="46.1915430" lon="13.7416050">
    <ele>255.9</ele>
   </trkpt>
   <trkpt lat="46.1915480" lon="13.7415500">
    <ele>255.3</ele>
   </trkpt>
   <trkpt lat="46.1915550" lon="13.7414950">
    <ele>254.7</ele>
   </trkpt>
   <trkpt lat="46.1915580" lon="13.7414350">
    <ele>254.0</ele>
   </trkpt>
   <trkpt lat="46.1915630" lon="13.7413720">
    <ele>253.2</ele>
   </trkpt>
   <trkpt lat="46.1915700" lon="13.7413120">
    <ele>252.5</ele>
   </trkpt>
   <trkpt lat="46.1915750" lon="13.7412480">
    <ele>251.8</ele>
   </trkpt>
   <trkpt lat="46.1915870" lon="13.7411850">
    <ele>251.0</ele>
   </trkpt>
   <trkpt lat="46.1916020" lon="13.7411230">
    <ele>250.3</ele>
   </trkpt>
   <trkpt lat="46.1916170" lon="13.7410630">
    <ele>249.6</ele>
   </trkpt>
   <trkpt lat="46.1916330" lon="13.7410050">
    <ele>248.9</ele>
   </trkpt>
   <trkpt lat="46.1916520" lon="13.7409430">
    <ele>248.3</ele>
   </trkpt>
   <trkpt lat="46.1916700" lon="13.7408820">
    <ele>247.6</ele>
   </trkpt>
   <trkpt lat="46.1916900" lon="13.7408220">
    <ele>246.9</ele>
   </trkpt>
   <trkpt lat="46.1917100" lon="13.7407620">
    <ele>246.4</ele>
   </trkpt>
   <trkpt lat="46.1917320" lon="13.7407030">
    <ele>246.0</ele>
   </trkpt>
   <trkpt lat="46.1917580" lon="13.7406500">
    <ele>245.6</ele>
   </trkpt>
   <trkpt lat="46.1917830" lon="13.7406000">
    <ele>245.3</ele>
   </trkpt>
   <trkpt lat="46.1918120" lon="13.7405570">
    <ele>245.0</ele>
   </trkpt>
   <trkpt lat="46.1918370" lon="13.7405150">
    <ele>244.8</ele>
   </trkpt>
   <trkpt lat="46.1918620" lon="13.7404750">
    <ele>244.5</ele>
   </trkpt>
   <trkpt lat="46.1918880" lon="13.7404380">
    <ele>244.3</ele>
   </trkpt>
   <trkpt lat="46.1919180" lon="13.7404020">
    <ele>244.0</ele>
   </trkpt>
   <trkpt lat="46.1919530" lon="13.7403700">
    <ele>243.7</ele>
   </trkpt>
   <trkpt lat="46.1919870" lon="13.7403380">
    <ele>243.4</ele>
   </trkpt>
   <trkpt lat="46.1920170" lon="13.7403030">
    <ele>243.1</ele>
   </trkpt>
   <trkpt lat="46.1920450" lon="13.7402680">
    <ele>242.9</ele>
   </trkpt>
   <trkpt lat="46.1920750" lon="13.7402350">
    <ele>242.7</ele>
   </trkpt>
   <trkpt lat="46.1921120" lon="13.7402000">
    <ele>242.5</ele>
   </trkpt>
   <trkpt lat="46.1921400" lon="13.7401630">
    <ele>242.3</ele>
   </trkpt>
   <trkpt lat="46.1921880" lon="13.7401200">
    <ele>242.2</ele>
   </trkpt>
   <trkpt lat="46.1922200" lon="13.7400850">
    <ele>242.1</ele>
   </trkpt>
   <trkpt lat="46.1922620" lon="13.7400550">
    <ele>241.9</ele>
   </trkpt>
   <trkpt lat="46.1923030" lon="13.7400280">
    <ele>241.8</ele>
   </trkpt>
   <trkpt lat="46.1923420" lon="13.7400020">
    <ele>241.7</ele>
   </trkpt>
   <trkpt lat="46.1923800" lon="13.7399800">
    <ele>241.5</ele>
   </trkpt>
   <trkpt lat="46.1924170" lon="13.7399580">
    <ele>241.4</ele>
   </trkpt>
   <trkpt lat="46.1924570" lon="13.7399280">
    <ele>241.2</ele>
   </trkpt>
   <trkpt lat="46.1924950" lon="13.7399070">
    <ele>241.1</ele>
   </trkpt>
   <trkpt lat="46.1925250" lon="13.7398880">
    <ele>241.1</ele>
   </trkpt>
   <trkpt lat="46.1925630" lon="13.7398630">
    <ele>241.0</ele>
   </trkpt>
   <trkpt lat="46.1926020" lon="13.7398430">
    <ele>241.1</ele>
   </trkpt>
   <trkpt lat="46.1926370" lon="13.7398150">
    <ele>241.1</ele>
   </trkpt>
   <trkpt lat="46.1926730" lon="13.7397920">
    <ele>241.2</ele>
   </trkpt>
   <trkpt lat="46.1927080" lon="13.7397700">
    <ele>241.4</ele>
   </trkpt>
   <trkpt lat="46.1927450" lon="13.7397570">
    <ele>241.6</ele>
   </trkpt>
   <trkpt lat="46.1927830" lon="13.7397520">
    <ele>241.8</ele>
   </trkpt>
   <trkpt lat="46.1928270" lon="13.7397480">
    <ele>242.0</ele>
   </trkpt>
   <trkpt lat="46.1928620" lon="13.7397470">
    <ele>242.2</ele>
   </trkpt>
   <trkpt lat="46.1928920" lon="13.7397430">
    <ele>242.4</ele>
   </trkpt>
   <trkpt lat="46.1929220" lon="13.7397380">
    <ele>242.5</ele>
   </trkpt>
   <trkpt lat="46.1929520" lon="13.7397320">
    <ele>242.6</ele>
   </trkpt>
   <trkpt lat="46.1929830" lon="13.7397270">
    <ele>242.6</ele>
   </trkpt>
   <trkpt lat="46.1930150" lon="13.7397220">
    <ele>242.7</ele>
   </trkpt>
   <trkpt lat="46.1930480" lon="13.7397220">
    <ele>242.6</ele>
   </trkpt>
   <trkpt lat="46.1930800" lon="13.7397180">
    <ele>242.6</ele>
   </trkpt>
   <trkpt lat="46.1931150" lon="13.7397100">
    <ele>242.5</ele>
   </trkpt>
   <trkpt lat="46.1931480" lon="13.7396970">
    <ele>242.3</ele>
   </trkpt>
   <trkpt lat="46.1931850" lon="13.7396800">
    <ele>242.0</ele>
   </trkpt>
   <trkpt lat="46.1932220" lon="13.7396720">
    <ele>241.6</ele>
   </trkpt>
   <trkpt lat="46.1932550" lon="13.7396730">
    <ele>241.3</ele>
   </trkpt>
   <trkpt lat="46.1932880" lon="13.7396780">
    <ele>240.9</ele>
   </trkpt>
   <trkpt lat="46.1933250" lon="13.7397020">
    <ele>240.5</ele>
   </trkpt>
   <trkpt lat="46.1933580" lon="13.7397400">
    <ele>240.0</ele>
   </trkpt>
   <trkpt lat="46.1933950" lon="13.7397950">
    <ele>239.5</ele>
   </trkpt>
   <trkpt lat="46.1934250" lon="13.7398320">
    <ele>239.1</ele>
   </trkpt>
   <trkpt lat="46.1934530" lon="13.7398730">
    <ele>238.7</ele>
   </trkpt>
   <trkpt lat="46.1934820" lon="13.7399270">
    <ele>238.1</ele>
   </trkpt>
   <trkpt lat="46.1935030" lon="13.7399750">
    <ele>237.5</ele>
   </trkpt>
   <trkpt lat="46.1935170" lon="13.7400250">
    <ele>237.0</ele>
   </trkpt>
   <trkpt lat="46.1935270" lon="13.7400720">
    <ele>236.5</ele>
   </trkpt>
   <trkpt lat="46.1935380" lon="13.7401000">
    <ele>236.1</ele>
   </trkpt>
   <trkpt lat="46.1935550" lon="13.7401120">
    <ele>235.9</ele>
   </trkpt>
   <trkpt lat="46.1935820" lon="13.7401170">
    <ele>235.5</ele>
   </trkpt>
   <trkpt lat="46.1936170" lon="13.7401120">
    <ele>235.1</ele>
   </trkpt>
   <trkpt lat="46.1936580" lon="13.7401020">
    <ele>234.7</ele>
   </trkpt>
   <trkpt lat="46.1937030" lon="13.7400920">
    <ele>234.3</ele>
   </trkpt>
   <trkpt lat="46.1937500" lon="13.7400830">
    <ele>233.9</ele>
   </trkpt>
   <trkpt lat="46.1937900" lon="13.7400770">
    <ele>233.5</ele>
   </trkpt>
   <trkpt lat="46.1938250" lon="13.7400730">
    <ele>233.2</ele>
   </trkpt>
   <trkpt lat="46.1938600" lon="13.7400730">
    <ele>232.8</ele>
   </trkpt>
   <trkpt lat="46.1938870" lon="13.7400770">
    <ele>232.4</ele>
   </trkpt>
   <trkpt lat="46.1939130" lon="13.7400930">
    <ele>231.9</ele>
   </trkpt>
   <trkpt lat="46.1939420" lon="13.7401220">
    <ele>231.4</ele>
   </trkpt>
   <trkpt lat="46.1939730" lon="13.7401480">
    <ele>230.9</ele>
   </trkpt>
   <trkpt lat="46.1940080" lon="13.7401600">
    <ele>230.4</ele>
   </trkpt>
   <trkpt lat="46.1940430" lon="13.7401600">
    <ele>229.9</ele>
   </trkpt>
   <trkpt lat="46.1940720" lon="13.7401620">
    <ele>229.5</ele>
   </trkpt>
   <trkpt lat="46.1941000" lon="13.7401470">
    <ele>229.2</ele>
   </trkpt>
   <trkpt lat="46.1941270" lon="13.7401280">
    <ele>228.9</ele>
   </trkpt>
   <trkpt lat="46.1941520" lon="13.7401030">
    <ele>228.5</ele>
   </trkpt>
   <trkpt lat="46.1941850" lon="13.7400700">
    <ele>228.1</ele>
   </trkpt>
   <trkpt lat="46.1942220" lon="13.7400400">
    <ele>227.7</ele>
   </trkpt>
   <trkpt lat="46.1942600" lon="13.7400250">
    <ele>227.3</ele>
   </trkpt>
   <trkpt lat="46.1942950" lon="13.7400100">
    <ele>226.9</ele>
   </trkpt>
   <trkpt lat="46.1943350" lon="13.7400000">
    <ele>226.5</ele>
   </trkpt>
   <trkpt lat="46.1943770" lon="13.7399930">
    <ele>226.1</ele>
   </trkpt>
   <trkpt lat="46.1944230" lon="13.7399920">
    <ele>225.6</ele>
   </trkpt>
   <trkpt lat="46.1944680" lon="13.7399850">
    <ele>225.2</ele>
   </trkpt>
   <trkpt lat="46.1945080" lon="13.7399670">
    <ele>224.9</ele>
   </trkpt>
   <trkpt lat="46.1945520" lon="13.7399480">
    <ele>224.5</ele>
   </trkpt>
   <trkpt lat="46.1945970" lon="13.7399280">
    <ele>224.3</ele>
   </trkpt>
   <trkpt lat="46.1946420" lon="13.7399000">
    <ele>224.1</ele>
   </trkpt>
   <trkpt lat="46.1946850" lon="13.7398770">
    <ele>224.0</ele>
   </trkpt>
   <trkpt lat="46.1947300" lon="13.7398720">
    <ele>224.0</ele>
   </trkpt>
   <trkpt lat="46.1947720" lon="13.7398650">
    <ele>223.9</ele>
   </trkpt>
   <trkpt lat="46.1948120" lon="13.7398550">
    <ele>223.9</ele>
   </trkpt>
   <trkpt lat="46.1948670" lon="13.7398650">
    <ele>223.9</ele>
   </trkpt>
   <trkpt lat="46.1949180" lon="13.7398770">
    <ele>223.8</ele>
   </trkpt>
   <trkpt lat="46.1949570" lon="13.7398820">
    <ele>223.6</ele>
   </trkpt>
   <trkpt lat="46.1949980" lon="13.7398920">
    <ele>223.5</ele>
   </trkpt>
   <trkpt lat="46.1950350" lon="13.7399220">
    <ele>223.4</ele>
   </trkpt>
   <trkpt lat="46.1950630" lon="13.7399620">
    <ele>223.3</ele>
   </trkpt>
   <trkpt lat="46.1950850" lon="13.7399880">
    <ele>223.2</ele>
   </trkpt>
   <trkpt lat="46.1951080" lon="13.7400020">
    <ele>223.1</ele>
   </trkpt>
   <trkpt lat="46.1951280" lon="13.7400130">
    <ele>223.0</ele>
   </trkpt>
   <trkpt lat="46.1951520" lon="13.7400180">
    <ele>222.9</ele>
   </trkpt>
   <trkpt lat="46.1951720" lon="13.7400150">
    <ele>222.8</ele>
   </trkpt>
   <trkpt lat="46.1951830" lon="13.7400030">
    <ele>222.7</ele>
   </trkpt>
   <trkpt lat="46.1952080" lon="13.7399980">
    <ele>222.6</ele>
   </trkpt>
   <trkpt lat="46.1952300" lon="13.7399800">
    <ele>222.6</ele>
   </trkpt>
   <trkpt lat="46.1952480" lon="13.7399530">
    <ele>222.6</ele>
   </trkpt>
   <trkpt lat="46.1952770" lon="13.7399270">
    <ele>222.6</ele>
   </trkpt>
   <trkpt lat="46.1953080" lon="13.7399000">
    <ele>222.5</ele>
   </trkpt>
   <trkpt lat="46.1953320" lon="13.7398750">
    <ele>222.3</ele>
   </trkpt>
   <trkpt lat="46.1953670" lon="13.7398530">
    <ele>222.2</ele>
   </trkpt>
   <trkpt lat="46.1954030" lon="13.7398330">
    <ele>222.0</ele>
   </trkpt>
   <trkpt lat="46.1954430" lon="13.7398170">
    <ele>221.8</ele>
   </trkpt>
   <trkpt lat="46.1954830" lon="13.7398120">
    <ele>221.7</ele>
   </trkpt>
   <trkpt lat="46.1955280" lon="13.7398230">
    <ele>221.6</ele>
   </trkpt>
   <trkpt lat="46.1955770" lon="13.7398420">
    <ele>221.7</ele>
   </trkpt>
   <trkpt lat="46.1956120" lon="13.7398470">
    <ele>221.9</ele>
   </trkpt>
   <trkpt lat="46.1956570" lon="13.7398450">
    <ele>222.2</ele>
   </trkpt>
   <trkpt lat="46.1956850" lon="13.7398450">
    <ele>222.5</ele>
   </trkpt>
   <trkpt lat="46.1957100" lon="13.7398420">
    <ele>222.7</ele>
   </trkpt>
   <trkpt lat="46.1957280" lon="13.7398350">
    <ele>222.8</ele>
   </trkpt>
   <trkpt lat="46.1957520" lon="13.7398450">
    <ele>223.0</ele>
   </trkpt>
   <trkpt lat="46.1957720" lon="13.7398620">
    <ele>223.2</ele>
   </trkpt>
   <trkpt lat="46.1958100" lon="13.7399050">
    <ele>223.6</ele>
   </trkpt>
   <trkpt lat="46.1958380" lon="13.7399420">
    <ele>223.8</ele>
   </trkpt>
   <trkpt lat="46.1958530" lon="13.7399830">
    <ele>224.0</ele>
   </trkpt>
   <trkpt lat="46.1958780" lon="13.7400150">
    <ele>224.3</ele>
   </trkpt>
   <trkpt lat="46.1959000" lon="13.7400470">
    <ele>224.5</ele>
   </trkpt>
   <trkpt lat="46.1959250" lon="13.7400870">
    <ele>224.8</ele>
   </trkpt>
   <trkpt lat="46.1959500" lon="13.7401230">
    <ele>225.1</ele>
   </trkpt>
   <trkpt lat="46.1959700" lon="13.7401480">
    <ele>225.4</ele>
   </trkpt>
   <trkpt lat="46.1959900" lon="13.7401750">
    <ele>225.7</ele>
   </trkpt>
   <trkpt lat="46.1960170" lon="13.7402030">
    <ele>226.0</ele>
   </trkpt>
   <trkpt lat="46.1960420" lon="13.7402270">
    <ele>226.4</ele>
   </trkpt>
   <trkpt lat="46.1960630" lon="13.7402350">
    <ele>226.6</ele>
   </trkpt>
   <trkpt lat="46.1960880" lon="13.7402380">
    <ele>226.9</ele>
   </trkpt>
   <trkpt lat="46.1961170" lon="13.7402480">
    <ele>227.2</ele>
   </trkpt>
   <trkpt lat="46.1961300" lon="13.7402650">
    <ele>227.4</ele>
   </trkpt>
   <trkpt lat="46.1961400" lon="13.7402930">
    <ele>227.6</ele>
   </trkpt>
   <trkpt lat="46.1961520" lon="13.7403270">
    <ele>227.8</ele>
   </trkpt>
   <trkpt lat="46.1961650" lon="13.7403670">
    <ele>228.1</ele>
   </trkpt>
   <trkpt lat="46.1961800" lon="13.7404000">
    <ele>228.3</ele>
   </trkpt>
   <trkpt lat="46.1961970" lon="13.7404170">
    <ele>228.5</ele>
   </trkpt>
   <trkpt lat="46.1962120" lon="13.7404200">
    <ele>228.6</ele>
   </trkpt>
   <trkpt lat="46.1962320" lon="13.7404170">
    <ele>228.8</ele>
   </trkpt>
   <trkpt lat="46.1962570" lon="13.7404200">
    <ele>229.0</ele>
   </trkpt>
   <trkpt lat="46.1962850" lon="13.7404350">
    <ele>229.2</ele>
   </trkpt>
   <trkpt lat="46.1963070" lon="13.7404520">
    <ele>229.4</ele>
   </trkpt>
   <trkpt lat="46.1963250" lon="13.7404820">
    <ele>229.6</ele>
   </trkpt>
   <trkpt lat="46.1963420" lon="13.7405070">
    <ele>229.8</ele>
   </trkpt>
   <trkpt lat="46.1963420" lon="13.7405370">
    <ele>229.9</ele>
   </trkpt>
   <trkpt lat="46.1963400" lon="13.7405600">
    <ele>229.9</ele>
   </trkpt>
   <trkpt lat="46.1963430" lon="13.7405850">
    <ele>230.0</ele>
   </trkpt>
   <trkpt lat="46.1963470" lon="13.7406180">
    <ele>230.1</ele>
   </trkpt>
   <trkpt lat="46.1963480" lon="13.7406520">
    <ele>230.1</ele>
   </trkpt>
   <trkpt lat="46.1963500" lon="13.7406830">
    <ele>230.2</ele>
   </trkpt>
   <trkpt lat="46.1963470" lon="13.7407150">
    <ele>230.2</ele>
   </trkpt>
   <trkpt lat="46.1963500" lon="13.7407420">
    <ele>230.2</ele>
   </trkpt>
   <trkpt lat="46.1963580" lon="13.7407620">
    <ele>230.2</ele>
   </trkpt>
   <trkpt lat="46.1963770" lon="13.7407680">
    <ele>230.2</ele>
   </trkpt>
   <trkpt lat="46.1964000" lon="13.7407730">
    <ele>230.2</ele>
   </trkpt>
   <trkpt lat="46.1964250" lon="13.7407750">
    <ele>230.2</ele>
   </trkpt>
   <trkpt lat="46.1964530" lon="13.7407650">
    <ele>230.2</ele>
   </trkpt>
   <trkpt lat="46.1964750" lon="13.7407380">
    <ele>230.2</ele>
   </trkpt>
   <trkpt lat="46.1964950" lon="13.7407050">
    <ele>230.2</ele>
   </trkpt>
   <trkpt lat="46.1965120" lon="13.7406750">
    <ele>230.2</ele>
   </trkpt>
   <trkpt lat="46.1965330" lon="13.7406600">
    <ele>230.2</ele>
   </trkpt>
   <trkpt lat="46.1965580" lon="13.7406530">
    <ele>230.2</ele>
   </trkpt>
   <trkpt lat="46.1965850" lon="13.7406570">
    <ele>230.2</ele>
   </trkpt>
   <trkpt lat="46.1966180" lon="13.7406720">
    <ele>230.2</ele>
   </trkpt>
   <trkpt lat="46.1966550" lon="13.7406870">
    <ele>230.2</ele>
   </trkpt>
   <trkpt lat="46.1966900" lon="13.7407050">
    <ele>230.2</ele>
   </trkpt>
   <trkpt lat="46.1967250" lon="13.7407300">
    <ele>230.3</ele>
   </trkpt>
   <trkpt lat="46.1967580" lon="13.7407530">
    <ele>230.5</ele>
   </trkpt>
   <trkpt lat="46.1967930" lon="13.7407800">
    <ele>230.8</ele>
   </trkpt>
   <trkpt lat="46.1968250" lon="13.7408120">
    <ele>231.1</ele>
   </trkpt>
   <trkpt lat="46.1968470" lon="13.7408470">
    <ele>231.4</ele>
   </trkpt>
   <trkpt lat="46.1968680" lon="13.7408770">
    <ele>231.8</ele>
   </trkpt>
   <trkpt lat="46.1968880" lon="13.7409030">
    <ele>232.1</ele>
   </trkpt>
   <trkpt lat="46.1969120" lon="13.7409320">
    <ele>232.4</ele>
   </trkpt>
   <trkpt lat="46.1969350" lon="13.7409650">
    <ele>232.7</ele>
   </trkpt>
   <trkpt lat="46.1969550" lon="13.7410000">
    <ele>233.0</ele>
   </trkpt>
   <trkpt lat="46.1969780" lon="13.7410330">
    <ele>233.3</ele>
   </trkpt>
   <trkpt lat="46.1969870" lon="13.7410550">
    <ele>233.3</ele>
   </trkpt>
   <trkpt lat="46.1969980" lon="13.7410730">
    <ele>233.4</ele>
   </trkpt>
   <trkpt lat="46.1970150" lon="13.7410870">
    <ele>233.5</ele>
   </trkpt>
   <trkpt lat="46.1970370" lon="13.7410980">
    <ele>233.5</ele>
   </trkpt>
   <trkpt lat="46.1970580" lon="13.7411150">
    <ele>233.4</ele>
   </trkpt>
   <trkpt lat="46.1970770" lon="13.7411320">
    <ele>233.3</ele>
   </trkpt>
   <trkpt lat="46.1971120" lon="13.7411570">
    <ele>233.0</ele>
   </trkpt>
   <trkpt lat="46.1971370" lon="13.7411870">
    <ele>232.7</ele>
   </trkpt>
   <trkpt lat="46.1971530" lon="13.7412150">
    <ele>232.4</ele>
   </trkpt>
   <trkpt lat="46.1971680" lon="13.7412480">
    <ele>232.1</ele>
   </trkpt>
   <trkpt lat="46.1971880" lon="13.7412750">
    <ele>231.9</ele>
   </trkpt>
   <trkpt lat="46.1972200" lon="13.7412900">
    <ele>231.7</ele>
   </trkpt>
   <trkpt lat="46.1972480" lon="13.7413000">
    <ele>231.6</ele>
   </trkpt>
   <trkpt lat="46.1972750" lon="13.7413070">
    <ele>231.5</ele>
   </trkpt>
   <trkpt lat="46.1973000" lon="13.7413100">
    <ele>231.5</ele>
   </trkpt>
   <trkpt lat="46.1973250" lon="13.7413230">
    <ele>231.6</ele>
   </trkpt>
   <trkpt lat="46.1973600" lon="13.7413380">
    <ele>231.7</ele>
   </trkpt>
   <trkpt lat="46.1973950" lon="13.7413570">
    <ele>231.8</ele>
   </trkpt>
   <trkpt lat="46.1974300" lon="13.7413770">
    <ele>232.0</ele>
   </trkpt>
   <trkpt lat="46.1974620" lon="13.7414100">
    <ele>232.1</ele>
   </trkpt>
   <trkpt lat="46.1974900" lon="13.7414400">
    <ele>232.2</ele>
   </trkpt>
   <trkpt lat="46.1975180" lon="13.7414720">
    <ele>232.2</ele>
   </trkpt>
   <trkpt lat="46.1975400" lon="13.7415030">
    <ele>232.1</ele>
   </trkpt>
   <trkpt lat="46.1975580" lon="13.7415350">
    <ele>232.0</ele>
   </trkpt>
   <trkpt lat="46.1975700" lon="13.7415730">
    <ele>231.8</ele>
   </trkpt>
   <trkpt lat="46.1975820" lon="13.7416170">
    <ele>231.5</ele>
   </trkpt>
   <trkpt lat="46.1975950" lon="13.7416570">
    <ele>231.2</ele>
   </trkpt>
   <trkpt lat="46.1976200" lon="13.7416880">
    <ele>230.7</ele>
   </trkpt>
   <trkpt lat="46.1976380" lon="13.7417130">
    <ele>230.4</ele>
   </trkpt>
   <trkpt lat="46.1976580" lon="13.7417330">
    <ele>230.1</ele>
   </trkpt>
   <trkpt lat="46.1976850" lon="13.7417530">
    <ele>229.7</ele>
   </trkpt>
   <trkpt lat="46.1977230" lon="13.7417650">
    <ele>229.3</ele>
   </trkpt>
   <trkpt lat="46.1977570" lon="13.7417700">
    <ele>229.0</ele>
   </trkpt>
   <trkpt lat="46.1977920" lon="13.7417730">
    <ele>228.9</ele>
   </trkpt>
   <trkpt lat="46.1978280" lon="13.7417720">
    <ele>228.8</ele>
   </trkpt>
   <trkpt lat="46.1978520" lon="13.7417630">
    <ele>228.8</ele>
   </trkpt>
   <trkpt lat="46.1978730" lon="13.7417580">
    <ele>228.9</ele>
   </trkpt>
   <trkpt lat="46.1979000" lon="13.7417630">
    <ele>228.9</ele>
   </trkpt>
   <trkpt lat="46.1979280" lon="13.7417650">
    <ele>229.0</ele>
   </trkpt>
   <trkpt lat="46.1979600" lon="13.7417630">
    <ele>229.1</ele>
   </trkpt>
   <trkpt lat="46.1979930" lon="13.7417720">
    <ele>229.3</ele>
   </trkpt>
   <trkpt lat="46.1980350" lon="13.7417800">
    <ele>229.4</ele>
   </trkpt>
   <trkpt lat="46.1980730" lon="13.7417950">
    <ele>229.6</ele>
   </trkpt>
   <trkpt lat="46.1980970" lon="13.7418170">
    <ele>229.6</ele>
   </trkpt>
   <trkpt lat="46.1981120" lon="13.7418470">
    <ele>229.6</ele>
   </trkpt>
   <trkpt lat="46.1981220" lon="13.7418780">
    <ele>229.6</ele>
   </trkpt>
   <trkpt lat="46.1981320" lon="13.7419030">
    <ele>229.6</ele>
   </trkpt>
   <trkpt lat="46.1981550" lon="13.7419180">
    <ele>229.5</ele>
   </trkpt>
   <trkpt lat="46.1981730" lon="13.7419350">
    <ele>229.3</ele>
   </trkpt>
   <trkpt lat="46.1981930" lon="13.7419520">
    <ele>229.2</ele>
   </trkpt>
   <trkpt lat="46.1982200" lon="13.7419670">
    <ele>229.0</ele>
   </trkpt>
   <trkpt lat="46.1982600" lon="13.7419870">
    <ele>228.7</ele>
   </trkpt>
   <trkpt lat="46.1982980" lon="13.7420180">
    <ele>228.6</ele>
   </trkpt>
   <trkpt lat="46.1983270" lon="13.7420480">
    <ele>228.5</ele>
   </trkpt>
   <trkpt lat="46.1983530" lon="13.7420830">
    <ele>228.6</ele>
   </trkpt>
   <trkpt lat="46.1983780" lon="13.7421150">
    <ele>228.8</ele>
   </trkpt>
   <trkpt lat="46.1984030" lon="13.7421450">
    <ele>229.0</ele>
   </trkpt>
   <trkpt lat="46.1984270" lon="13.7421630">
    <ele>229.3</ele>
   </trkpt>
   <trkpt lat="46.1984500" lon="13.7421820">
    <ele>229.7</ele>
   </trkpt>
   <trkpt lat="46.1984750" lon="13.7422020">
    <ele>230.1</ele>
   </trkpt>
   <trkpt lat="46.1985000" lon="13.7422200">
    <ele>230.5</ele>
   </trkpt>
   <trkpt lat="46.1985200" lon="13.7422370">
    <ele>230.8</ele>
   </trkpt>
   <trkpt lat="46.1985350" lon="13.7422600">
    <ele>231.2</ele>
   </trkpt>
   <trkpt lat="46.1985470" lon="13.7422830">
    <ele>231.5</ele>
   </trkpt>
   <trkpt lat="46.1985520" lon="13.7423030">
    <ele>231.8</ele>
   </trkpt>
   <trkpt lat="46.1985620" lon="13.7423130">
    <ele>232.0</ele>
   </trkpt>
   <trkpt lat="46.1985730" lon="13.7423170">
    <ele>232.1</ele>
   </trkpt>
   <trkpt lat="46.1985820" lon="13.7423200">
    <ele>232.3</ele>
   </trkpt>
   <trkpt lat="46.1985920" lon="13.7423230">
    <ele>232.5</ele>
   </trkpt>
   <trkpt lat="46.1986070" lon="13.7423250">
    <ele>232.7</ele>
   </trkpt>
   <trkpt lat="46.1986350" lon="13.7423230">
    <ele>233.2</ele>
   </trkpt>
   <trkpt lat="46.1986620" lon="13.7423170">
    <ele>233.5</ele>
   </trkpt>
   <trkpt lat="46.1986930" lon="13.7423050">
    <ele>233.9</ele>
   </trkpt>
   <trkpt lat="46.1987150" lon="13.7422970">
    <ele>234.2</ele>
   </trkpt>
   <trkpt lat="46.1987370" lon="13.7422870">
    <ele>234.5</ele>
   </trkpt>
   <trkpt lat="46.1987570" lon="13.7422700">
    <ele>234.8</ele>
   </trkpt>
   <trkpt lat="46.1987700" lon="13.7422430">
    <ele>234.2</ele>
   </trkpt>
   <trkpt lat="46.1987820" lon="13.7422200">
    <ele>233.7</ele>
   </trkpt>
   <trkpt lat="46.1987970" lon="13.7422000">
    <ele>233.2</ele>
   </trkpt>
   <trkpt lat="46.1988100" lon="13.7421830">
    <ele>232.8</ele>
   </trkpt>
   <trkpt lat="46.1988220" lon="13.7421600">
    <ele>232.2</ele>
   </trkpt>
   <trkpt lat="46.1988280" lon="13.7421320">
    <ele>231.6</ele>
   </trkpt>
   <trkpt lat="46.1988280" lon="13.7421030">
    <ele>231.0</ele>
   </trkpt>
   <trkpt lat="46.1988380" lon="13.7420800">
    <ele>230.5</ele>
   </trkpt>
   <trkpt lat="46.1988500" lon="13.7420620">
    <ele>229.9</ele>
   </trkpt>
   <trkpt lat="46.1988650" lon="13.7420430">
    <ele>229.3</ele>
   </trkpt>
   <trkpt lat="46.1988770" lon="13.7420230">
    <ele>228.7</ele>
   </trkpt>
   <trkpt lat="46.1988870" lon="13.7420020">
    <ele>228.1</ele>
   </trkpt>
   <trkpt lat="46.1989000" lon="13.7419780">
    <ele>227.4</ele>
   </trkpt>
   <trkpt lat="46.1989150" lon="13.7419620">
    <ele>226.8</ele>
   </trkpt>
   <trkpt lat="46.1989330" lon="13.7419550">
    <ele>226.2</ele>
   </trkpt>
   <trkpt lat="46.1989550" lon="13.7419580">
    <ele>225.4</ele>
   </trkpt>
   <trkpt lat="46.1989800" lon="13.7419720">
    <ele>224.6</ele>
   </trkpt>
   <trkpt lat="46.1990000" lon="13.7419950">
    <ele>223.9</ele>
   </trkpt>
   <trkpt lat="46.1990170" lon="13.7420280">
    <ele>223.2</ele>
   </trkpt>
   <trkpt lat="46.1990280" lon="13.7420700">
    <ele>222.4</ele>
   </trkpt>
   <trkpt lat="46.1990350" lon="13.7421130">
    <ele>221.6</ele>
   </trkpt>
   <trkpt lat="46.1990430" lon="13.7421530">
    <ele>220.9</ele>
   </trkpt>
   <trkpt lat="46.1990600" lon="13.7421730">
    <ele>220.3</ele>
   </trkpt>
   <trkpt lat="46.1990730" lon="13.7421700">
    <ele>220.0</ele>
   </trkpt>
   <trkpt lat="46.1990880" lon="13.7421480">
    <ele>219.4</ele>
   </trkpt>
   <trkpt lat="46.1991000" lon="13.7421220">
    <ele>218.7</ele>
   </trkpt>
   <trkpt lat="46.1991120" lon="13.7421020">
    <ele>218.2</ele>
   </trkpt>
   <trkpt lat="46.1991300" lon="13.7420930">
    <ele>217.5</ele>
   </trkpt>
   <trkpt lat="46.1991480" lon="13.7420900">
    <ele>217.0</ele>
   </trkpt>
   <trkpt lat="46.1991670" lon="13.7420980">
    <ele>216.3</ele>
   </trkpt>
   <trkpt lat="46.1991780" lon="13.7421180">
    <ele>215.7</ele>
   </trkpt>
   <trkpt lat="46.1991880" lon="13.7421380">
    <ele>215.2</ele>
   </trkpt>
   <trkpt lat="46.1991980" lon="13.7421550">
    <ele>214.6</ele>
   </trkpt>
   <trkpt lat="46.1992070" lon="13.7421720">
    <ele>214.1</ele>
   </trkpt>
   <trkpt lat="46.1992100" lon="13.7421900">
    <ele>213.7</ele>
   </trkpt>
   <trkpt lat="46.1992120" lon="13.7422080">
    <ele>213.2</ele>
   </trkpt>
   <trkpt lat="46.1992200" lon="13.7422220">
    <ele>212.8</ele>
   </trkpt>
   <trkpt lat="46.1992280" lon="13.7422330">
    <ele>212.4</ele>
   </trkpt>
   <trkpt lat="46.1992380" lon="13.7422470">
    <ele>211.9</ele>
   </trkpt>
   <trkpt lat="46.1992480" lon="13.7422580">
    <ele>211.4</ele>
   </trkpt>
   <trkpt lat="46.1992570" lon="13.7422670">
    <ele>211.0</ele>
   </trkpt>
   <trkpt lat="46.1992600" lon="13.7422650">
    <ele>210.9</ele>
   </trkpt>
   <trkpt lat="46.1992630" lon="13.7422480">
    <ele>210.4</ele>
   </trkpt>
   <trkpt lat="46.1992620" lon="13.7422280">
    <ele>209.9</ele>
   </trkpt>
   <trkpt lat="46.1992630" lon="13.7422050">
    <ele>209.3</ele>
   </trkpt>
   <trkpt lat="46.1992680" lon="13.7421870">
    <ele>208.8</ele>
   </trkpt>
   <trkpt lat="46.1992730" lon="13.7421750">
    <ele>208.4</ele>
   </trkpt>
   <trkpt lat="46.1992800" lon="13.7421770">
    <ele>208.2</ele>
   </trkpt>
   <trkpt lat="46.1992880" lon="13.7421830">
    <ele>207.8</ele>
   </trkpt>
   <trkpt lat="46.1992980" lon="13.7421920">
    <ele>207.4</ele>
   </trkpt>
   <trkpt lat="46.1993070" lon="13.7422030">
    <ele>206.9</ele>
   </trkpt>
   <trkpt lat="46.1993150" lon="13.7422120">
    <ele>206.6</ele>
   </trkpt>
   <trkpt lat="46.1993250" lon="13.7422150">
    <ele>206.2</ele>
   </trkpt>
   <trkpt lat="46.1993370" lon="13.7422180">
    <ele>205.7</ele>
   </trkpt>
   <trkpt lat="46.1993470" lon="13.7422300">
    <ele>205.3</ele>
   </trkpt>
   <trkpt lat="46.1993570" lon="13.7422470">
    <ele>204.7</ele>
   </trkpt>
   <trkpt lat="46.1993730" lon="13.7422600">
    <ele>204.0</ele>
   </trkpt>
   <trkpt lat="46.1993870" lon="13.7422800">
    <ele>203.4</ele>
   </trkpt>
   <trkpt lat="46.1993930" lon="13.7422980">
    <ele>203.0</ele>
   </trkpt>
   <trkpt lat="46.1993970" lon="13.7423120">
    <ele>202.6</ele>
   </trkpt>
   <trkpt lat="46.1993980" lon="13.7423270">
    <ele>202.3</ele>
   </trkpt>
   <trkpt lat="46.1994080" lon="13.7423430">
    <ele>201.9</ele>
   </trkpt>
   <trkpt lat="46.1994170" lon="13.7423770">
    <ele>201.2</ele>
   </trkpt>
   <trkpt lat="46.1994300" lon="13.7424000">
    <ele>200.6</ele>
   </trkpt>
   <trkpt lat="46.1994450" lon="13.7424120">
    <ele>200.2</ele>
   </trkpt>
   <trkpt lat="46.1994620" lon="13.7424270">
    <ele>199.7</ele>
   </trkpt>
   <trkpt lat="46.1994780" lon="13.7424350">
    <ele>199.3</ele>
   </trkpt>
   <trkpt lat="46.1994950" lon="13.7424400">
    <ele>198.9</ele>
   </trkpt>
   <trkpt lat="46.1995150" lon="13.7424480">
    <ele>198.4</ele>
   </trkpt>
   <trkpt lat="46.1995320" lon="13.7424530">
    <ele>198.4</ele>
   </trkpt>
   <trkpt lat="46.1995480" lon="13.7424550">
    <ele>198.4</ele>
   </trkpt>
   <trkpt lat="46.1995630" lon="13.7424550">
    <ele>198.4</ele>
   </trkpt>
   <trkpt lat="46.1995730" lon="13.7424600">
    <ele>198.5</ele>
   </trkpt>
   <trkpt lat="46.1995850" lon="13.7424680">
    <ele>198.5</ele>
   </trkpt>
   <trkpt lat="46.1995920" lon="13.7424820">
    <ele>198.5</ele>
   </trkpt>
   <trkpt lat="46.1996020" lon="13.7424830">
    <ele>198.5</ele>
   </trkpt>
   <trkpt lat="46.1996080" lon="13.7424780">
    <ele>198.5</ele>
   </trkpt>
   <trkpt lat="46.1996120" lon="13.7424770">
    <ele>198.5</ele>
   </trkpt>
   <trkpt lat="46.1996120" lon="13.7424700">
    <ele>198.5</ele>
   </trkpt>
   <trkpt lat="46.1996130" lon="13.7424630">
    <ele>198.5</ele>
   </trkpt>
   <trkpt lat="46.1996180" lon="13.7424480">
    <ele>198.5</ele>
   </trkpt>
   <trkpt lat="46.1996320" lon="13.7424330">
    <ele>198.4</ele>
   </trkpt>
   <trkpt lat="46.1996480" lon="13.7424170">
    <ele>198.3</ele>
   </trkpt>
   <trkpt lat="46.1996620" lon="13.7423970">
    <ele>198.3</ele>
   </trkpt>
   <trkpt lat="46.1996730" lon="13.7423680">
    <ele>198.2</ele>
   </trkpt>
   <trkpt lat="46.1996930" lon="13.7423480">
    <ele>198.1</ele>
   </trkpt>
   <trkpt lat="46.1997170" lon="13.7423330">
    <ele>198.0</ele>
   </trkpt>
   <trkpt lat="46.1997430" lon="13.7423170">
    <ele>197.9</ele>
   </trkpt>
   <trkpt lat="46.1997770" lon="13.7423120">
    <ele>197.7</ele>
   </trkpt>
   <trkpt lat="46.1998100" lon="13.7423100">
    <ele>197.6</ele>
   </trkpt>
   <trkpt lat="46.1998420" lon="13.7423030">
    <ele>197.4</ele>
   </trkpt>
   <trkpt lat="46.1998730" lon="13.7423000">
    <ele>197.3</ele>
   </trkpt>
   <trkpt lat="46.1999020" lon="13.7422980">
    <ele>197.3</ele>
   </trkpt>
   <trkpt lat="46.1999230" lon="13.7422900">
    <ele>197.3</ele>
   </trkpt>
   <trkpt lat="46.1999450" lon="13.7422730">
    <ele>197.4</ele>
   </trkpt>
   <trkpt lat="46.1999650" lon="13.7422550">
    <ele>197.5</ele>
   </trkpt>
   <trkpt lat="46.1999870" lon="13.7422400">
    <ele>197.6</ele>
   </trkpt>
   <trkpt lat="46.2000200" lon="13.7422480">
    <ele>197.8</ele>
   </trkpt>
   <trkpt lat="46.2000500" lon="13.7422550">
    <ele>197.9</ele>
   </trkpt>
   <trkpt lat="46.2000770" lon="13.7422580">
    <ele>198.0</ele>
   </trkpt>
   <trkpt lat="46.2000930" lon="13.7422630">
    <ele>198.0</ele>
   </trkpt>
   <trkpt lat="46.2001100" lon="13.7422700">
    <ele>198.0</ele>
   </trkpt>
   <trkpt lat="46.2001300" lon="13.7422900">
    <ele>197.9</ele>
   </trkpt>
   <trkpt lat="46.2001450" lon="13.7422970">
    <ele>197.8</ele>
   </trkpt>
   <trkpt lat="46.2001600" lon="13.7422950">
    <ele>197.7</ele>
   </trkpt>
   <trkpt lat="46.2001780" lon="13.7422970">
    <ele>197.6</ele>
   </trkpt>
   <trkpt lat="46.2001970" lon="13.7422970">
    <ele>197.3</ele>
   </trkpt>
   <trkpt lat="46.2001860" lon="13.7422730">
    <ele>196.7</ele>
   </trkpt>
   <trkpt lat="46.2001790" lon="13.7422600">
    <ele>196.5</ele>
   </trkpt>
   <trkpt lat="46.2001730" lon="13.7422470">
    <ele>196.3</ele>
   </trkpt>
   <trkpt lat="46.2001750" lon="13.7422770">
    <ele>195.9</ele>
   </trkpt>
   <trkpt lat="46.2001800" lon="13.7422750">
    <ele>195.9</ele>
   </trkpt>
   <trkpt lat="46.2001820" lon="13.7422600">
    <ele>195.7</ele>
   </trkpt>
   <trkpt lat="46.2001850" lon="13.7422380">
    <ele>195.4</ele>
   </trkpt>
   <trkpt lat="46.2001870" lon="13.7422120">
    <ele>195.2</ele>
   </trkpt>
   <trkpt lat="46.2001870" lon="13.7421920">
    <ele>195.0</ele>
   </trkpt>
   <trkpt lat="46.2001820" lon="13.7421750">
    <ele>194.8</ele>
   </trkpt>
   <trkpt lat="46.2001700" lon="13.7421620">
    <ele>194.5</ele>
   </trkpt>
   <trkpt lat="46.2001570" lon="13.7421520">
    <ele>194.2</ele>
   </trkpt>
   <trkpt lat="46.2001380" lon="13.7421380">
    <ele>193.8</ele>
   </trkpt>
   <trkpt lat="46.2001220" lon="13.7421250">
    <ele>193.8</ele>
   </trkpt>
   <trkpt lat="46.2001030" lon="13.7421070">
    <ele>193.9</ele>
   </trkpt>
   <trkpt lat="46.2000820" lon="13.7420900">
    <ele>194.0</ele>
   </trkpt>
   <trkpt lat="46.2000570" lon="13.7420770">
    <ele>194.1</ele>
   </trkpt>
   <trkpt lat="46.2000300" lon="13.7420620">
    <ele>194.3</ele>
   </trkpt>
   <trkpt lat="46.2000050" lon="13.7420520">
    <ele>194.5</ele>
   </trkpt>
   <trkpt lat="46.1999800" lon="13.7420470">
    <ele>194.7</ele>
   </trkpt>
   <trkpt lat="46.1999550" lon="13.7420450">
    <ele>194.9</ele>
   </trkpt>
   <trkpt lat="46.1999270" lon="13.7420370">
    <ele>195.1</ele>
   </trkpt>
   <trkpt lat="46.1999020" lon="13.7420230">
    <ele>195.3</ele>
   </trkpt>
   <trkpt lat="46.1998720" lon="13.7420080">
    <ele>195.5</ele>
   </trkpt>
   <trkpt lat="46.1998450" lon="13.7420080">
    <ele>195.7</ele>
   </trkpt>
   <trkpt lat="46.1998170" lon="13.7420230">
    <ele>196.0</ele>
   </trkpt>
   <trkpt lat="46.1997870" lon="13.7420430">
    <ele>196.3</ele>
   </trkpt>
   <trkpt lat="46.1997550" lon="13.7420530">
    <ele>196.7</ele>
   </trkpt>
   <trkpt lat="46.1997230" lon="13.7420570">
    <ele>197.2</ele>
   </trkpt>
   <trkpt lat="46.1996780" lon="13.7420530">
    <ele>198.1</ele>
   </trkpt>
   <trkpt lat="46.1996430" lon="13.7420350">
    <ele>199.1</ele>
   </trkpt>
   <trkpt lat="46.1996180" lon="13.7420150">
    <ele>200.1</ele>
   </trkpt>
   <trkpt lat="46.1996080" lon="13.7419900">
    <ele>200.8</ele>
   </trkpt>
   <trkpt lat="46.1996000" lon="13.7419620">
    <ele>201.5</ele>
   </trkpt>
   <trkpt lat="46.1995950" lon="13.7419350">
    <ele>202.3</ele>
   </trkpt>
   <trkpt lat="46.1995930" lon="13.7419120">
    <ele>202.8</ele>
   </trkpt>
   <trkpt lat="46.1995900" lon="13.7418900">
    <ele>203.4</ele>
   </trkpt>
   <trkpt lat="46.1995880" lon="13.7418720">
    <ele>203.8</ele>
   </trkpt>
   <trkpt lat="46.1995920" lon="13.7418480">
    <ele>204.4</ele>
   </trkpt>
   <trkpt lat="46.1995950" lon="13.7418300">
    <ele>204.8</ele>
   </trkpt>
   <trkpt lat="46.1995950" lon="13.7418120">
    <ele>205.2</ele>
   </trkpt>
   <trkpt lat="46.1995930" lon="13.7417950">
    <ele>205.5</ele>
   </trkpt>
   <trkpt lat="46.1995920" lon="13.7417780">
    <ele>205.9</ele>
   </trkpt>
   <trkpt lat="46.1995870" lon="13.7417550">
    <ele>206.3</ele>
   </trkpt>
   <trkpt lat="46.1995820" lon="13.7417370">
    <ele>206.6</ele>
   </trkpt>
   <trkpt lat="46.1995770" lon="13.7417170">
    <ele>207.0</ele>
   </trkpt>
   <trkpt lat="46.1995770" lon="13.7416930">
    <ele>207.4</ele>
   </trkpt>
   <trkpt lat="46.1995730" lon="13.7416720">
    <ele>207.7</ele>
   </trkpt>
   <trkpt lat="46.1995620" lon="13.7416550">
    <ele>208.0</ele>
   </trkpt>
   <trkpt lat="46.1995520" lon="13.7416350">
    <ele>208.3</ele>
   </trkpt>
   <trkpt lat="46.1995330" lon="13.7416080">
    <ele>208.8</ele>
   </trkpt>
   <trkpt lat="46.1995270" lon="13.7415920">
    <ele>209.0</ele>
   </trkpt>
   <trkpt lat="46.1995280" lon="13.7415930">
    <ele>209.0</ele>
   </trkpt>
   <trkpt lat="46.1995180" lon="13.7416170">
    <ele>209.3</ele>
   </trkpt>
   <trkpt lat="46.1994980" lon="13.7416550">
    <ele>209.6</ele>
   </trkpt>
   <trkpt lat="46.1994750" lon="13.7416880">
    <ele>209.7</ele>
   </trkpt>
   <trkpt lat="46.1994550" lon="13.7417000">
    <ele>209.7</ele>
   </trkpt>
   <trkpt lat="46.1994370" lon="13.7417220">
    <ele>209.8</ele>
   </trkpt>
   <trkpt lat="46.1994170" lon="13.7417400">
    <ele>209.8</ele>
   </trkpt>
   <trkpt lat="46.1993980" lon="13.7417630">
    <ele>209.9</ele>
   </trkpt>
   <trkpt lat="46.1993780" lon="13.7417870">
    <ele>210.0</ele>
   </trkpt>
   <trkpt lat="46.1993680" lon="13.7418080">
    <ele>210.0</ele>
   </trkpt>
   <trkpt lat="46.1993520" lon="13.7418430">
    <ele>210.1</ele>
   </trkpt>
   <trkpt lat="46.1993280" lon="13.7418500">
    <ele>210.2</ele>
   </trkpt>
   <trkpt lat="46.1992980" lon="13.7418420">
    <ele>210.3</ele>
   </trkpt>
   <trkpt lat="46.1992750" lon="13.7418180">
    <ele>211.1</ele>
   </trkpt>
   <trkpt lat="46.1992570" lon="13.7417750">
    <ele>212.1</ele>
   </trkpt>
   <trkpt lat="46.1992380" lon="13.7417470">
    <ele>213.0</ele>
   </trkpt>
   <trkpt lat="46.1992270" lon="13.7417400">
    <ele>213.4</ele>
   </trkpt>
   <trkpt lat="46.1992080" lon="13.7417200">
    <ele>214.1</ele>
   </trkpt>
   <trkpt lat="46.1991820" lon="13.7417030">
    <ele>215.1</ele>
   </trkpt>
   <trkpt lat="46.1991650" lon="13.7416820">
    <ele>216.0</ele>
   </trkpt>
   <trkpt lat="46.1991500" lon="13.7416650">
    <ele>216.7</ele>
   </trkpt>
   <trkpt lat="46.1991380" lon="13.7416450">
    <ele>217.4</ele>
   </trkpt>
   <trkpt lat="46.1991350" lon="13.7416300">
    <ele>217.8</ele>
   </trkpt>
   <trkpt lat="46.1991300" lon="13.7416150">
    <ele>218.3</ele>
   </trkpt>
   <trkpt lat="46.1991220" lon="13.7416030">
    <ele>218.7</ele>
   </trkpt>
   <trkpt lat="46.1991130" lon="13.7415800">
    <ele>219.3</ele>
   </trkpt>
   <trkpt lat="46.1991050" lon="13.7415650">
    <ele>219.6</ele>
   </trkpt>
   <trkpt lat="46.1990980" lon="13.7415520">
    <ele>219.9</ele>
   </trkpt>
   <trkpt lat="46.1990820" lon="13.7415370">
    <ele>220.4</ele>
   </trkpt>
   <trkpt lat="46.1990650" lon="13.7415280">
    <ele>220.9</ele>
   </trkpt>
   <trkpt lat="46.1990520" lon="13.7415200">
    <ele>221.3</ele>
   </trkpt>
   <trkpt lat="46.1990450" lon="13.7415080">
    <ele>221.6</ele>
   </trkpt>
   <trkpt lat="46.1990370" lon="13.7415000">
    <ele>221.8</ele>
   </trkpt>
   <trkpt lat="46.1990280" lon="13.7414920">
    <ele>222.1</ele>
   </trkpt>
   <trkpt lat="46.1990130" lon="13.7414820">
    <ele>222.6</ele>
   </trkpt>
   <trkpt lat="46.1990050" lon="13.7414650">
    <ele>222.9</ele>
   </trkpt>
   <trkpt lat="46.1989780" lon="13.7414420">
    <ele>223.2</ele>
   </trkpt>
   <trkpt lat="46.1989650" lon="13.7414300">
    <ele>223.3</ele>
   </trkpt>
   <trkpt lat="46.1989480" lon="13.7414280">
    <ele>223.4</ele>
   </trkpt>
   <trkpt lat="46.1989350" lon="13.7414050">
    <ele>223.5</ele>
   </trkpt>
   <trkpt lat="46.1989150" lon="13.7413900">
    <ele>223.6</ele>
   </trkpt>
   <trkpt lat="46.1988950" lon="13.7413770">
    <ele>223.6</ele>
   </trkpt>
   <trkpt lat="46.1988750" lon="13.7413650">
    <ele>223.7</ele>
   </trkpt>
   <trkpt lat="46.1988530" lon="13.7413500">
    <ele>223.7</ele>
   </trkpt>
   <trkpt lat="46.1988350" lon="13.7413350">
    <ele>223.6</ele>
   </trkpt>
   <trkpt lat="46.1988180" lon="13.7413180">
    <ele>223.6</ele>
   </trkpt>
   <trkpt lat="46.1988000" lon="13.7413000">
    <ele>223.5</ele>
   </trkpt>
   <trkpt lat="46.1987780" lon="13.7412850">
    <ele>223.4</ele>
   </trkpt>
   <trkpt lat="46.1987550" lon="13.7412680">
    <ele>223.3</ele>
   </trkpt>
   <trkpt lat="46.1987320" lon="13.7412480">
    <ele>223.2</ele>
   </trkpt>
   <trkpt lat="46.1987050" lon="13.7412300">
    <ele>223.1</ele>
   </trkpt>
   <trkpt lat="46.1986780" lon="13.7412130">
    <ele>223.1</ele>
   </trkpt>
   <trkpt lat="46.1986530" lon="13.7411950">
    <ele>223.1</ele>
   </trkpt>
   <trkpt lat="46.1986280" lon="13.7411700">
    <ele>223.1</ele>
   </trkpt>
   <trkpt lat="46.1986070" lon="13.7411430">
    <ele>223.1</ele>
   </trkpt>
   <trkpt lat="46.1985850" lon="13.7411150">
    <ele>223.2</ele>
   </trkpt>
   <trkpt lat="46.1985650" lon="13.7410830">
    <ele>223.3</ele>
   </trkpt>
   <trkpt lat="46.1985470" lon="13.7410480">
    <ele>223.4</ele>
   </trkpt>
   <trkpt lat="46.1985370" lon="13.7410030">
    <ele>223.5</ele>
   </trkpt>
   <trkpt lat="46.1985150" lon="13.7409600">
    <ele>223.7</ele>
   </trkpt>
   <trkpt lat="46.1984970" lon="13.7409270">
    <ele>223.8</ele>
   </trkpt>
   <trkpt lat="46.1984770" lon="13.7408920">
    <ele>223.9</ele>
   </trkpt>
   <trkpt lat="46.1984500" lon="13.7408480">
    <ele>224.2</ele>
   </trkpt>
   <trkpt lat="46.1984250" lon="13.7408120">
    <ele>224.4</ele>
   </trkpt>
   <trkpt lat="46.1984020" lon="13.7407780">
    <ele>224.8</ele>
   </trkpt>
   <trkpt lat="46.1983830" lon="13.7407520">
    <ele>225.1</ele>
   </trkpt>
   <trkpt lat="46.1983670" lon="13.7407250">
    <ele>225.4</ele>
   </trkpt>
   <trkpt lat="46.1983520" lon="13.7406970">
    <ele>225.7</ele>
   </trkpt>
   <trkpt lat="46.1983380" lon="13.7406750">
    <ele>226.0</ele>
   </trkpt>
   <trkpt lat="46.1983230" lon="13.7406520">
    <ele>226.4</ele>
   </trkpt>
   <trkpt lat="46.1983120" lon="13.7406250">
    <ele>226.7</ele>
   </trkpt>
   <trkpt lat="46.1983020" lon="13.7405970">
    <ele>227.1</ele>
   </trkpt>
   <trkpt lat="46.1982950" lon="13.7405670">
    <ele>227.6</ele>
   </trkpt>
   <trkpt lat="46.1982900" lon="13.7405370">
    <ele>228.1</ele>
   </trkpt>
   <trkpt lat="46.1982870" lon="13.7405050">
    <ele>228.7</ele>
   </trkpt>
   <trkpt lat="46.1982820" lon="13.7404770">
    <ele>229.1</ele>
   </trkpt>
   <trkpt lat="46.1982750" lon="13.7404480">
    <ele>229.6</ele>
   </trkpt>
   <trkpt lat="46.1982700" lon="13.7404250">
    <ele>229.9</ele>
   </trkpt>
   <trkpt lat="46.1982650" lon="13.7404030">
    <ele>230.0</ele>
   </trkpt>
   <trkpt lat="46.1982580" lon="13.7403830">
    <ele>230.2</ele>
   </trkpt>
   <trkpt lat="46.1982550" lon="13.7403650">
    <ele>230.4</ele>
   </trkpt>
   <trkpt lat="46.1982550" lon="13.7403500">
    <ele>230.5</ele>
   </trkpt>
   <trkpt lat="46.1982450" lon="13.7403130">
    <ele>230.8</ele>
   </trkpt>
   <trkpt lat="46.1982300" lon="13.7402850">
    <ele>231.0</ele>
   </trkpt>
   <trkpt lat="46.1982050" lon="13.7402700">
    <ele>231.2</ele>
   </trkpt>
   <trkpt lat="46.1981730" lon="13.7402480">
    <ele>231.4</ele>
   </trkpt>
   <trkpt lat="46.1981470" lon="13.7402280">
    <ele>231.5</ele>
   </trkpt>
   <trkpt lat="46.1981200" lon="13.7402070">
    <ele>231.4</ele>
   </trkpt>
   <trkpt lat="46.1980950" lon="13.7401870">
    <ele>231.3</ele>
   </trkpt>
   <trkpt lat="46.1980650" lon="13.7401600">
    <ele>231.1</ele>
   </trkpt>
   <trkpt lat="46.1980350" lon="13.7401380">
    <ele>230.9</ele>
   </trkpt>
   <trkpt lat="46.1980030" lon="13.7401180">
    <ele>230.8</ele>
   </trkpt>
   <trkpt lat="46.1979670" lon="13.7400920">
    <ele>230.5</ele>
   </trkpt>
   <trkpt lat="46.1979280" lon="13.7400530">
    <ele>230.3</ele>
   </trkpt>
   <trkpt lat="46.1979020" lon="13.7400150">
    <ele>230.1</ele>
   </trkpt>
   <trkpt lat="46.1978800" lon="13.7399780">
    <ele>230.0</ele>
   </trkpt>
   <trkpt lat="46.1978580" lon="13.7399450">
    <ele>229.8</ele>
   </trkpt>
   <trkpt lat="46.1978300" lon="13.7399130">
    <ele>229.7</ele>
   </trkpt>
   <trkpt lat="46.1978000" lon="13.7398880">
    <ele>229.6</ele>
   </trkpt>
   <trkpt lat="46.1977730" lon="13.7398620">
    <ele>229.4</ele>
   </trkpt>
   <trkpt lat="46.1977450" lon="13.7398370">
    <ele>229.3</ele>
   </trkpt>
   <trkpt lat="46.1977170" lon="13.7398080">
    <ele>229.1</ele>
   </trkpt>
   <trkpt lat="46.1976880" lon="13.7397780">
    <ele>229.0</ele>
   </trkpt>
   <trkpt lat="46.1976630" lon="13.7397430">
    <ele>228.9</ele>
   </trkpt>
   <trkpt lat="46.1976370" lon="13.7397100">
    <ele>228.7</ele>
   </trkpt>
   <trkpt lat="46.1976100" lon="13.7396770">
    <ele>228.6</ele>
   </trkpt>
   <trkpt lat="46.1975830" lon="13.7396470">
    <ele>228.4</ele>
   </trkpt>
   <trkpt lat="46.1975580" lon="13.7396130">
    <ele>228.3</ele>
   </trkpt>
   <trkpt lat="46.1975320" lon="13.7395800">
    <ele>228.1</ele>
   </trkpt>
   <trkpt lat="46.1975070" lon="13.7395500">
    <ele>228.0</ele>
   </trkpt>
   <trkpt lat="46.1974830" lon="13.7395280">
    <ele>227.9</ele>
   </trkpt>
   <trkpt lat="46.1974550" lon="13.7395130">
    <ele>227.8</ele>
   </trkpt>
   <trkpt lat="46.1974220" lon="13.7395100">
    <ele>227.6</ele>
   </trkpt>
   <trkpt lat="46.1973880" lon="13.7395100">
    <ele>227.4</ele>
   </trkpt>
   <trkpt lat="46.1973520" lon="13.7395000">
    <ele>227.2</ele>
   </trkpt>
   <trkpt lat="46.1973180" lon="13.7394870">
    <ele>227.0</ele>
   </trkpt>
   <trkpt lat="46.1972870" lon="13.7394720">
    <ele>226.9</ele>
   </trkpt>
   <trkpt lat="46.1972530" lon="13.7394530">
    <ele>226.8</ele>
   </trkpt>
   <trkpt lat="46.1972200" lon="13.7394370">
    <ele>226.7</ele>
   </trkpt>
   <trkpt lat="46.1971880" lon="13.7394250">
    <ele>226.6</ele>
   </trkpt>
   <trkpt lat="46.1971570" lon="13.7394080">
    <ele>226.5</ele>
   </trkpt>
   <trkpt lat="46.1971220" lon="13.7393980">
    <ele>226.4</ele>
   </trkpt>
   <trkpt lat="46.1970850" lon="13.7393920">
    <ele>226.3</ele>
   </trkpt>
   <trkpt lat="46.1970470" lon="13.7393820">
    <ele>226.2</ele>
   </trkpt>
   <trkpt lat="46.1970080" lon="13.7393680">
    <ele>226.1</ele>
   </trkpt>
   <trkpt lat="46.1969700" lon="13.7393530">
    <ele>226.0</ele>
   </trkpt>
   <trkpt lat="46.1969320" lon="13.7393350">
    <ele>225.8</ele>
   </trkpt>
   <trkpt lat="46.1968930" lon="13.7393180">
    <ele>225.7</ele>
   </trkpt>
   <trkpt lat="46.1968530" lon="13.7392950">
    <ele>225.6</ele>
   </trkpt>
   <trkpt lat="46.1968130" lon="13.7392730">
    <ele>225.5</ele>
   </trkpt>
   <trkpt lat="46.1967770" lon="13.7392480">
    <ele>225.5</ele>
   </trkpt>
   <trkpt lat="46.1967430" lon="13.7392200">
    <ele>225.4</ele>
   </trkpt>
   <trkpt lat="46.1967100" lon="13.7391920">
    <ele>225.3</ele>
   </trkpt>
   <trkpt lat="46.1966780" lon="13.7391630">
    <ele>225.3</ele>
   </trkpt>
   <trkpt lat="46.1966480" lon="13.7391330">
    <ele>225.2</ele>
   </trkpt>
   <trkpt lat="46.1966130" lon="13.7391080">
    <ele>225.2</ele>
   </trkpt>
   <trkpt lat="46.1965780" lon="13.7390780">
    <ele>225.2</ele>
   </trkpt>
   <trkpt lat="46.1965450" lon="13.7390480">
    <ele>225.1</ele>
   </trkpt>
   <trkpt lat="46.1965120" lon="13.7390200">
    <ele>225.1</ele>
   </trkpt>
   <trkpt lat="46.1964800" lon="13.7389880">
    <ele>225.1</ele>
   </trkpt>
   <trkpt lat="46.1964450" lon="13.7389600">
    <ele>225.1</ele>
   </trkpt>
   <trkpt lat="46.1964100" lon="13.7389320">
    <ele>225.1</ele>
   </trkpt>
   <trkpt lat="46.1963770" lon="13.7389020">
    <ele>225.1</ele>
   </trkpt>
   <trkpt lat="46.1963430" lon="13.7388730">
    <ele>225.0</ele>
   </trkpt>
   <trkpt lat="46.1963100" lon="13.7388450">
    <ele>225.0</ele>
   </trkpt>
   <trkpt lat="46.1962770" lon="13.7388180">
    <ele>225.0</ele>
   </trkpt>
   <trkpt lat="46.1962450" lon="13.7387930">
    <ele>225.0</ele>
   </trkpt>
   <trkpt lat="46.1962120" lon="13.7387670">
    <ele>225.0</ele>
   </trkpt>
   <trkpt lat="46.1961750" lon="13.7387450">
    <ele>225.0</ele>
   </trkpt>
   <trkpt lat="46.1961380" lon="13.7387180">
    <ele>225.0</ele>
   </trkpt>
   <trkpt lat="46.1961030" lon="13.7386930">
    <ele>224.9</ele>
   </trkpt>
   <trkpt lat="46.1960670" lon="13.7386700">
    <ele>224.9</ele>
   </trkpt>
   <trkpt lat="46.1960330" lon="13.7386420">
    <ele>224.8</ele>
   </trkpt>
   <trkpt lat="46.1960020" lon="13.7386100">
    <ele>224.7</ele>
   </trkpt>
   <trkpt lat="46.1959730" lon="13.7385780">
    <ele>224.7</ele>
   </trkpt>
   <trkpt lat="46.1959400" lon="13.7385470">
    <ele>224.6</ele>
   </trkpt>
   <trkpt lat="46.1959100" lon="13.7385150">
    <ele>224.5</ele>
   </trkpt>
   <trkpt lat="46.1958800" lon="13.7384850">
    <ele>224.4</ele>
   </trkpt>
   <trkpt lat="46.1958500" lon="13.7384520">
    <ele>224.3</ele>
   </trkpt>
   <trkpt lat="46.1958180" lon="13.7384230">
    <ele>224.2</ele>
   </trkpt>
   <trkpt lat="46.1957850" lon="13.7383950">
    <ele>224.2</ele>
   </trkpt>
   <trkpt lat="46.1957520" lon="13.7383650">
    <ele>224.1</ele>
   </trkpt>
   <trkpt lat="46.1957180" lon="13.7383380">
    <ele>224.0</ele>
   </trkpt>
   <trkpt lat="46.1956830" lon="13.7383120">
    <ele>223.9</ele>
   </trkpt>
   <trkpt lat="46.1956480" lon="13.7382870">
    <ele>223.8</ele>
   </trkpt>
   <trkpt lat="46.1956120" lon="13.7382600">
    <ele>223.7</ele>
   </trkpt>
   <trkpt lat="46.1955770" lon="13.7382350">
    <ele>223.7</ele>
   </trkpt>
   <trkpt lat="46.1955420" lon="13.7382080">
    <ele>223.6</ele>
   </trkpt>
   <trkpt lat="46.1955100" lon="13.7381780">
    <ele>223.6</ele>
   </trkpt>
   <trkpt lat="46.1954820" lon="13.7381420">
    <ele>223.5</ele>
   </trkpt>
   <trkpt lat="46.1954580" lon="13.7381000">
    <ele>223.5</ele>
   </trkpt>
   <trkpt lat="46.1954370" lon="13.7380530">
    <ele>223.5</ele>
   </trkpt>
   <trkpt lat="46.1954150" lon="13.7380070">
    <ele>223.5</ele>
   </trkpt>
   <trkpt lat="46.1953920" lon="13.7379670">
    <ele>223.5</ele>
   </trkpt>
   <trkpt lat="46.1953670" lon="13.7379350">
    <ele>223.5</ele>
   </trkpt>
   <trkpt lat="46.1953380" lon="13.7379070">
    <ele>223.5</ele>
   </trkpt>
   <trkpt lat="46.1953070" lon="13.7378750">
    <ele>223.4</ele>
   </trkpt>
   <trkpt lat="46.1952770" lon="13.7378430">
    <ele>223.4</ele>
   </trkpt>
   <trkpt lat="46.1952450" lon="13.7378100">
    <ele>223.4</ele>
   </trkpt>
   <trkpt lat="46.1952150" lon="13.7377780">
    <ele>223.4</ele>
   </trkpt>
   <trkpt lat="46.1951870" lon="13.7377430">
    <ele>223.4</ele>
   </trkpt>
   <trkpt lat="46.1951600" lon="13.7377080">
    <ele>223.4</ele>
   </trkpt>
   <trkpt lat="46.1951300" lon="13.7376720">
    <ele>223.4</ele>
   </trkpt>
   <trkpt lat="46.1951020" lon="13.7376380">
    <ele>223.4</ele>
   </trkpt>
   <trkpt lat="46.1950730" lon="13.7376020">
    <ele>223.3</ele>
   </trkpt>
   <trkpt lat="46.1950430" lon="13.7375630">
    <ele>223.3</ele>
   </trkpt>
   <trkpt lat="46.1950150" lon="13.7375250">
    <ele>223.3</ele>
   </trkpt>
   <trkpt lat="46.1949850" lon="13.7374870">
    <ele>223.3</ele>
   </trkpt>
   <trkpt lat="46.1949570" lon="13.7374500">
    <ele>223.3</ele>
   </trkpt>
   <trkpt lat="46.1949250" lon="13.7374150">
    <ele>223.2</ele>
   </trkpt>
   <trkpt lat="46.1948950" lon="13.7373780">
    <ele>223.2</ele>
   </trkpt>
   <trkpt lat="46.1948670" lon="13.7373430">
    <ele>223.2</ele>
   </trkpt>
   <trkpt lat="46.1948370" lon="13.7373080">
    <ele>223.2</ele>
   </trkpt>
   <trkpt lat="46.1948070" lon="13.7372720">
    <ele>223.2</ele>
   </trkpt>
   <trkpt lat="46.1947770" lon="13.7372330">
    <ele>223.1</ele>
   </trkpt>
   <trkpt lat="46.1947480" lon="13.7371970">
    <ele>223.1</ele>
   </trkpt>
   <trkpt lat="46.1947180" lon="13.7371620">
    <ele>223.1</ele>
   </trkpt>
   <trkpt lat="46.1946900" lon="13.7371220">
    <ele>223.0</ele>
   </trkpt>
   <trkpt lat="46.1946620" lon="13.7370850">
    <ele>223.0</ele>
   </trkpt>
   <trkpt lat="46.1946330" lon="13.7370480">
    <ele>222.9</ele>
   </trkpt>
   <trkpt lat="46.1946070" lon="13.7370080">
    <ele>222.9</ele>
   </trkpt>
   <trkpt lat="46.1945800" lon="13.7369650">
    <ele>222.8</ele>
   </trkpt>
   <trkpt lat="46.1945530" lon="13.7369220">
    <ele>222.8</ele>
   </trkpt>
   <trkpt lat="46.1945280" lon="13.7368800">
    <ele>222.7</ele>
   </trkpt>
   <trkpt lat="46.1945030" lon="13.7368380">
    <ele>222.6</ele>
   </trkpt>
   <trkpt lat="46.1944750" lon="13.7367950">
    <ele>222.6</ele>
   </trkpt>
   <trkpt lat="46.1944480" lon="13.7367550">
    <ele>222.5</ele>
   </trkpt>
   <trkpt lat="46.1944200" lon="13.7367180">
    <ele>222.4</ele>
   </trkpt>
   <trkpt lat="46.1943880" lon="13.7366800">
    <ele>222.3</ele>
   </trkpt>
   <trkpt lat="46.1943600" lon="13.7366470">
    <ele>222.1</ele>
   </trkpt>
   <trkpt lat="46.1943280" lon="13.7366180">
    <ele>221.7</ele>
   </trkpt>
   <trkpt lat="46.1942950" lon="13.7365980">
    <ele>221.4</ele>
   </trkpt>
   <trkpt lat="46.1942630" lon="13.7365930">
    <ele>221.1</ele>
   </trkpt>
   <trkpt lat="46.1942250" lon="13.7365980">
    <ele>220.7</ele>
   </trkpt>
   <trkpt lat="46.1941850" lon="13.7366130">
    <ele>220.3</ele>
   </trkpt>
   <trkpt lat="46.1941450" lon="13.7366330">
    <ele>219.9</ele>
   </trkpt>
   <trkpt lat="46.1941020" lon="13.7366550">
    <ele>219.4</ele>
   </trkpt>
   <trkpt lat="46.1940600" lon="13.7366670">
    <ele>219.1</ele>
   </trkpt>
   <trkpt lat="46.1940170" lon="13.7366700">
    <ele>218.8</ele>
   </trkpt>
   <trkpt lat="46.1939750" lon="13.7366670">
    <ele>218.5</ele>
   </trkpt>
   <trkpt lat="46.1939300" lon="13.7366550">
    <ele>218.2</ele>
   </trkpt>
   <trkpt lat="46.1938900" lon="13.7366380">
    <ele>218.0</ele>
   </trkpt>
   <trkpt lat="46.1938480" lon="13.7366170">
    <ele>217.8</ele>
   </trkpt>
   <trkpt lat="46.1938100" lon="13.7365950">
    <ele>217.6</ele>
   </trkpt>
   <trkpt lat="46.1937720" lon="13.7365680">
    <ele>217.4</ele>
   </trkpt>
   <trkpt lat="46.1937350" lon="13.7365420">
    <ele>217.2</ele>
   </trkpt>
   <trkpt lat="46.1937000" lon="13.7365120">
    <ele>217.1</ele>
   </trkpt>
   <trkpt lat="46.1936630" lon="13.7364800">
    <ele>216.9</ele>
   </trkpt>
   <trkpt lat="46.1936280" lon="13.7364500">
    <ele>216.8</ele>
   </trkpt>
   <trkpt lat="46.1935930" lon="13.7364220">
    <ele>216.6</ele>
   </trkpt>
   <trkpt lat="46.1935580" lon="13.7363950">
    <ele>216.5</ele>
   </trkpt>
   <trkpt lat="46.1935230" lon="13.7363670">
    <ele>216.3</ele>
   </trkpt>
   <trkpt lat="46.1934880" lon="13.7363400">
    <ele>216.2</ele>
   </trkpt>
   <trkpt lat="46.1934520" lon="13.7363120">
    <ele>216.0</ele>
   </trkpt>
   <trkpt lat="46.1934170" lon="13.7362830">
    <ele>215.9</ele>
   </trkpt>
   <trkpt lat="46.1933820" lon="13.7362570">
    <ele>215.8</ele>
   </trkpt>
   <trkpt lat="46.1933470" lon="13.7362320">
    <ele>215.7</ele>
   </trkpt>
   <trkpt lat="46.1933100" lon="13.7362070">
    <ele>215.6</ele>
   </trkpt>
   <trkpt lat="46.1932730" lon="13.7361830">
    <ele>215.5</ele>
   </trkpt>
   <trkpt lat="46.1932330" lon="13.7361620">
    <ele>215.3</ele>
   </trkpt>
   <trkpt lat="46.1932030" lon="13.7361430">
    <ele>215.2</ele>
   </trkpt>
   <trkpt lat="46.1931550" lon="13.7361150">
    <ele>215.0</ele>
   </trkpt>
   <trkpt lat="46.1931130" lon="13.7360900">
    <ele>214.7</ele>
   </trkpt>
   <trkpt lat="46.1930750" lon="13.7360600">
    <ele>214.5</ele>
   </trkpt>
   <trkpt lat="46.1930420" lon="13.7360220">
    <ele>214.4</ele>
   </trkpt>
   <trkpt lat="46.1930120" lon="13.7359780">
    <ele>214.3</ele>
   </trkpt>
   <trkpt lat="46.1929870" lon="13.7359300">
    <ele>214.2</ele>
   </trkpt>
   <trkpt lat="46.1929650" lon="13.7358800">
    <ele>214.2</ele>
   </trkpt>
   <trkpt lat="46.1929420" lon="13.7358320">
    <ele>214.2</ele>
   </trkpt>
   <trkpt lat="46.1929220" lon="13.7357950">
    <ele>214.3</ele>
   </trkpt>
   <trkpt lat="46.1928950" lon="13.7357530">
    <ele>214.3</ele>
   </trkpt>
   <trkpt lat="46.1928620" lon="13.7357030">
    <ele>214.5</ele>
   </trkpt>
   <trkpt lat="46.1928350" lon="13.7356650">
    <ele>214.7</ele>
   </trkpt>
   <trkpt lat="46.1928080" lon="13.7356300">
    <ele>214.9</ele>
   </trkpt>
   <trkpt lat="46.1927850" lon="13.7355930">
    <ele>215.1</ele>
   </trkpt>
   <trkpt lat="46.1927670" lon="13.7355620">
    <ele>215.3</ele>
   </trkpt>
   <trkpt lat="46.1927480" lon="13.7355280">
    <ele>215.5</ele>
   </trkpt>
   <trkpt lat="46.1927250" lon="13.7354930">
    <ele>215.7</ele>
   </trkpt>
   <trkpt lat="46.1927030" lon="13.7354530">
    <ele>216.0</ele>
   </trkpt>
   <trkpt lat="46.1926850" lon="13.7354120">
    <ele>216.3</ele>
   </trkpt>
   <trkpt lat="46.1926650" lon="13.7353770">
    <ele>216.5</ele>
   </trkpt>
   <trkpt lat="46.1926450" lon="13.7353380">
    <ele>216.9</ele>
   </trkpt>
   <trkpt lat="46.1926320" lon="13.7353030">
    <ele>217.1</ele>
   </trkpt>
   <trkpt lat="46.1926180" lon="13.7352720">
    <ele>217.4</ele>
   </trkpt>
   <trkpt lat="46.1926000" lon="13.7352400">
    <ele>217.7</ele>
   </trkpt>
   <trkpt lat="46.1925830" lon="13.7352070">
    <ele>218.0</ele>
   </trkpt>
   <trkpt lat="46.1925680" lon="13.7351830">
    <ele>218.2</ele>
   </trkpt>
   <trkpt lat="46.1925470" lon="13.7351470">
    <ele>218.6</ele>
   </trkpt>
   <trkpt lat="46.1925120" lon="13.7351170">
    <ele>219.1</ele>
   </trkpt>
   <trkpt lat="46.1924830" lon="13.7350900">
    <ele>219.5</ele>
   </trkpt>
   <trkpt lat="46.1924630" lon="13.7350600">
    <ele>219.8</ele>
   </trkpt>
   <trkpt lat="46.1924420" lon="13.7350330">
    <ele>220.2</ele>
   </trkpt>
   <trkpt lat="46.1924220" lon="13.7350070">
    <ele>220.5</ele>
   </trkpt>
   <trkpt lat="46.1924020" lon="13.7349820">
    <ele>220.8</ele>
   </trkpt>
   <trkpt lat="46.1923830" lon="13.7349620">
    <ele>221.0</ele>
   </trkpt>
   <trkpt lat="46.1923620" lon="13.7349400">
    <ele>221.3</ele>
   </trkpt>
   <trkpt lat="46.1923380" lon="13.7349220">
    <ele>221.6</ele>
   </trkpt>
   <trkpt lat="46.1923130" lon="13.7349070">
    <ele>221.9</ele>
   </trkpt>
   <trkpt lat="46.1922820" lon="13.7348850">
    <ele>222.3</ele>
   </trkpt>
   <trkpt lat="46.1922620" lon="13.7348670">
    <ele>222.5</ele>
   </trkpt>
   <trkpt lat="46.1922370" lon="13.7348420">
    <ele>222.8</ele>
   </trkpt>
   <trkpt lat="46.1922150" lon="13.7348200">
    <ele>223.1</ele>
   </trkpt>
   <trkpt lat="46.1921950" lon="13.7347980">
    <ele>223.3</ele>
   </trkpt>
   <trkpt lat="46.1921770" lon="13.7347680">
    <ele>223.5</ele>
   </trkpt>
   <trkpt lat="46.1921630" lon="13.7347320">
    <ele>223.7</ele>
   </trkpt>
   <trkpt lat="46.1921520" lon="13.7346880">
    <ele>223.9</ele>
   </trkpt>
   <trkpt lat="46.1921380" lon="13.7346420">
    <ele>224.1</ele>
   </trkpt>
   <trkpt lat="46.1921250" lon="13.7345970">
    <ele>224.2</ele>
   </trkpt>
   <trkpt lat="46.1921120" lon="13.7345500">
    <ele>224.3</ele>
   </trkpt>
   <trkpt lat="46.1921000" lon="13.7344900">
    <ele>224.5</ele>
   </trkpt>
   <trkpt lat="46.1920870" lon="13.7344520">
    <ele>224.5</ele>
   </trkpt>
   <trkpt lat="46.1920680" lon="13.7344050">
    <ele>224.6</ele>
   </trkpt>
   <trkpt lat="46.1920530" lon="13.7343670">
    <ele>224.7</ele>
   </trkpt>
   <trkpt lat="46.1920300" lon="13.7343280">
    <ele>224.7</ele>
   </trkpt>
   <trkpt lat="46.1920080" lon="13.7342900">
    <ele>224.8</ele>
   </trkpt>
   <trkpt lat="46.1919830" lon="13.7342570">
    <ele>224.8</ele>
   </trkpt>
   <trkpt lat="46.1919580" lon="13.7342220">
    <ele>224.8</ele>
   </trkpt>
   <trkpt lat="46.1919320" lon="13.7341880">
    <ele>224.9</ele>
   </trkpt>
   <trkpt lat="46.1919050" lon="13.7341550">
    <ele>224.9</ele>
   </trkpt>
   <trkpt lat="46.1918870" lon="13.7341270">
    <ele>224.9</ele>
   </trkpt>
   <trkpt lat="46.1918530" lon="13.7340850">
    <ele>224.9</ele>
   </trkpt>
   <trkpt lat="46.1918250" lon="13.7340520">
    <ele>224.8</ele>
   </trkpt>
   <trkpt lat="46.1917980" lon="13.7340150">
    <ele>224.7</ele>
   </trkpt>
   <trkpt lat="46.1917750" lon="13.7339750">
    <ele>224.6</ele>
   </trkpt>
   <trkpt lat="46.1917530" lon="13.7339330">
    <ele>224.4</ele>
   </trkpt>
   <trkpt lat="46.1917400" lon="13.7338980">
    <ele>224.2</ele>
   </trkpt>
   <trkpt lat="46.1917150" lon="13.7338450">
    <ele>223.9</ele>
   </trkpt>
   <trkpt lat="46.1916930" lon="13.7338020">
    <ele>223.8</ele>
   </trkpt>
   <trkpt lat="46.1916770" lon="13.7337630">
    <ele>223.7</ele>
   </trkpt>
   <trkpt lat="46.1916550" lon="13.7337130">
    <ele>223.7</ele>
   </trkpt>
   <trkpt lat="46.1916270" lon="13.7336570">
    <ele>224.0</ele>
   </trkpt>
   <trkpt lat="46.1916050" lon="13.7336200">
    <ele>224.3</ele>
   </trkpt>
   <trkpt lat="46.1915800" lon="13.7335900">
    <ele>224.7</ele>
   </trkpt>
   <trkpt lat="46.1915570" lon="13.7335600">
    <ele>225.1</ele>
   </trkpt>
   <trkpt lat="46.1915380" lon="13.7335380">
    <ele>225.5</ele>
   </trkpt>
   <trkpt lat="46.1915100" lon="13.7335080">
    <ele>226.1</ele>
   </trkpt>
   <trkpt lat="46.1914920" lon="13.7334900">
    <ele>226.4</ele>
   </trkpt>
   <trkpt lat="46.1914770" lon="13.7334750">
    <ele>226.7</ele>
   </trkpt>
   <trkpt lat="46.1914580" lon="13.7334550">
    <ele>227.0</ele>
   </trkpt>
   <trkpt lat="46.1914380" lon="13.7334330">
    <ele>227.3</ele>
   </trkpt>
   <trkpt lat="46.1914130" lon="13.7334070">
    <ele>227.6</ele>
   </trkpt>
   <trkpt lat="46.1913950" lon="13.7333880">
    <ele>227.7</ele>
   </trkpt>
   <trkpt lat="46.1913700" lon="13.7333600">
    <ele>227.8</ele>
   </trkpt>
   <trkpt lat="46.1913430" lon="13.7333370">
    <ele>227.8</ele>
   </trkpt>
   <trkpt lat="46.1913170" lon="13.7333130">
    <ele>227.7</ele>
   </trkpt>
   <trkpt lat="46.1912950" lon="13.7332930">
    <ele>227.5</ele>
   </trkpt>
   <trkpt lat="46.1912670" lon="13.7332700">
    <ele>227.4</ele>
   </trkpt>
   <trkpt lat="46.1912370" lon="13.7332430">
    <ele>227.1</ele>
   </trkpt>
   <trkpt lat="46.1912070" lon="13.7332170">
    <ele>226.8</ele>
   </trkpt>
   <trkpt lat="46.1911770" lon="13.7331900">
    <ele>226.6</ele>
   </trkpt>
   <trkpt lat="46.1911370" lon="13.7331620">
    <ele>226.2</ele>
   </trkpt>
   <trkpt lat="46.1911030" lon="13.7331420">
    <ele>225.9</ele>
   </trkpt>
   <trkpt lat="46.1910680" lon="13.7331180">
    <ele>225.7</ele>
   </trkpt>
   <trkpt lat="46.1910350" lon="13.7330900">
    <ele>225.4</ele>
   </trkpt>
   <trkpt lat="46.1910050" lon="13.7330600">
    <ele>225.1</ele>
   </trkpt>
   <trkpt lat="46.1909720" lon="13.7330300">
    <ele>224.8</ele>
   </trkpt>
   <trkpt lat="46.1909400" lon="13.7330000">
    <ele>224.6</ele>
   </trkpt>
   <trkpt lat="46.1909070" lon="13.7329700">
    <ele>224.3</ele>
   </trkpt>
   <trkpt lat="46.1908730" lon="13.7329450">
    <ele>224.1</ele>
   </trkpt>
   <trkpt lat="46.1908430" lon="13.7329280">
    <ele>223.9</ele>
   </trkpt>
   <trkpt lat="46.1907980" lon="13.7329100">
    <ele>223.7</ele>
   </trkpt>
   <trkpt lat="46.1907620" lon="13.7328970">
    <ele>223.5</ele>
   </trkpt>
   <trkpt lat="46.1907270" lon="13.7328870">
    <ele>223.4</ele>
   </trkpt>
   <trkpt lat="46.1906930" lon="13.7328730">
    <ele>223.3</ele>
   </trkpt>
   <trkpt lat="46.1906600" lon="13.7328600">
    <ele>223.2</ele>
   </trkpt>
   <trkpt lat="46.1906270" lon="13.7328400">
    <ele>223.2</ele>
   </trkpt>
   <trkpt lat="46.1905950" lon="13.7328150">
    <ele>223.1</ele>
   </trkpt>
   <trkpt lat="46.1905630" lon="13.7327870">
    <ele>223.1</ele>
   </trkpt>
   <trkpt lat="46.1905350" lon="13.7327580">
    <ele>223.0</ele>
   </trkpt>
   <trkpt lat="46.1905070" lon="13.7327300">
    <ele>223.0</ele>
   </trkpt>
   <trkpt lat="46.1904820" lon="13.7327050">
    <ele>223.0</ele>
   </trkpt>
   <trkpt lat="46.1904570" lon="13.7326750">
    <ele>223.0</ele>
   </trkpt>
   <trkpt lat="46.1904300" lon="13.7326400">
    <ele>223.0</ele>
   </trkpt>
   <trkpt lat="46.1904120" lon="13.7325980">
    <ele>223.0</ele>
   </trkpt>
   <trkpt lat="46.1904030" lon="13.7325520">
    <ele>223.1</ele>
   </trkpt>
   <trkpt lat="46.1904000" lon="13.7325050">
    <ele>223.1</ele>
   </trkpt>
   <trkpt lat="46.1904050" lon="13.7324600">
    <ele>223.2</ele>
   </trkpt>
   <trkpt lat="46.1904130" lon="13.7324130">
    <ele>223.3</ele>
   </trkpt>
   <trkpt lat="46.1904180" lon="13.7323680">
    <ele>223.4</ele>
   </trkpt>
   <trkpt lat="46.1904150" lon="13.7323330">
    <ele>223.4</ele>
   </trkpt>
   <trkpt lat="46.1904120" lon="13.7322800">
    <ele>223.5</ele>
   </trkpt>
   <trkpt lat="46.1904100" lon="13.7322400">
    <ele>223.6</ele>
   </trkpt>
   <trkpt lat="46.1904170" lon="13.7321980">
    <ele>223.7</ele>
   </trkpt>
   <trkpt lat="46.1904230" lon="13.7321520">
    <ele>223.8</ele>
   </trkpt>
   <trkpt lat="46.1904350" lon="13.7321100">
    <ele>223.9</ele>
   </trkpt>
   <trkpt lat="46.1904470" lon="13.7320630">
    <ele>224.0</ele>
   </trkpt>
   <trkpt lat="46.1904580" lon="13.7320200">
    <ele>224.1</ele>
   </trkpt>
   <trkpt lat="46.1904700" lon="13.7319750">
    <ele>224.3</ele>
   </trkpt>
   <trkpt lat="46.1904850" lon="13.7319330">
    <ele>224.5</ele>
   </trkpt>
   <trkpt lat="46.1904980" lon="13.7318950">
    <ele>224.8</ele>
   </trkpt>
   <trkpt lat="46.1905100" lon="13.7318550">
    <ele>225.1</ele>
   </trkpt>
   <trkpt lat="46.1905230" lon="13.7318150">
    <ele>225.3</ele>
   </trkpt>
   <trkpt lat="46.1905400" lon="13.7317780">
    <ele>225.6</ele>
   </trkpt>
   <trkpt lat="46.1905570" lon="13.7317450">
    <ele>226.1</ele>
   </trkpt>
   <trkpt lat="46.1905730" lon="13.7317130">
    <ele>226.6</ele>
   </trkpt>
   <trkpt lat="46.1905920" lon="13.7316880">
    <ele>227.1</ele>
   </trkpt>
   <trkpt lat="46.1906080" lon="13.7316650">
    <ele>227.5</ele>
   </trkpt>
   <trkpt lat="46.1906250" lon="13.7316380">
    <ele>227.9</ele>
   </trkpt>
   <trkpt lat="46.1906400" lon="13.7316080">
    <ele>228.4</ele>
   </trkpt>
   <trkpt lat="46.1906530" lon="13.7315820">
    <ele>228.7</ele>
   </trkpt>
   <trkpt lat="46.1906650" lon="13.7315550">
    <ele>229.1</ele>
   </trkpt>
   <trkpt lat="46.1906780" lon="13.7315250">
    <ele>229.4</ele>
   </trkpt>
   <trkpt lat="46.1906870" lon="13.7314800">
    <ele>229.8</ele>
   </trkpt>
   <trkpt lat="46.1906870" lon="13.7314400">
    <ele>230.1</ele>
   </trkpt>
   <trkpt lat="46.1906770" lon="13.7314170">
    <ele>230.3</ele>
   </trkpt>
   <trkpt lat="46.1906630" lon="13.7313970">
    <ele>230.4</ele>
   </trkpt>
   <trkpt lat="46.1906400" lon="13.7313730">
    <ele>230.5</ele>
   </trkpt>
   <trkpt lat="46.1906170" lon="13.7313500">
    <ele>230.6</ele>
   </trkpt>
   <trkpt lat="46.1905900" lon="13.7313130">
    <ele>230.7</ele>
   </trkpt>
   <trkpt lat="46.1905670" lon="13.7312750">
    <ele>230.7</ele>
   </trkpt>
   <trkpt lat="46.1905430" lon="13.7312380">
    <ele>230.8</ele>
   </trkpt>
   <trkpt lat="46.1905250" lon="13.7312020">
    <ele>230.9</ele>
   </trkpt>
   <trkpt lat="46.1905050" lon="13.7311670">
    <ele>230.9</ele>
   </trkpt>
   <trkpt lat="46.1904850" lon="13.7311350">
    <ele>231.0</ele>
   </trkpt>
   <trkpt lat="46.1904630" lon="13.7311070">
    <ele>231.1</ele>
   </trkpt>
   <trkpt lat="46.1904470" lon="13.7310800">
    <ele>231.1</ele>
   </trkpt>
   <trkpt lat="46.1904300" lon="13.7310580">
    <ele>231.2</ele>
   </trkpt>
   <trkpt lat="46.1904150" lon="13.7310450">
    <ele>231.3</ele>
   </trkpt>
   <trkpt lat="46.1904030" lon="13.7310370">
    <ele>231.3</ele>
   </trkpt>
   <trkpt lat="46.1903880" lon="13.7310200">
    <ele>231.4</ele>
   </trkpt>
   <trkpt lat="46.1903800" lon="13.7310100">
    <ele>231.4</ele>
   </trkpt>
   <trkpt lat="46.1903650" lon="13.7310030">
    <ele>231.4</ele>
   </trkpt>
   <trkpt lat="46.1903530" lon="13.7310000">
    <ele>231.5</ele>
   </trkpt>
   <trkpt lat="46.1903420" lon="13.7310000">
    <ele>231.5</ele>
   </trkpt>
   <trkpt lat="46.1903330" lon="13.7310000">
    <ele>231.5</ele>
   </trkpt>
   <trkpt lat="46.1903280" lon="13.7310000">
    <ele>231.5</ele>
   </trkpt>
   <trkpt lat="46.1903250" lon="13.7310020">
    <ele>231.5</ele>
   </trkpt>
   <trkpt lat="46.1903270" lon="13.7310020">
    <ele>231.5</ele>
   </trkpt>
   <trkpt lat="46.1903320" lon="13.7310020">
    <ele>231.6</ele>
   </trkpt>
   <trkpt lat="46.1903330" lon="13.7310000">
    <ele>231.6</ele>
   </trkpt>
   <trkpt lat="46.1903330" lon="13.7310000">
    <ele>231.6</ele>
   </trkpt>
   <trkpt lat="46.1903320" lon="13.7309980">
    <ele>231.6</ele>
   </trkpt>
   <trkpt lat="46.1903270" lon="13.7309900">
    <ele>231.6</ele>
   </trkpt>
   <trkpt lat="46.1903200" lon="13.7309780">
    <ele>231.6</ele>
   </trkpt>
   <trkpt lat="46.1903100" lon="13.7309600">
    <ele>231.7</ele>
   </trkpt>
   <trkpt lat="46.1902980" lon="13.7309370">
    <ele>231.6</ele>
   </trkpt>
   <trkpt lat="46.1902870" lon="13.7309050">
    <ele>231.6</ele>
   </trkpt>
   <trkpt lat="46.1902780" lon="13.7308720">
    <ele>231.5</ele>
   </trkpt>
   <trkpt lat="46.1902680" lon="13.7308330">
    <ele>231.5</ele>
   </trkpt>
   <trkpt lat="46.1902550" lon="13.7307930">
    <ele>231.4</ele>
   </trkpt>
   <trkpt lat="46.1902400" lon="13.7307530">
    <ele>231.3</ele>
   </trkpt>
   <trkpt lat="46.1902220" lon="13.7307120">
    <ele>231.2</ele>
   </trkpt>
   <trkpt lat="46.1902020" lon="13.7306680">
    <ele>231.1</ele>
   </trkpt>
   <trkpt lat="46.1901820" lon="13.7306280">
    <ele>231.1</ele>
   </trkpt>
   <trkpt lat="46.1901630" lon="13.7305920">
    <ele>231.1</ele>
   </trkpt>
   <trkpt lat="46.1901430" lon="13.7305600">
    <ele>231.2</ele>
   </trkpt>
   <trkpt lat="46.1901220" lon="13.7305220">
    <ele>231.2</ele>
   </trkpt>
   <trkpt lat="46.1900980" lon="13.7304820">
    <ele>231.2</ele>
   </trkpt>
   <trkpt lat="46.1900750" lon="13.7304420">
    <ele>231.3</ele>
   </trkpt>
   <trkpt lat="46.1900480" lon="13.7304050">
    <ele>231.7</ele>
   </trkpt>
   <trkpt lat="46.1900220" lon="13.7303770">
    <ele>232.1</ele>
   </trkpt>
   <trkpt lat="46.1899980" lon="13.7303600">
    <ele>232.4</ele>
   </trkpt>
   <trkpt lat="46.1899730" lon="13.7303480">
    <ele>232.7</ele>
   </trkpt>
   <trkpt lat="46.1899430" lon="13.7303430">
    <ele>233.1</ele>
   </trkpt>
   <trkpt lat="46.1899120" lon="13.7303480">
    <ele>233.4</ele>
   </trkpt>
   <trkpt lat="46.1898780" lon="13.7303480">
    <ele>233.8</ele>
   </trkpt>
   <trkpt lat="46.1898470" lon="13.7303370">
    <ele>234.1</ele>
   </trkpt>
   <trkpt lat="46.1898130" lon="13.7303230">
    <ele>234.5</ele>
   </trkpt>
   <trkpt lat="46.1897780" lon="13.7303030">
    <ele>234.8</ele>
   </trkpt>
   <trkpt lat="46.1897480" lon="13.7302830">
    <ele>235.1</ele>
   </trkpt>
   <trkpt lat="46.1897230" lon="13.7302620">
    <ele>235.3</ele>
   </trkpt>
   <trkpt lat="46.1897020" lon="13.7302280">
    <ele>235.5</ele>
   </trkpt>
   <trkpt lat="46.1896900" lon="13.7301920">
    <ele>235.7</ele>
   </trkpt>
   <trkpt lat="46.1896920" lon="13.7301670">
    <ele>236.4</ele>
   </trkpt>
   <trkpt lat="46.1897020" lon="13.7301520">
    <ele>236.9</ele>
   </trkpt>
   <trkpt lat="46.1897120" lon="13.7301450">
    <ele>237.3</ele>
   </trkpt>
   <trkpt lat="46.1897270" lon="13.7301470">
    <ele>237.8</ele>
   </trkpt>
   <trkpt lat="46.1897470" lon="13.7301500">
    <ele>238.5</ele>
   </trkpt>
   <trkpt lat="46.1897650" lon="13.7301450">
    <ele>239.2</ele>
   </trkpt>
   <trkpt lat="46.1897830" lon="13.7301420">
    <ele>239.8</ele>
   </trkpt>
   <trkpt lat="46.1897970" lon="13.7301370">
    <ele>240.4</ele>
   </trkpt>
   <trkpt lat="46.1898080" lon="13.7301330">
    <ele>240.8</ele>
   </trkpt>
   <trkpt lat="46.1898200" lon="13.7301280">
    <ele>241.3</ele>
   </trkpt>
   <trkpt lat="46.1898320" lon="13.7301180">
    <ele>241.9</ele>
   </trkpt>
   <trkpt lat="46.1898380" lon="13.7301050">
    <ele>242.3</ele>
   </trkpt>
   <trkpt lat="46.1898300" lon="13.7300730">
    <ele>243.2</ele>
   </trkpt>
   <trkpt lat="46.1898230" lon="13.7300450">
    <ele>244.1</ele>
   </trkpt>
   <trkpt lat="46.1898170" lon="13.7300270">
    <ele>244.6</ele>
   </trkpt>
   <trkpt lat="46.1898150" lon="13.7300170">
    <ele>244.9</ele>
   </trkpt>
   <trkpt lat="46.1898170" lon="13.7300080">
    <ele>245.2</ele>
   </trkpt>
   <trkpt lat="46.1898220" lon="13.7299980">
    <ele>245.5</ele>
   </trkpt>
   <trkpt lat="46.1898270" lon="13.7299850">
    <ele>245.9</ele>
   </trkpt>
   <trkpt lat="46.1898280" lon="13.7299800">
    <ele>246.1</ele>
   </trkpt>
   <trkpt lat="46.1898380" lon="13.7299770">
    <ele>246.5</ele>
   </trkpt>
   <trkpt lat="46.1898520" lon="13.7299770">
    <ele>247.0</ele>
   </trkpt>
   <trkpt lat="46.1898670" lon="13.7299770">
    <ele>247.6</ele>
   </trkpt>
   <trkpt lat="46.1898780" lon="13.7299730">
    <ele>248.0</ele>
   </trkpt>
   <trkpt lat="46.1898830" lon="13.7299720">
    <ele>248.2</ele>
   </trkpt>
   <trkpt lat="46.1898820" lon="13.7299620">
    <ele>248.5</ele>
   </trkpt>
   <trkpt lat="46.1898770" lon="13.7299530">
    <ele>248.8</ele>
   </trkpt>
   <trkpt lat="46.1898680" lon="13.7299420">
    <ele>249.3</ele>
   </trkpt>
   <trkpt lat="46.1898600" lon="13.7299270">
    <ele>249.8</ele>
   </trkpt>
   <trkpt lat="46.1898530" lon="13.7299130">
    <ele>250.2</ele>
   </trkpt>
   <trkpt lat="46.1898480" lon="13.7298980">
    <ele>250.6</ele>
   </trkpt>
   <trkpt lat="46.1898400" lon="13.7298770">
    <ele>251.3</ele>
   </trkpt>
   <trkpt lat="46.1898330" lon="13.7298630">
    <ele>251.7</ele>
   </trkpt>
   <trkpt lat="46.1898220" lon="13.7298470">
    <ele>252.3</ele>
   </trkpt>
   <trkpt lat="46.1898100" lon="13.7298280">
    <ele>252.9</ele>
   </trkpt>
   <trkpt lat="46.1897980" lon="13.7298050">
    <ele>253.6</ele>
   </trkpt>
   <trkpt lat="46.1897920" lon="13.7297870">
    <ele>254.1</ele>
   </trkpt>
   <trkpt lat="46.1897870" lon="13.7297730">
    <ele>254.5</ele>
   </trkpt>
   <trkpt lat="46.1897900" lon="13.7297630">
    <ele>254.8</ele>
   </trkpt>
   <trkpt lat="46.1897950" lon="13.7297580">
    <ele>255.0</ele>
   </trkpt>
   <trkpt lat="46.1898020" lon="13.7297580">
    <ele>255.3</ele>
   </trkpt>
   <trkpt lat="46.1898050" lon="13.7297520">
    <ele>255.5</ele>
   </trkpt>
   <trkpt lat="46.1898120" lon="13.7297420">
    <ele>255.8</ele>
   </trkpt>
   <trkpt lat="46.1898180" lon="13.7297320">
    <ele>256.2</ele>
   </trkpt>
   <trkpt lat="46.1898280" lon="13.7297180">
    <ele>256.7</ele>
   </trkpt>
   <trkpt lat="46.1898380" lon="13.7297020">
    <ele>257.2</ele>
   </trkpt>
   <trkpt lat="46.1898520" lon="13.7296830">
    <ele>257.8</ele>
   </trkpt>
   <trkpt lat="46.1898620" lon="13.7296700">
    <ele>258.3</ele>
   </trkpt>
   <trkpt lat="46.1898750" lon="13.7296600">
    <ele>258.8</ele>
   </trkpt>
   <trkpt lat="46.1898880" lon="13.7296520">
    <ele>259.3</ele>
   </trkpt>
   <trkpt lat="46.1899000" lon="13.7296370">
    <ele>259.8</ele>
   </trkpt>
   <trkpt lat="46.1899170" lon="13.7296250">
    <ele>260.4</ele>
   </trkpt>
   <trkpt lat="46.1899270" lon="13.7296130">
    <ele>260.8</ele>
   </trkpt>
   <trkpt lat="46.1899350" lon="13.7295930">
    <ele>261.2</ele>
   </trkpt>
   <trkpt lat="46.1899400" lon="13.7295720">
    <ele>261.6</ele>
   </trkpt>
   <trkpt lat="46.1899450" lon="13.7295450">
    <ele>262.1</ele>
   </trkpt>
   <trkpt lat="46.1899520" lon="13.7295230">
    <ele>262.5</ele>
   </trkpt>
   <trkpt lat="46.1899550" lon="13.7295030">
    <ele>262.9</ele>
   </trkpt>
   <trkpt lat="46.1899600" lon="13.7294850">
    <ele>263.3</ele>
   </trkpt>
   <trkpt lat="46.1899630" lon="13.7294630">
    <ele>263.7</ele>
   </trkpt>
   <trkpt lat="46.1899650" lon="13.7294330">
    <ele>264.3</ele>
   </trkpt>
   <trkpt lat="46.1899680" lon="13.7294120">
    <ele>264.7</ele>
   </trkpt>
   <trkpt lat="46.1899730" lon="13.7293880">
    <ele>265.2</ele>
   </trkpt>
   <trkpt lat="46.1899780" lon="13.7293670">
    <ele>265.6</ele>
   </trkpt>
   <trkpt lat="46.1899830" lon="13.7293450">
    <ele>266.0</ele>
   </trkpt>
   <trkpt lat="46.1899870" lon="13.7293220">
    <ele>266.5</ele>
   </trkpt>
   <trkpt lat="46.1899950" lon="13.7293020">
    <ele>266.9</ele>
   </trkpt>
   <trkpt lat="46.1900030" lon="13.7292830">
    <ele>267.4</ele>
   </trkpt>
   <trkpt lat="46.1900100" lon="13.7292630">
    <ele>267.8</ele>
   </trkpt>
   <trkpt lat="46.1900170" lon="13.7292430">
    <ele>268.2</ele>
   </trkpt>
   <trkpt lat="46.1900230" lon="13.7292250">
    <ele>268.6</ele>
   </trkpt>
   <trkpt lat="46.1900270" lon="13.7292120">
    <ele>268.9</ele>
   </trkpt>
   <trkpt lat="46.1900270" lon="13.7292030">
    <ele>269.0</ele>
   </trkpt>
   <trkpt lat="46.1900250" lon="13.7291980">
    <ele>269.1</ele>
   </trkpt>
   <trkpt lat="46.1900180" lon="13.7292020">
    <ele>269.2</ele>
   </trkpt>
   <trkpt lat="46.1900100" lon="13.7292050">
    <ele>269.3</ele>
   </trkpt>
   <trkpt lat="46.1900020" lon="13.7292130">
    <ele>269.4</ele>
   </trkpt>
   <trkpt lat="46.1899920" lon="13.7292180">
    <ele>269.6</ele>
   </trkpt>
   <trkpt lat="46.1899800" lon="13.7292270">
    <ele>269.8</ele>
   </trkpt>
   <trkpt lat="46.1899650" lon="13.7292350">
    <ele>270.0</ele>
   </trkpt>
   <trkpt lat="46.1899450" lon="13.7292420">
    <ele>270.2</ele>
   </trkpt>
   <trkpt lat="46.1899230" lon="13.7292500">
    <ele>270.5</ele>
   </trkpt>
   <trkpt lat="46.1899000" lon="13.7292550">
    <ele>270.9</ele>
   </trkpt>
   <trkpt lat="46.1898780" lon="13.7292580">
    <ele>271.2</ele>
   </trkpt>
   <trkpt lat="46.1898600" lon="13.7292650">
    <ele>271.4</ele>
   </trkpt>
   <trkpt lat="46.1898430" lon="13.7292720">
    <ele>271.7</ele>
   </trkpt>
   <trkpt lat="46.1898280" lon="13.7292830">
    <ele>272.0</ele>
   </trkpt>
   <trkpt lat="46.1898130" lon="13.7292920">
    <ele>272.2</ele>
   </trkpt>
   <trkpt lat="46.1897970" lon="13.7292950">
    <ele>272.5</ele>
   </trkpt>
   <trkpt lat="46.1897780" lon="13.7292970">
    <ele>272.8</ele>
   </trkpt>
   <trkpt lat="46.1897620" lon="13.7292920">
    <ele>273.1</ele>
   </trkpt>
   <trkpt lat="46.1897450" lon="13.7292900">
    <ele>273.4</ele>
   </trkpt>
   <trkpt lat="46.1897300" lon="13.7292870">
    <ele>273.7</ele>
   </trkpt>
   <trkpt lat="46.1897130" lon="13.7292820">
    <ele>274.1</ele>
   </trkpt>
   <trkpt lat="46.1896970" lon="13.7292780">
    <ele>274.4</ele>
   </trkpt>
   <trkpt lat="46.1896780" lon="13.7292820">
    <ele>274.7</ele>
   </trkpt>
   <trkpt lat="46.1896620" lon="13.7292820">
    <ele>275.0</ele>
   </trkpt>
   <trkpt lat="46.1896430" lon="13.7292830">
    <ele>275.4</ele>
   </trkpt>
   <trkpt lat="46.1896270" lon="13.7292830">
    <ele>275.7</ele>
   </trkpt>
   <trkpt lat="46.1896100" lon="13.7292800">
    <ele>276.0</ele>
   </trkpt>
   <trkpt lat="46.1895950" lon="13.7292720">
    <ele>276.3</ele>
   </trkpt>
   <trkpt lat="46.1895750" lon="13.7292620">
    <ele>276.7</ele>
   </trkpt>
   <trkpt lat="46.1895580" lon="13.7292520">
    <ele>277.0</ele>
   </trkpt>
   <trkpt lat="46.1895400" lon="13.7292450">
    <ele>277.3</ele>
   </trkpt>
   <trkpt lat="46.1895220" lon="13.7292400">
    <ele>277.7</ele>
   </trkpt>
   <trkpt lat="46.1895030" lon="13.7292400">
    <ele>278.0</ele>
   </trkpt>
   <trkpt lat="46.1894850" lon="13.7292420">
    <ele>278.3</ele>
   </trkpt>
   <trkpt lat="46.1894630" lon="13.7292470">
    <ele>278.8</ele>
   </trkpt>
   <trkpt lat="46.1894400" lon="13.7292550">
    <ele>279.2</ele>
   </trkpt>
   <trkpt lat="46.1894180" lon="13.7292600">
    <ele>279.6</ele>
   </trkpt>
   <trkpt lat="46.1893980" lon="13.7292580">
    <ele>280.0</ele>
   </trkpt>
   <trkpt lat="46.1893800" lon="13.7292580">
    <ele>280.4</ele>
   </trkpt>
   <trkpt lat="46.1893630" lon="13.7292530">
    <ele>280.7</ele>
   </trkpt>
   <trkpt lat="46.1893500" lon="13.7292520">
    <ele>281.0</ele>
   </trkpt>
   <trkpt lat="46.1893370" lon="13.7292370">
    <ele>281.3</ele>
   </trkpt>
   <trkpt lat="46.1893200" lon="13.7292280">
    <ele>281.7</ele>
   </trkpt>
   <trkpt lat="46.1893030" lon="13.7292270">
    <ele>282.0</ele>
   </trkpt>
   <trkpt lat="46.1892880" lon="13.7292230">
    <ele>282.2</ele>
   </trkpt>
   <trkpt lat="46.1892750" lon="13.7292270">
    <ele>282.5</ele>
   </trkpt>
   <trkpt lat="46.1892620" lon="13.7292250">
    <ele>282.7</ele>
   </trkpt>
   <trkpt lat="46.1892400" lon="13.7292320">
    <ele>283.0</ele>
   </trkpt>
   <trkpt lat="46.1892180" lon="13.7292300">
    <ele>283.3</ele>
   </trkpt>
   <trkpt lat="46.1892000" lon="13.7292320">
    <ele>283.5</ele>
   </trkpt>
   <trkpt lat="46.1891750" lon="13.7292350">
    <ele>283.8</ele>
   </trkpt>
   <trkpt lat="46.1891500" lon="13.7292320">
    <ele>284.0</ele>
   </trkpt>
   <trkpt lat="46.1891270" lon="13.7292130">
    <ele>284.2</ele>
   </trkpt>
   <trkpt lat="46.1891050" lon="13.7291950">
    <ele>284.3</ele>
   </trkpt>
   <trkpt lat="46.1890900" lon="13.7291700">
    <ele>284.5</ele>
   </trkpt>
   <trkpt lat="46.1890820" lon="13.7291400">
    <ele>284.6</ele>
   </trkpt>
   <trkpt lat="46.1890780" lon="13.7291080">
    <ele>284.7</ele>
   </trkpt>
   <trkpt lat="46.1890800" lon="13.7290780">
    <ele>284.9</ele>
   </trkpt>
   <trkpt lat="46.1890820" lon="13.7290430">
    <ele>285.2</ele>
   </trkpt>
   <trkpt lat="46.1890770" lon="13.7290000">
    <ele>285.5</ele>
   </trkpt>
   <trkpt lat="46.1890720" lon="13.7289630">
    <ele>285.8</ele>
   </trkpt>
   <trkpt lat="46.1890530" lon="13.7289180">
    <ele>286.2</ele>
   </trkpt>
   <trkpt lat="46.1890350" lon="13.7288780">
    <ele>286.5</ele>
   </trkpt>
   <trkpt lat="46.1890130" lon="13.7288480">
    <ele>286.9</ele>
   </trkpt>
   <trkpt lat="46.1889920" lon="13.7288200">
    <ele>287.2</ele>
   </trkpt>
   <trkpt lat="46.1889700" lon="13.7287970">
    <ele>287.5</ele>
   </trkpt>
   <trkpt lat="46.1889550" lon="13.7287700">
    <ele>287.7</ele>
   </trkpt>
   <trkpt lat="46.1889500" lon="13.7287500">
    <ele>287.9</ele>
   </trkpt>
   <trkpt lat="46.1889400" lon="13.7287270">
    <ele>288.1</ele>
   </trkpt>
   <trkpt lat="46.1889280" lon="13.7286920">
    <ele>288.4</ele>
   </trkpt>
   <trkpt lat="46.1889150" lon="13.7286570">
    <ele>288.7</ele>
   </trkpt>
   <trkpt lat="46.1888980" lon="13.7286230">
    <ele>289.1</ele>
   </trkpt>
   <trkpt lat="46.1888850" lon="13.7286000">
    <ele>289.3</ele>
   </trkpt>
   <trkpt lat="46.1888680" lon="13.7285780">
    <ele>289.6</ele>
   </trkpt>
   <trkpt lat="46.1888530" lon="13.7285500">
    <ele>289.9</ele>
   </trkpt>
   <trkpt lat="46.1888400" lon="13.7285150">
    <ele>290.3</ele>
   </trkpt>
   <trkpt lat="46.1888320" lon="13.7284970">
    <ele>290.5</ele>
   </trkpt>
   <trkpt lat="46.1888220" lon="13.7284680">
    <ele>290.8</ele>
   </trkpt>
   <trkpt lat="46.1888100" lon="13.7284370">
    <ele>291.1</ele>
   </trkpt>
   <trkpt lat="46.1887980" lon="13.7284020">
    <ele>291.5</ele>
   </trkpt>
   <trkpt lat="46.1887880" lon="13.7283680">
    <ele>291.8</ele>
   </trkpt>
   <trkpt lat="46.1887800" lon="13.7283400">
    <ele>292.1</ele>
   </trkpt>
   <trkpt lat="46.1887770" lon="13.7283120">
    <ele>292.4</ele>
   </trkpt>
   <trkpt lat="46.1887680" lon="13.7282830">
    <ele>292.7</ele>
   </trkpt>
   <trkpt lat="46.1887570" lon="13.7282530">
    <ele>293.0</ele>
   </trkpt>
   <trkpt lat="46.1887470" lon="13.7282170">
    <ele>293.3</ele>
   </trkpt>
   <trkpt lat="46.1887320" lon="13.7281850">
    <ele>293.6</ele>
   </trkpt>
   <trkpt lat="46.1887200" lon="13.7281500">
    <ele>294.0</ele>
   </trkpt>
   <trkpt lat="46.1887080" lon="13.7281150">
    <ele>294.3</ele>
   </trkpt>
   <trkpt lat="46.1886950" lon="13.7280770">
    <ele>294.6</ele>
   </trkpt>
   <trkpt lat="46.1886780" lon="13.7280370">
    <ele>295.0</ele>
   </trkpt>
   <trkpt lat="46.1886700" lon="13.7280030">
    <ele>295.3</ele>
   </trkpt>
   <trkpt lat="46.1886570" lon="13.7279700">
    <ele>295.6</ele>
   </trkpt>
   <trkpt lat="46.1886430" lon="13.7279400">
    <ele>296.0</ele>
   </trkpt>
   <trkpt lat="46.1886300" lon="13.7279120">
    <ele>296.3</ele>
   </trkpt>
   <trkpt lat="46.1886180" lon="13.7278770">
    <ele>296.6</ele>
   </trkpt>
   <trkpt lat="46.1886070" lon="13.7278470">
    <ele>296.9</ele>
   </trkpt>
   <trkpt lat="46.1885800" lon="13.7278180">
    <ele>297.4</ele>
   </trkpt>
   <trkpt lat="46.1885670" lon="13.7278000">
    <ele>297.6</ele>
   </trkpt>
   <trkpt lat="46.1885580" lon="13.7277780">
    <ele>297.8</ele>
   </trkpt>
   <trkpt lat="46.1885470" lon="13.7277480">
    <ele>298.1</ele>
   </trkpt>
   <trkpt lat="46.1885350" lon="13.7277220">
    <ele>298.4</ele>
   </trkpt>
   <trkpt lat="46.1885220" lon="13.7276920">
    <ele>298.7</ele>
   </trkpt>
   <trkpt lat="46.1885130" lon="13.7276630">
    <ele>299.0</ele>
   </trkpt>
   <trkpt lat="46.1885000" lon="13.7276300">
    <ele>299.3</ele>
   </trkpt>
   <trkpt lat="46.1884850" lon="13.7275920">
    <ele>299.7</ele>
   </trkpt>
   <trkpt lat="46.1884720" lon="13.7275580">
    <ele>300.1</ele>
   </trkpt>
   <trkpt lat="46.1884550" lon="13.7275320">
    <ele>300.4</ele>
   </trkpt>
   <trkpt lat="46.1884430" lon="13.7275130">
    <ele>300.6</ele>
   </trkpt>
   <trkpt lat="46.1884330" lon="13.7274870">
    <ele>300.9</ele>
   </trkpt>
   <trkpt lat="46.1884270" lon="13.7274570">
    <ele>301.2</ele>
   </trkpt>
   <trkpt lat="46.1884180" lon="13.7274230">
    <ele>301.5</ele>
   </trkpt>
   <trkpt lat="46.1884150" lon="13.7273920">
    <ele>301.8</ele>
   </trkpt>
   <trkpt lat="46.1884120" lon="13.7273630">
    <ele>302.1</ele>
   </trkpt>
   <trkpt lat="46.1884100" lon="13.7273350">
    <ele>302.4</ele>
   </trkpt>
   <trkpt lat="46.1884100" lon="13.7273050">
    <ele>302.7</ele>
   </trkpt>
   <trkpt lat="46.1884080" lon="13.7272780">
    <ele>303.0</ele>
   </trkpt>
   <trkpt lat="46.1884080" lon="13.7272520">
    <ele>303.2</ele>
   </trkpt>
   <trkpt lat="46.1884070" lon="13.7272200">
    <ele>303.6</ele>
   </trkpt>
   <trkpt lat="46.1884020" lon="13.7271850">
    <ele>303.9</ele>
   </trkpt>
   <trkpt lat="46.1883900" lon="13.7271450">
    <ele>304.4</ele>
   </trkpt>
   <trkpt lat="46.1883780" lon="13.7271080">
    <ele>304.8</ele>
   </trkpt>
   <trkpt lat="46.1883630" lon="13.7270820">
    <ele>305.1</ele>
   </trkpt>
   <trkpt lat="46.1883480" lon="13.7270570">
    <ele>305.4</ele>
   </trkpt>
   <trkpt lat="46.1883320" lon="13.7270380">
    <ele>305.7</ele>
   </trkpt>
   <trkpt lat="46.1883120" lon="13.7270150">
    <ele>306.1</ele>
   </trkpt>
   <trkpt lat="46.1882980" lon="13.7269920">
    <ele>306.4</ele>
   </trkpt>
   <trkpt lat="46.1882830" lon="13.7269650">
    <ele>306.7</ele>
   </trkpt>
   <trkpt lat="46.1882700" lon="13.7269400">
    <ele>307.0</ele>
   </trkpt>
   <trkpt lat="46.1882650" lon="13.7269100">
    <ele>307.3</ele>
   </trkpt>
   <trkpt lat="46.1882600" lon="13.7268750">
    <ele>307.7</ele>
   </trkpt>
   <trkpt lat="46.1882550" lon="13.7268430">
    <ele>308.0</ele>
   </trkpt>
   <trkpt lat="46.1882480" lon="13.7268200">
    <ele>308.2</ele>
   </trkpt>
   <trkpt lat="46.1882420" lon="13.7267900">
    <ele>308.5</ele>
   </trkpt>
   <trkpt lat="46.1882370" lon="13.7267550">
    <ele>308.9</ele>
   </trkpt>
   <trkpt lat="46.1882400" lon="13.7267170">
    <ele>309.3</ele>
   </trkpt>
   <trkpt lat="46.1882400" lon="13.7266780">
    <ele>309.6</ele>
   </trkpt>
   <trkpt lat="46.1882400" lon="13.7266480">
    <ele>309.9</ele>
   </trkpt>
   <trkpt lat="46.1882400" lon="13.7266180">
    <ele>310.2</ele>
   </trkpt>
   <trkpt lat="46.1882380" lon="13.7265880">
    <ele>310.5</ele>
   </trkpt>
   <trkpt lat="46.1882370" lon="13.7265600">
    <ele>310.7</ele>
   </trkpt>
   <trkpt lat="46.1882320" lon="13.7265250">
    <ele>311.0</ele>
   </trkpt>
   <trkpt lat="46.1882230" lon="13.7264920">
    <ele>311.3</ele>
   </trkpt>
   <trkpt lat="46.1882100" lon="13.7264680">
    <ele>311.5</ele>
   </trkpt>
   <trkpt lat="46.1881900" lon="13.7264470">
    <ele>311.5</ele>
   </trkpt>
   <trkpt lat="46.1881680" lon="13.7264270">
    <ele>311.6</ele>
   </trkpt>
   <trkpt lat="46.1881470" lon="13.7264050">
    <ele>311.6</ele>
   </trkpt>
   <trkpt lat="46.1881100" lon="13.7263880">
    <ele>311.7</ele>
   </trkpt>
   <trkpt lat="46.1880850" lon="13.7263950">
    <ele>311.7</ele>
   </trkpt>
   <trkpt lat="46.1880420" lon="13.7263830">
    <ele>311.8</ele>
   </trkpt>
   <trkpt lat="46.1880120" lon="13.7263670">
    <ele>311.9</ele>
   </trkpt>
   <trkpt lat="46.1879980" lon="13.7263370">
    <ele>311.9</ele>
   </trkpt>
   <trkpt lat="46.1880000" lon="13.7262950">
    <ele>312.1</ele>
   </trkpt>
   <trkpt lat="46.1880120" lon="13.7262570">
    <ele>312.3</ele>
   </trkpt>
   <trkpt lat="46.1880180" lon="13.7262050">
    <ele>312.6</ele>
   </trkpt>
   <trkpt lat="46.1880250" lon="13.7261670">
    <ele>312.8</ele>
   </trkpt>
   <trkpt lat="46.1880280" lon="13.7261350">
    <ele>313.0</ele>
   </trkpt>
   <trkpt lat="46.1880320" lon="13.7261080">
    <ele>313.2</ele>
   </trkpt>
   <trkpt lat="46.1880380" lon="13.7260770">
    <ele>313.4</ele>
   </trkpt>
   <trkpt lat="46.1880430" lon="13.7260450">
    <ele>313.7</ele>
   </trkpt>
   <trkpt lat="46.1880480" lon="13.7260120">
    <ele>313.9</ele>
   </trkpt>
   <trkpt lat="46.1880530" lon="13.7259820">
    <ele>314.2</ele>
   </trkpt>
   <trkpt lat="46.1880570" lon="13.7259520">
    <ele>314.4</ele>
   </trkpt>
   <trkpt lat="46.1880620" lon="13.7259250">
    <ele>314.6</ele>
   </trkpt>
   <trkpt lat="46.1880680" lon="13.7258950">
    <ele>314.9</ele>
   </trkpt>
   <trkpt lat="46.1880770" lon="13.7258650">
    <ele>315.2</ele>
   </trkpt>
   <trkpt lat="46.1880850" lon="13.7258280">
    <ele>315.5</ele>
   </trkpt>
   <trkpt lat="46.1880870" lon="13.7257820">
    <ele>315.9</ele>
   </trkpt>
   <trkpt lat="46.1880880" lon="13.7257380">
    <ele>316.3</ele>
   </trkpt>
   <trkpt lat="46.1881020" lon="13.7257000">
    <ele>316.6</ele>
   </trkpt>
   <trkpt lat="46.1881150" lon="13.7256720">
    <ele>316.9</ele>
   </trkpt>
   <trkpt lat="46.1881300" lon="13.7256430">
    <ele>317.2</ele>
   </trkpt>
   <trkpt lat="46.1881420" lon="13.7256150">
    <ele>317.5</ele>
   </trkpt>
   <trkpt lat="46.1881570" lon="13.7255920">
    <ele>317.7</ele>
   </trkpt>
   <trkpt lat="46.1881720" lon="13.7255700">
    <ele>318.0</ele>
   </trkpt>
   <trkpt lat="46.1881830" lon="13.7255480">
    <ele>318.3</ele>
   </trkpt>
   <trkpt lat="46.1881900" lon="13.7255230">
    <ele>318.5</ele>
   </trkpt>
   <trkpt lat="46.1881950" lon="13.7254950">
    <ele>318.8</ele>
   </trkpt>
   <trkpt lat="46.1882000" lon="13.7254630">
    <ele>319.1</ele>
   </trkpt>
   <trkpt lat="46.1882030" lon="13.7254300">
    <ele>319.4</ele>
   </trkpt>
   <trkpt lat="46.1882070" lon="13.7253970">
    <ele>319.7</ele>
   </trkpt>
   <trkpt lat="46.1882130" lon="13.7253680">
    <ele>320.0</ele>
   </trkpt>
   <trkpt lat="46.1882280" lon="13.7253270">
    <ele>320.4</ele>
   </trkpt>
   <trkpt lat="46.1882500" lon="13.7252980">
    <ele>320.7</ele>
   </trkpt>
   <trkpt lat="46.1882670" lon="13.7252700">
    <ele>321.0</ele>
   </trkpt>
   <trkpt lat="46.1882780" lon="13.7252400">
    <ele>321.3</ele>
   </trkpt>
   <trkpt lat="46.1882800" lon="13.7252070">
    <ele>321.5</ele>
   </trkpt>
   <trkpt lat="46.1882670" lon="13.7251730">
    <ele>321.8</ele>
   </trkpt>
   <trkpt lat="46.1882550" lon="13.7251500">
    <ele>322.0</ele>
   </trkpt>
   <trkpt lat="46.1882430" lon="13.7251200">
    <ele>322.3</ele>
   </trkpt>
   <trkpt lat="46.1882270" lon="13.7250730">
    <ele>322.7</ele>
   </trkpt>
   <trkpt lat="46.1882220" lon="13.7250320">
    <ele>323.1</ele>
   </trkpt>
   <trkpt lat="46.1882200" lon="13.7249930">
    <ele>323.4</ele>
   </trkpt>
   <trkpt lat="46.1882230" lon="13.7249570">
    <ele>323.7</ele>
   </trkpt>
   <trkpt lat="46.1882330" lon="13.7249200">
    <ele>324.1</ele>
   </trkpt>
   <trkpt lat="46.1882420" lon="13.7248880">
    <ele>324.4</ele>
   </trkpt>
   <trkpt lat="46.1882480" lon="13.7248550">
    <ele>324.7</ele>
   </trkpt>
   <trkpt lat="46.1882550" lon="13.7248220">
    <ele>325.0</ele>
   </trkpt>
   <trkpt lat="46.1882670" lon="13.7247970">
    <ele>325.3</ele>
   </trkpt>
   <trkpt lat="46.1882800" lon="13.7247870">
    <ele>325.5</ele>
   </trkpt>
   <trkpt lat="46.1882930" lon="13.7247870">
    <ele>325.6</ele>
   </trkpt>
   <trkpt lat="46.1882980" lon="13.7247930">
    <ele>325.7</ele>
   </trkpt>
   <trkpt lat="46.1882970" lon="13.7248050">
    <ele>325.9</ele>
   </trkpt>
   <trkpt lat="46.1882950" lon="13.7248220">
    <ele>326.1</ele>
   </trkpt>
   <trkpt lat="46.1882970" lon="13.7248500">
    <ele>326.4</ele>
   </trkpt>
   <trkpt lat="46.1883000" lon="13.7248820">
    <ele>326.8</ele>
   </trkpt>
   <trkpt lat="46.1883030" lon="13.7249130">
    <ele>327.2</ele>
   </trkpt>
   <trkpt lat="46.1883120" lon="13.7249400">
    <ele>327.6</ele>
   </trkpt>
   <trkpt lat="46.1883220" lon="13.7249630">
    <ele>328.0</ele>
   </trkpt>
   <trkpt lat="46.1883300" lon="13.7249830">
    <ele>328.2</ele>
   </trkpt>
   <trkpt lat="46.1883350" lon="13.7250030">
    <ele>328.5</ele>
   </trkpt>
   <trkpt lat="46.1883400" lon="13.7250180">
    <ele>328.7</ele>
   </trkpt>
   <trkpt lat="46.1883480" lon="13.7250420">
    <ele>329.0</ele>
   </trkpt>
   <trkpt lat="46.1883520" lon="13.7250670">
    <ele>329.3</ele>
   </trkpt>
   <trkpt lat="46.1883530" lon="13.7250950">
    <ele>329.6</ele>
   </trkpt>
   <trkpt lat="46.1883550" lon="13.7251250">
    <ele>329.9</ele>
   </trkpt>
   <trkpt lat="46.1883530" lon="13.7251580">
    <ele>330.2</ele>
   </trkpt>
   <trkpt lat="46.1883520" lon="13.7251920">
    <ele>330.6</ele>
   </trkpt>
   <trkpt lat="46.1883530" lon="13.7252230">
    <ele>330.9</ele>
   </trkpt>
   <trkpt lat="46.1883600" lon="13.7252430">
    <ele>331.1</ele>
   </trkpt>
   <trkpt lat="46.1883670" lon="13.7252720">
    <ele>331.4</ele>
   </trkpt>
   <trkpt lat="46.1883680" lon="13.7252980">
    <ele>331.7</ele>
   </trkpt>
   <trkpt lat="46.1883720" lon="13.7253300">
    <ele>332.0</ele>
   </trkpt>
   <trkpt lat="46.1883730" lon="13.7253620">
    <ele>332.3</ele>
   </trkpt>
   <trkpt lat="46.1883720" lon="13.7253930">
    <ele>332.6</ele>
   </trkpt>
   <trkpt lat="46.1883730" lon="13.7254200">
    <ele>332.9</ele>
   </trkpt>
   <trkpt lat="46.1883750" lon="13.7254500">
    <ele>333.2</ele>
   </trkpt>
   <trkpt lat="46.1883700" lon="13.7254900">
    <ele>333.5</ele>
   </trkpt>
   <trkpt lat="46.1883680" lon="13.7255250">
    <ele>333.9</ele>
   </trkpt>
   <trkpt lat="46.1883650" lon="13.7255480">
    <ele>334.1</ele>
   </trkpt>
   <trkpt lat="46.1883650" lon="13.7255720">
    <ele>334.4</ele>
   </trkpt>
   <trkpt lat="46.1883700" lon="13.7255980">
    <ele>334.6</ele>
   </trkpt>
   <trkpt lat="46.1883750" lon="13.7256230">
    <ele>334.9</ele>
   </trkpt>
   <trkpt lat="46.1883730" lon="13.7256570">
    <ele>335.2</ele>
   </trkpt>
   <trkpt lat="46.1883700" lon="13.7256880">
    <ele>335.5</ele>
   </trkpt>
   <trkpt lat="46.1883630" lon="13.7257180">
    <ele>335.8</ele>
   </trkpt>
   <trkpt lat="46.1883550" lon="13.7257470">
    <ele>336.2</ele>
   </trkpt>
   <trkpt lat="46.1883520" lon="13.7257730">
    <ele>336.4</ele>
   </trkpt>
   <trkpt lat="46.1883470" lon="13.7258000">
    <ele>336.7</ele>
   </trkpt>
   <trkpt lat="46.1883450" lon="13.7258330">
    <ele>337.1</ele>
   </trkpt>
   <trkpt lat="46.1883430" lon="13.7258680">
    <ele>337.4</ele>
   </trkpt>
   <trkpt lat="46.1883420" lon="13.7259050">
    <ele>337.8</ele>
   </trkpt>
   <trkpt lat="46.1883430" lon="13.7259420">
    <ele>338.2</ele>
   </trkpt>
   <trkpt lat="46.1883450" lon="13.7259750">
    <ele>338.6</ele>
   </trkpt>
   <trkpt lat="46.1883500" lon="13.7260020">
    <ele>338.9</ele>
   </trkpt>
   <trkpt lat="46.1883600" lon="13.7260330">
    <ele>339.3</ele>
   </trkpt>
   <trkpt lat="46.1883770" lon="13.7260620">
    <ele>339.6</ele>
   </trkpt>
   <trkpt lat="46.1883900" lon="13.7260850">
    <ele>339.9</ele>
   </trkpt>
   <trkpt lat="46.1884080" lon="13.7261030">
    <ele>340.1</ele>
   </trkpt>
   <trkpt lat="46.1884270" lon="13.7261170">
    <ele>340.4</ele>
   </trkpt>
   <trkpt lat="46.1884480" lon="13.7261270">
    <ele>340.7</ele>
   </trkpt>
   <trkpt lat="46.1884700" lon="13.7261300">
    <ele>341.0</ele>
   </trkpt>
   <trkpt lat="46.1884920" lon="13.7261280">
    <ele>341.3</ele>
   </trkpt>
   <trkpt lat="46.1885130" lon="13.7261220">
    <ele>341.6</ele>
   </trkpt>
   <trkpt lat="46.1885330" lon="13.7261130">
    <ele>341.9</ele>
   </trkpt>
   <trkpt lat="46.1885520" lon="13.7261120">
    <ele>342.1</ele>
   </trkpt>
   <trkpt lat="46.1885700" lon="13.7261180">
    <ele>342.4</ele>
   </trkpt>
   <trkpt lat="46.1885880" lon="13.7261330">
    <ele>342.7</ele>
   </trkpt>
   <trkpt lat="46.1886020" lon="13.7261570">
    <ele>343.0</ele>
   </trkpt>
   <trkpt lat="46.1886100" lon="13.7261830">
    <ele>343.2</ele>
   </trkpt>
   <trkpt lat="46.1886180" lon="13.7262070">
    <ele>343.5</ele>
   </trkpt>
   <trkpt lat="46.1886270" lon="13.7262300">
    <ele>343.7</ele>
   </trkpt>
   <trkpt lat="46.1886350" lon="13.7262570">
    <ele>344.0</ele>
   </trkpt>
   <trkpt lat="46.1886420" lon="13.7262820">
    <ele>344.3</ele>
   </trkpt>
   <trkpt lat="46.1886530" lon="13.7263080">
    <ele>344.6</ele>
   </trkpt>
   <trkpt lat="46.1886670" lon="13.7263300">
    <ele>344.9</ele>
   </trkpt>
   <trkpt lat="46.1886800" lon="13.7263500">
    <ele>345.1</ele>
   </trkpt>
   <trkpt lat="46.1886980" lon="13.7263670">
    <ele>345.4</ele>
   </trkpt>
   <trkpt lat="46.1887120" lon="13.7263850">
    <ele>345.7</ele>
   </trkpt>
   <trkpt lat="46.1887250" lon="13.7263980">
    <ele>345.9</ele>
   </trkpt>
   <trkpt lat="46.1887400" lon="13.7264080">
    <ele>346.2</ele>
   </trkpt>
   <trkpt lat="46.1887550" lon="13.7264170">
    <ele>346.5</ele>
   </trkpt>
   <trkpt lat="46.1887680" lon="13.7264280">
    <ele>346.7</ele>
   </trkpt>
   <trkpt lat="46.1887830" lon="13.7264420">
    <ele>347.0</ele>
   </trkpt>
   <trkpt lat="46.1887970" lon="13.7264550">
    <ele>347.3</ele>
   </trkpt>
   <trkpt lat="46.1888080" lon="13.7264750">
    <ele>347.6</ele>
   </trkpt>
   <trkpt lat="46.1888220" lon="13.7265020">
    <ele>348.0</ele>
   </trkpt>
   <trkpt lat="46.1888370" lon="13.7265350">
    <ele>348.4</ele>
   </trkpt>
   <trkpt lat="46.1888520" lon="13.7265670">
    <ele>348.8</ele>
   </trkpt>
   <trkpt lat="46.1888650" lon="13.7265950">
    <ele>349.2</ele>
   </trkpt>
   <trkpt lat="46.1888780" lon="13.7266170">
    <ele>349.4</ele>
   </trkpt>
   <trkpt lat="46.1888920" lon="13.7266350">
    <ele>349.7</ele>
   </trkpt>
   <trkpt lat="46.1889130" lon="13.7266670">
    <ele>350.1</ele>
   </trkpt>
   <trkpt lat="46.1889320" lon="13.7266920">
    <ele>350.5</ele>
   </trkpt>
   <trkpt lat="46.1889500" lon="13.7267180">
    <ele>350.9</ele>
   </trkpt>
   <trkpt lat="46.1889630" lon="13.7267550">
    <ele>351.3</ele>
   </trkpt>
   <trkpt lat="46.1889780" lon="13.7267880">
    <ele>351.6</ele>
   </trkpt>
   <trkpt lat="46.1889970" lon="13.7268180">
    <ele>352.1</ele>
   </trkpt>
   <trkpt lat="46.1890120" lon="13.7268480">
    <ele>352.4</ele>
   </trkpt>
   <trkpt lat="46.1890270" lon="13.7268720">
    <ele>352.8</ele>
   </trkpt>
   <trkpt lat="46.1890430" lon="13.7269000">
    <ele>353.2</ele>
   </trkpt>
   <trkpt lat="46.1890580" lon="13.7269220">
    <ele>353.5</ele>
   </trkpt>
   <trkpt lat="46.1890680" lon="13.7269480">
    <ele>353.8</ele>
   </trkpt>
   <trkpt lat="46.1890820" lon="13.7269700">
    <ele>354.1</ele>
   </trkpt>
   <trkpt lat="46.1890950" lon="13.7269880">
    <ele>354.4</ele>
   </trkpt>
   <trkpt lat="46.1891030" lon="13.7270100">
    <ele>354.6</ele>
   </trkpt>
   <trkpt lat="46.1891180" lon="13.7270350">
    <ele>355.0</ele>
   </trkpt>
   <trkpt lat="46.1891420" lon="13.7270530">
    <ele>355.3</ele>
   </trkpt>
   <trkpt lat="46.1891600" lon="13.7270720">
    <ele>355.6</ele>
   </trkpt>
   <trkpt lat="46.1891770" lon="13.7270900">
    <ele>355.9</ele>
   </trkpt>
   <trkpt lat="46.1891930" lon="13.7271150">
    <ele>356.3</ele>
   </trkpt>
   <trkpt lat="46.1892080" lon="13.7271430">
    <ele>356.6</ele>
   </trkpt>
   <trkpt lat="46.1892180" lon="13.7271720">
    <ele>356.9</ele>
   </trkpt>
   <trkpt lat="46.1892250" lon="13.7272000">
    <ele>357.2</ele>
   </trkpt>
   <trkpt lat="46.1892350" lon="13.7272220">
    <ele>357.5</ele>
   </trkpt>
   <trkpt lat="46.1892470" lon="13.7272430">
    <ele>357.8</ele>
   </trkpt>
   <trkpt lat="46.1892570" lon="13.7272680">
    <ele>358.1</ele>
   </trkpt>
   <trkpt lat="46.1892650" lon="13.7272920">
    <ele>358.3</ele>
   </trkpt>
   <trkpt lat="46.1892750" lon="13.7273150">
    <ele>358.6</ele>
   </trkpt>
   <trkpt lat="46.1892880" lon="13.7273370">
    <ele>358.9</ele>
   </trkpt>
   <trkpt lat="46.1893020" lon="13.7273580">
    <ele>359.2</ele>
   </trkpt>
   <trkpt lat="46.1893200" lon="13.7273750">
    <ele>359.6</ele>
   </trkpt>
   <trkpt lat="46.1893370" lon="13.7273920">
    <ele>359.9</ele>
   </trkpt>
   <trkpt lat="46.1893520" lon="13.7274130">
    <ele>360.2</ele>
   </trkpt>
   <trkpt lat="46.1893670" lon="13.7274400">
    <ele>360.6</ele>
   </trkpt>
   <trkpt lat="46.1893830" lon="13.7274630">
    <ele>360.9</ele>
   </trkpt>
   <trkpt lat="46.1893930" lon="13.7274870">
    <ele>361.3</ele>
   </trkpt>
   <trkpt lat="46.1894030" lon="13.7275030">
    <ele>361.5</ele>
   </trkpt>
   <trkpt lat="46.1894150" lon="13.7275220">
    <ele>361.8</ele>
   </trkpt>
   <trkpt lat="46.1894180" lon="13.7275280">
    <ele>361.9</ele>
   </trkpt>
   <trkpt lat="46.1894100" lon="13.7275430">
    <ele>362.2</ele>
   </trkpt>
   <trkpt lat="46.1893980" lon="13.7275470">
    <ele>362.4</ele>
   </trkpt>
   <trkpt lat="46.1893880" lon="13.7275330">
    <ele>362.7</ele>
   </trkpt>
   <trkpt lat="46.1893780" lon="13.7275200">
    <ele>362.9</ele>
   </trkpt>
   <trkpt lat="46.1893680" lon="13.7275020">
    <ele>363.2</ele>
   </trkpt>
   <trkpt lat="46.1893580" lon="13.7274850">
    <ele>363.5</ele>
   </trkpt>
   <trkpt lat="46.1893480" lon="13.7274650">
    <ele>363.8</ele>
   </trkpt>
   <trkpt lat="46.1893380" lon="13.7274420">
    <ele>364.1</ele>
   </trkpt>
   <trkpt lat="46.1893300" lon="13.7274220">
    <ele>364.4</ele>
   </trkpt>
   <trkpt lat="46.1893220" lon="13.7273970">
    <ele>364.7</ele>
   </trkpt>
   <trkpt lat="46.1893170" lon="13.7273720">
    <ele>364.9</ele>
   </trkpt>
   <trkpt lat="46.1893130" lon="13.7273470">
    <ele>365.2</ele>
   </trkpt>
   <trkpt lat="46.1893100" lon="13.7273230">
    <ele>365.4</ele>
   </trkpt>
   <trkpt lat="46.1893070" lon="13.7273020">
    <ele>365.6</ele>
   </trkpt>
   <trkpt lat="46.1893020" lon="13.7272820">
    <ele>365.8</ele>
   </trkpt>
   <trkpt lat="46.1892930" lon="13.7272650">
    <ele>366.0</ele>
   </trkpt>
   <trkpt lat="46.1892900" lon="13.7272470">
    <ele>366.2</ele>
   </trkpt>
   <trkpt lat="46.1892850" lon="13.7272150">
    <ele>366.5</ele>
   </trkpt>
   <trkpt lat="46.1892800" lon="13.7271850">
    <ele>366.7</ele>
   </trkpt>
   <trkpt lat="46.1892750" lon="13.7271430">
    <ele>367.1</ele>
   </trkpt>
   <trkpt lat="46.1892730" lon="13.7271020">
    <ele>367.4</ele>
   </trkpt>
   <trkpt lat="46.1892670" lon="13.7270680">
    <ele>367.7</ele>
   </trkpt>
   <trkpt lat="46.1892620" lon="13.7270350">
    <ele>368.0</ele>
   </trkpt>
   <trkpt lat="46.1892570" lon="13.7270080">
    <ele>368.2</ele>
   </trkpt>
   <trkpt lat="46.1892450" lon="13.7269770">
    <ele>368.5</ele>
   </trkpt>
   <trkpt lat="46.1892320" lon="13.7269430">
    <ele>368.8</ele>
   </trkpt>
   <trkpt lat="46.1892180" lon="13.7269130">
    <ele>369.2</ele>
   </trkpt>
   <trkpt lat="46.1892050" lon="13.7268870">
    <ele>369.5</ele>
   </trkpt>
   <trkpt lat="46.1891850" lon="13.7268580">
    <ele>369.8</ele>
   </trkpt>
   <trkpt lat="46.1891670" lon="13.7268320">
    <ele>370.2</ele>
   </trkpt>
   <trkpt lat="46.1891570" lon="13.7268050">
    <ele>370.5</ele>
   </trkpt>
   <trkpt lat="46.1891530" lon="13.7267770">
    <ele>370.8</ele>
   </trkpt>
   <trkpt lat="46.1891520" lon="13.7267500">
    <ele>371.0</ele>
   </trkpt>
   <trkpt lat="46.1891480" lon="13.7267250">
    <ele>371.3</ele>
   </trkpt>
   <trkpt lat="46.1891430" lon="13.7266920">
    <ele>371.6</ele>
   </trkpt>
   <trkpt lat="46.1891380" lon="13.7266600">
    <ele>371.9</ele>
   </trkpt>
   <trkpt lat="46.1891300" lon="13.7266300">
    <ele>372.1</ele>
   </trkpt>
   <trkpt lat="46.1891200" lon="13.7266000">
    <ele>372.4</ele>
   </trkpt>
   <trkpt lat="46.1891100" lon="13.7265700">
    <ele>372.7</ele>
   </trkpt>
   <trkpt lat="46.1891050" lon="13.7265400">
    <ele>373.0</ele>
   </trkpt>
   <trkpt lat="46.1890970" lon="13.7265150">
    <ele>373.3</ele>
   </trkpt>
   <trkpt lat="46.1890830" lon="13.7264820">
    <ele>373.6</ele>
   </trkpt>
   <trkpt lat="46.1890720" lon="13.7264450">
    <ele>374.0</ele>
   </trkpt>
   <trkpt lat="46.1890650" lon="13.7264150">
    <ele>374.3</ele>
   </trkpt>
   <trkpt lat="46.1890580" lon="13.7263830">
    <ele>374.6</ele>
   </trkpt>
   <trkpt lat="46.1890500" lon="13.7263530">
    <ele>374.9</ele>
   </trkpt>
   <trkpt lat="46.1890420" lon="13.7263250">
    <ele>375.2</ele>
   </trkpt>
   <trkpt lat="46.1890320" lon="13.7262920">
    <ele>375.5</ele>
   </trkpt>
   <trkpt lat="46.1890230" lon="13.7262580">
    <ele>375.9</ele>
   </trkpt>
   <trkpt lat="46.1890170" lon="13.7262300">
    <ele>376.2</ele>
   </trkpt>
   <trkpt lat="46.1890070" lon="13.7262020">
    <ele>376.5</ele>
   </trkpt>
   <trkpt lat="46.1889930" lon="13.7261750">
    <ele>376.9</ele>
   </trkpt>
   <trkpt lat="46.1889820" lon="13.7261450">
    <ele>377.2</ele>
   </trkpt>
   <trkpt lat="46.1889700" lon="13.7261150">
    <ele>377.6</ele>
   </trkpt>
   <trkpt lat="46.1889630" lon="13.7260880">
    <ele>377.9</ele>
   </trkpt>
   <trkpt lat="46.1889530" lon="13.7260670">
    <ele>378.1</ele>
   </trkpt>
   <trkpt lat="46.1889450" lon="13.7260480">
    <ele>378.4</ele>
   </trkpt>
   <trkpt lat="46.1889370" lon="13.7260300">
    <ele>378.6</ele>
   </trkpt>
   <trkpt lat="46.1889320" lon="13.7260030">
    <ele>378.8</ele>
   </trkpt>
   <trkpt lat="46.1889230" lon="13.7259780">
    <ele>379.1</ele>
   </trkpt>
   <trkpt lat="46.1889120" lon="13.7259480">
    <ele>379.4</ele>
   </trkpt>
   <trkpt lat="46.1889020" lon="13.7259100">
    <ele>379.8</ele>
   </trkpt>
   <trkpt lat="46.1888930" lon="13.7258780">
    <ele>380.1</ele>
   </trkpt>
   <trkpt lat="46.1888850" lon="13.7258480">
    <ele>380.4</ele>
   </trkpt>
   <trkpt lat="46.1888750" lon="13.7258180">
    <ele>380.7</ele>
   </trkpt>
   <trkpt lat="46.1888630" lon="13.7257870">
    <ele>381.0</ele>
   </trkpt>
   <trkpt lat="46.1888570" lon="13.7257520">
    <ele>381.3</ele>
   </trkpt>
   <trkpt lat="46.1888570" lon="13.7257220">
    <ele>381.6</ele>
   </trkpt>
   <trkpt lat="46.1888580" lon="13.7256930">
    <ele>381.8</ele>
   </trkpt>
   <trkpt lat="46.1888650" lon="13.7256750">
    <ele>382.1</ele>
   </trkpt>
   <trkpt lat="46.1888770" lon="13.7256650">
    <ele>382.3</ele>
   </trkpt>
   <trkpt lat="46.1888880" lon="13.7256620">
    <ele>382.5</ele>
   </trkpt>
   <trkpt lat="46.1889080" lon="13.7256750">
    <ele>382.9</ele>
   </trkpt>
   <trkpt lat="46.1889280" lon="13.7256880">
    <ele>383.2</ele>
   </trkpt>
   <trkpt lat="46.1889450" lon="13.7257080">
    <ele>383.6</ele>
   </trkpt>
   <trkpt lat="46.1889600" lon="13.7257280">
    <ele>383.9</ele>
   </trkpt>
   <trkpt lat="46.1889720" lon="13.7257520">
    <ele>384.2</ele>
   </trkpt>
   <trkpt lat="46.1889880" lon="13.7257800">
    <ele>384.6</ele>
   </trkpt>
   <trkpt lat="46.1890030" lon="13.7258030">
    <ele>384.9</ele>
   </trkpt>
   <trkpt lat="46.1890120" lon="13.7258180">
    <ele>385.1</ele>
   </trkpt>
   <trkpt lat="46.1890180" lon="13.7258350">
    <ele>385.3</ele>
   </trkpt>
   <trkpt lat="46.1890250" lon="13.7258530">
    <ele>385.5</ele>
   </trkpt>
   <trkpt lat="46.1890350" lon="13.7258730">
    <ele>385.7</ele>
   </trkpt>
   <trkpt lat="46.1890470" lon="13.7258970">
    <ele>386.0</ele>
   </trkpt>
   <trkpt lat="46.1890600" lon="13.7259180">
    <ele>386.3</ele>
   </trkpt>
   <trkpt lat="46.1890720" lon="13.7259380">
    <ele>386.5</ele>
   </trkpt>
   <trkpt lat="46.1890820" lon="13.7259600">
    <ele>386.7</ele>
   </trkpt>
   <trkpt lat="46.1890920" lon="13.7259870">
    <ele>387.0</ele>
   </trkpt>
   <trkpt lat="46.1891000" lon="13.7260100">
    <ele>387.2</ele>
   </trkpt>
   <trkpt lat="46.1891150" lon="13.7260220">
    <ele>387.5</ele>
   </trkpt>
   <trkpt lat="46.1891280" lon="13.7260400">
    <ele>387.7</ele>
   </trkpt>
   <trkpt lat="46.1891400" lon="13.7260550">
    <ele>387.9</ele>
   </trkpt>
   <trkpt lat="46.1891520" lon="13.7260750">
    <ele>388.1</ele>
   </trkpt>
   <trkpt lat="46.1891620" lon="13.7260970">
    <ele>388.3</ele>
   </trkpt>
   <trkpt lat="46.1891730" lon="13.7261170">
    <ele>388.5</ele>
   </trkpt>
   <trkpt lat="46.1891850" lon="13.7261370">
    <ele>388.7</ele>
   </trkpt>
   <trkpt lat="46.1891950" lon="13.7261570">
    <ele>388.9</ele>
   </trkpt>
   <trkpt lat="46.1892050" lon="13.7261730">
    <ele>389.1</ele>
   </trkpt>
   <trkpt lat="46.1892150" lon="13.7261970">
    <ele>389.3</ele>
   </trkpt>
   <trkpt lat="46.1892230" lon="13.7262220">
    <ele>389.6</ele>
   </trkpt>
   <trkpt lat="46.1892320" lon="13.7262470">
    <ele>389.8</ele>
   </trkpt>
   <trkpt lat="46.1892400" lon="13.7262720">
    <ele>390.0</ele>
   </trkpt>
   <trkpt lat="46.1892520" lon="13.7262970">
    <ele>390.3</ele>
   </trkpt>
   <trkpt lat="46.1892750" lon="13.7263280">
    <ele>390.7</ele>
   </trkpt>
   <trkpt lat="46.1892920" lon="13.7263580">
    <ele>391.0</ele>
   </trkpt>
   <trkpt lat="46.1893080" lon="13.7263880">
    <ele>391.4</ele>
   </trkpt>
   <trkpt lat="46.1893320" lon="13.7264230">
    <ele>391.8</ele>
   </trkpt>
   <trkpt lat="46.1893520" lon="13.7264530">
    <ele>392.2</ele>
   </trkpt>
   <trkpt lat="46.1893580" lon="13.7264830">
    <ele>392.5</ele>
   </trkpt>
   <trkpt lat="46.1893700" lon="13.7265100">
    <ele>392.8</ele>
   </trkpt>
   <trkpt lat="46.1893820" lon="13.7265330">
    <ele>393.1</ele>
   </trkpt>
   <trkpt lat="46.1893950" lon="13.7265530">
    <ele>393.3</ele>
   </trkpt>
   <trkpt lat="46.1894150" lon="13.7265770">
    <ele>393.7</ele>
   </trkpt>
   <trkpt lat="46.1894400" lon="13.7265930">
    <ele>394.0</ele>
   </trkpt>
   <trkpt lat="46.1894620" lon="13.7266130">
    <ele>394.4</ele>
   </trkpt>
   <trkpt lat="46.1894750" lon="13.7266400">
    <ele>394.7</ele>
   </trkpt>
   <trkpt lat="46.1894830" lon="13.7266650">
    <ele>395.0</ele>
   </trkpt>
   <trkpt lat="46.1894930" lon="13.7266900">
    <ele>395.3</ele>
   </trkpt>
   <trkpt lat="46.1895050" lon="13.7267120">
    <ele>395.5</ele>
   </trkpt>
   <trkpt lat="46.1895180" lon="13.7267330">
    <ele>395.8</ele>
   </trkpt>
   <trkpt lat="46.1895270" lon="13.7267550">
    <ele>396.0</ele>
   </trkpt>
   <trkpt lat="46.1895380" lon="13.7267820">
    <ele>396.3</ele>
   </trkpt>
   <trkpt lat="46.1895520" lon="13.7268100">
    <ele>396.7</ele>
   </trkpt>
   <trkpt lat="46.1895620" lon="13.7268370">
    <ele>396.9</ele>
   </trkpt>
   <trkpt lat="46.1895770" lon="13.7268600">
    <ele>397.2</ele>
   </trkpt>
   <trkpt lat="46.1895930" lon="13.7268800">
    <ele>397.5</ele>
   </trkpt>
   <trkpt lat="46.1896080" lon="13.7268970">
    <ele>397.8</ele>
   </trkpt>
   <trkpt lat="46.1896220" lon="13.7269080">
    <ele>398.0</ele>
   </trkpt>
   <trkpt lat="46.1896330" lon="13.7269130">
    <ele>398.2</ele>
   </trkpt>
   <trkpt lat="46.1896500" lon="13.7269300">
    <ele>398.5</ele>
   </trkpt>
   <trkpt lat="46.1896620" lon="13.7269400">
    <ele>398.7</ele>
   </trkpt>
   <trkpt lat="46.1896680" lon="13.7269370">
    <ele>398.8</ele>
   </trkpt>
   <trkpt lat="46.1896650" lon="13.7269270">
    <ele>399.0</ele>
   </trkpt>
   <trkpt lat="46.1896630" lon="13.7269170">
    <ele>399.1</ele>
   </trkpt>
   <trkpt lat="46.1896550" lon="13.7269000">
    <ele>399.3</ele>
   </trkpt>
   <trkpt lat="46.1896450" lon="13.7268800">
    <ele>399.6</ele>
   </trkpt>
   <trkpt lat="46.1896370" lon="13.7268620">
    <ele>399.8</ele>
   </trkpt>
   <trkpt lat="46.1896330" lon="13.7268450">
    <ele>400.0</ele>
   </trkpt>
   <trkpt lat="46.1896380" lon="13.7268220">
    <ele>400.3</ele>
   </trkpt>
   <trkpt lat="46.1896470" lon="13.7268120">
    <ele>400.8</ele>
   </trkpt>
   <trkpt lat="46.1896530" lon="13.7268130">
    <ele>401.0</ele>
   </trkpt>
   <trkpt lat="46.1896630" lon="13.7268230">
    <ele>401.5</ele>
   </trkpt>
   <trkpt lat="46.1896800" lon="13.7268220">
    <ele>402.4</ele>
   </trkpt>
   <trkpt lat="46.1896850" lon="13.7268200">
    <ele>402.5</ele>
   </trkpt>
   <trkpt lat="46.1896880" lon="13.7268150">
    <ele>402.7</ele>
   </trkpt>
   <trkpt lat="46.1896900" lon="13.7268050">
    <ele>402.9</ele>
   </trkpt>
   <trkpt lat="46.1896930" lon="13.7267900">
    <ele>403.2</ele>
   </trkpt>
   <trkpt lat="46.1896950" lon="13.7267770">
    <ele>403.5</ele>
   </trkpt>
   <trkpt lat="46.1896930" lon="13.7267650">
    <ele>403.8</ele>
   </trkpt>
   <trkpt lat="46.1896950" lon="13.7267570">
    <ele>403.9</ele>
   </trkpt>
   <trkpt lat="46.1897000" lon="13.7267520">
    <ele>404.1</ele>
   </trkpt>
   <trkpt lat="46.1897080" lon="13.7267430">
    <ele>404.4</ele>
   </trkpt>
   <trkpt lat="46.1897150" lon="13.7267350">
    <ele>404.7</ele>
   </trkpt>
   <trkpt lat="46.1897200" lon="13.7267250">
    <ele>404.9</ele>
   </trkpt>
   <trkpt lat="46.1897270" lon="13.7267120">
    <ele>405.2</ele>
   </trkpt>
   <trkpt lat="46.1897280" lon="13.7266920">
    <ele>405.6</ele>
   </trkpt>
   <trkpt lat="46.1897350" lon="13.7266750">
    <ele>406.0</ele>
   </trkpt>
   <trkpt lat="46.1897350" lon="13.7266650">
    <ele>406.2</ele>
   </trkpt>
   <trkpt lat="46.1897350" lon="13.7266550">
    <ele>406.3</ele>
   </trkpt>
   <trkpt lat="46.1897330" lon="13.7266450">
    <ele>406.5</ele>
   </trkpt>
   <trkpt lat="46.1897300" lon="13.7266280">
    <ele>406.8</ele>
   </trkpt>
   <trkpt lat="46.1897270" lon="13.7266070">
    <ele>407.2</ele>
   </trkpt>
   <trkpt lat="46.1897180" lon="13.7265820">
    <ele>407.6</ele>
   </trkpt>
   <trkpt lat="46.1897070" lon="13.7265570">
    <ele>408.1</ele>
   </trkpt>
   <trkpt lat="46.1896950" lon="13.7265370">
    <ele>408.5</ele>
   </trkpt>
   <trkpt lat="46.1896850" lon="13.7265120">
    <ele>408.8</ele>
   </trkpt>
   <trkpt lat="46.1896820" lon="13.7264880">
    <ele>409.1</ele>
   </trkpt>
   <trkpt lat="46.1896780" lon="13.7264650">
    <ele>409.4</ele>
   </trkpt>
   <trkpt lat="46.1896770" lon="13.7264420">
    <ele>409.7</ele>
   </trkpt>
   <trkpt lat="46.1896730" lon="13.7264220">
    <ele>409.9</ele>
   </trkpt>
   <trkpt lat="46.1896680" lon="13.7264000">
    <ele>410.2</ele>
   </trkpt>
   <trkpt lat="46.1896650" lon="13.7263800">
    <ele>410.4</ele>
   </trkpt>
   <trkpt lat="46.1896670" lon="13.7263620">
    <ele>410.6</ele>
   </trkpt>
   <trkpt lat="46.1896680" lon="13.7263450">
    <ele>410.8</ele>
   </trkpt>
   <trkpt lat="46.1896750" lon="13.7263350">
    <ele>411.0</ele>
   </trkpt>
   <trkpt lat="46.1896850" lon="13.7263300">
    <ele>411.2</ele>
   </trkpt>
   <trkpt lat="46.1896970" lon="13.7263300">
    <ele>411.3</ele>
   </trkpt>
   <trkpt lat="46.1897030" lon="13.7263230">
    <ele>411.5</ele>
   </trkpt>
   <trkpt lat="46.1897080" lon="13.7263120">
    <ele>411.6</ele>
   </trkpt>
   <trkpt lat="46.1897100" lon="13.7262970">
    <ele>411.8</ele>
   </trkpt>
   <trkpt lat="46.1897120" lon="13.7262800">
    <ele>412.0</ele>
   </trkpt>
   <trkpt lat="46.1897080" lon="13.7262630">
    <ele>412.3</ele>
   </trkpt>
   <trkpt lat="46.1897000" lon="13.7262470">
    <ele>412.5</ele>
   </trkpt>
   <trkpt lat="46.1896920" lon="13.7262280">
    <ele>412.8</ele>
   </trkpt>
   <trkpt lat="46.1896850" lon="13.7262150">
    <ele>413.0</ele>
   </trkpt>
   <trkpt lat="46.1896770" lon="13.7262050">
    <ele>413.3</ele>
   </trkpt>
   <trkpt lat="46.1896720" lon="13.7261920">
    <ele>413.5</ele>
   </trkpt>
   <trkpt lat="46.1896650" lon="13.7261770">
    <ele>413.7</ele>
   </trkpt>
   <trkpt lat="46.1896620" lon="13.7261550">
    <ele>414.0</ele>
   </trkpt>
   <trkpt lat="46.1896600" lon="13.7261320">
    <ele>414.3</ele>
   </trkpt>
   <trkpt lat="46.1896600" lon="13.7261100">
    <ele>414.7</ele>
   </trkpt>
   <trkpt lat="46.1896570" lon="13.7260800">
    <ele>415.1</ele>
   </trkpt>
   <trkpt lat="46.1896580" lon="13.7260520">
    <ele>415.4</ele>
   </trkpt>
   <trkpt lat="46.1896630" lon="13.7260200">
    <ele>415.9</ele>
   </trkpt>
   <trkpt lat="46.1896780" lon="13.7259970">
    <ele>416.3</ele>
   </trkpt>
   <trkpt lat="46.1896950" lon="13.7259800">
    <ele>416.6</ele>
   </trkpt>
   <trkpt lat="46.1897050" lon="13.7259630">
    <ele>416.9</ele>
   </trkpt>
   <trkpt lat="46.1897270" lon="13.7259450">
    <ele>417.3</ele>
   </trkpt>
   <trkpt lat="46.1897450" lon="13.7259280">
    <ele>417.6</ele>
   </trkpt>
   <trkpt lat="46.1897680" lon="13.7259220">
    <ele>417.9</ele>
   </trkpt>
   <trkpt lat="46.1897870" lon="13.7259080">
    <ele>418.2</ele>
   </trkpt>
   <trkpt lat="46.1898020" lon="13.7258900">
    <ele>418.4</ele>
   </trkpt>
   <trkpt lat="46.1898020" lon="13.7258650">
    <ele>418.6</ele>
   </trkpt>
   <trkpt lat="46.1898020" lon="13.7258330">
    <ele>418.9</ele>
   </trkpt>
   <trkpt lat="46.1897970" lon="13.7257980">
    <ele>418.7</ele>
   </trkpt>
   <trkpt lat="46.1897900" lon="13.7257570">
    <ele>418.6</ele>
   </trkpt>
   <trkpt lat="46.1897780" lon="13.7257080">
    <ele>418.5</ele>
   </trkpt>
   <trkpt lat="46.1897650" lon="13.7256620">
    <ele>418.3</ele>
   </trkpt>
   <trkpt lat="46.1897520" lon="13.7256120">
    <ele>418.2</ele>
   </trkpt>
   <trkpt lat="46.1897370" lon="13.7255600">
    <ele>418.0</ele>
   </trkpt>
   <trkpt lat="46.1897230" lon="13.7255120">
    <ele>417.9</ele>
   </trkpt>
   <trkpt lat="46.1897120" lon="13.7254630">
    <ele>417.7</ele>
   </trkpt>
   <trkpt lat="46.1896980" lon="13.7254150">
    <ele>417.5</ele>
   </trkpt>
   <trkpt lat="46.1896850" lon="13.7253720">
    <ele>417.3</ele>
   </trkpt>
   <trkpt lat="46.1896700" lon="13.7253330">
    <ele>417.2</ele>
   </trkpt>
   <trkpt lat="46.1896500" lon="13.7253100">
    <ele>417.0</ele>
   </trkpt>
   <trkpt lat="46.1896270" lon="13.7252980">
    <ele>416.8</ele>
   </trkpt>
   <trkpt lat="46.1896020" lon="13.7252980">
    <ele>416.7</ele>
   </trkpt>
   <trkpt lat="46.1895800" lon="13.7253000">
    <ele>416.5</ele>
   </trkpt>
   <trkpt lat="46.1895700" lon="13.7253250">
    <ele>416.3</ele>
   </trkpt>
   <trkpt lat="46.1895580" lon="13.7253370">
    <ele>416.2</ele>
   </trkpt>
   <trkpt lat="46.1895470" lon="13.7253450">
    <ele>416.1</ele>
   </trkpt>
   <trkpt lat="46.1895420" lon="13.7253450">
    <ele>416.0</ele>
   </trkpt>
   <trkpt lat="46.1895370" lon="13.7253420">
    <ele>416.0</ele>
   </trkpt>
   <trkpt lat="46.1895370" lon="13.7253470">
    <ele>416.0</ele>
   </trkpt>
   <trkpt lat="46.1895370" lon="13.7253500">
    <ele>415.9</ele>
   </trkpt>
   <trkpt lat="46.1895470" lon="13.7253600">
    <ele>415.8</ele>
   </trkpt>
   <trkpt lat="46.1895420" lon="13.7253720">
    <ele>415.7</ele>
   </trkpt>
   <trkpt lat="46.1895250" lon="13.7253750">
    <ele>415.5</ele>
   </trkpt>
   <trkpt lat="46.1895050" lon="13.7253830">
    <ele>415.3</ele>
   </trkpt>
   <trkpt lat="46.1894850" lon="13.7253900">
    <ele>415.0</ele>
   </trkpt>
   <trkpt lat="46.1894650" lon="13.7253920">
    <ele>414.8</ele>
   </trkpt>
   <trkpt lat="46.1894420" lon="13.7253920">
    <ele>414.5</ele>
   </trkpt>
   <trkpt lat="46.1894220" lon="13.7253870">
    <ele>414.2</ele>
   </trkpt>
   <trkpt lat="46.1893980" lon="13.7253820">
    <ele>413.9</ele>
   </trkpt>
   <trkpt lat="46.1893770" lon="13.7253670">
    <ele>413.2</ele>
   </trkpt>
   <trkpt lat="46.1893600" lon="13.7253400">
    <ele>412.7</ele>
   </trkpt>
   <trkpt lat="46.1893530" lon="13.7253080">
    <ele>412.1</ele>
   </trkpt>
   <trkpt lat="46.1893530" lon="13.7252730">
    <ele>411.6</ele>
   </trkpt>
   <trkpt lat="46.1893550" lon="13.7252380">
    <ele>411.0</ele>
   </trkpt>
   <trkpt lat="46.1893500" lon="13.7252030">
    <ele>410.4</ele>
   </trkpt>
   <trkpt lat="46.1893350" lon="13.7251750">
    <ele>409.7</ele>
   </trkpt>
   <trkpt lat="46.1893120" lon="13.7251580">
    <ele>409.0</ele>
   </trkpt>
   <trkpt lat="46.1892900" lon="13.7251500">
    <ele>408.3</ele>
   </trkpt>
   <trkpt lat="46.1892680" lon="13.7251530">
    <ele>407.6</ele>
   </trkpt>
   <trkpt lat="46.1892470" lon="13.7251700">
    <ele>406.9</ele>
   </trkpt>
   <trkpt lat="46.1892200" lon="13.7251930">
    <ele>405.9</ele>
   </trkpt>
   <trkpt lat="46.1891900" lon="13.7252120">
    <ele>404.9</ele>
   </trkpt>
   <trkpt lat="46.1891620" lon="13.7252050">
    <ele>404.1</ele>
   </trkpt>
   <trkpt lat="46.1891450" lon="13.7251780">
    <ele>403.3</ele>
   </trkpt>
   <trkpt lat="46.1891400" lon="13.7251370">
    <ele>402.5</ele>
   </trkpt>
   <trkpt lat="46.1891500" lon="13.7250880">
    <ele>401.5</ele>
   </trkpt>
   <trkpt lat="46.1891670" lon="13.7250320">
    <ele>400.4</ele>
   </trkpt>
   <trkpt lat="46.1891900" lon="13.7249680">
    <ele>399.0</ele>
   </trkpt>
   <trkpt lat="46.1892230" lon="13.7249170">
    <ele>398.0</ele>
   </trkpt>
   <trkpt lat="46.1892550" lon="13.7248720">
    <ele>397.2</ele>
   </trkpt>
   <trkpt lat="46.1892850" lon="13.7248320">
    <ele>396.5</ele>
   </trkpt>
   <trkpt lat="46.1893170" lon="13.7247950">
    <ele>395.8</ele>
   </trkpt>
   <trkpt lat="46.1893550" lon="13.7247630">
    <ele>395.0</ele>
   </trkpt>
   <trkpt lat="46.1893880" lon="13.7247380">
    <ele>394.4</ele>
   </trkpt>
   <trkpt lat="46.1894250" lon="13.7247170">
    <ele>393.8</ele>
   </trkpt>
   <trkpt lat="46.1894700" lon="13.7247000">
    <ele>393.1</ele>
   </trkpt>
   <trkpt lat="46.1895130" lon="13.7246820">
    <ele>392.5</ele>
   </trkpt>
   <trkpt lat="46.1895530" lon="13.7246700">
    <ele>391.9</ele>
   </trkpt>
   <trkpt lat="46.1895970" lon="13.7246600">
    <ele>391.3</ele>
   </trkpt>
   <trkpt lat="46.1896420" lon="13.7246470">
    <ele>390.5</ele>
   </trkpt>
   <trkpt lat="46.1896880" lon="13.7246370">
    <ele>389.7</ele>
   </trkpt>
   <trkpt lat="46.1897330" lon="13.7246300">
    <ele>388.8</ele>
   </trkpt>
   <trkpt lat="46.1897800" lon="13.7246270">
    <ele>387.9</ele>
   </trkpt>
   <trkpt lat="46.1898270" lon="13.7246320">
    <ele>387.0</ele>
   </trkpt>
   <trkpt lat="46.1898750" lon="13.7246380">
    <ele>386.0</ele>
   </trkpt>
   <trkpt lat="46.1899220" lon="13.7246480">
    <ele>385.1</ele>
   </trkpt>
   <trkpt lat="46.1899650" lon="13.7246600">
    <ele>384.2</ele>
   </trkpt>
   <trkpt lat="46.1900100" lon="13.7246720">
    <ele>383.3</ele>
   </trkpt>
   <trkpt lat="46.1900580" lon="13.7246870">
    <ele>382.4</ele>
   </trkpt>
   <trkpt lat="46.1901080" lon="13.7247080">
    <ele>381.3</ele>
   </trkpt>
   <trkpt lat="46.1901520" lon="13.7247380">
    <ele>380.4</ele>
   </trkpt>
   <trkpt lat="46.1901930" lon="13.7247800">
    <ele>379.5</ele>
   </trkpt>
   <trkpt lat="46.1902370" lon="13.7248300">
    <ele>378.5</ele>
   </trkpt>
   <trkpt lat="46.1902730" lon="13.7248830">
    <ele>377.6</ele>
   </trkpt>
   <trkpt lat="46.1903080" lon="13.7249350">
    <ele>376.7</ele>
   </trkpt>
   <trkpt lat="46.1903430" lon="13.7249830">
    <ele>375.9</ele>
   </trkpt>
   <trkpt lat="46.1903730" lon="13.7250300">
    <ele>375.0</ele>
   </trkpt>
   <trkpt lat="46.1904030" lon="13.7250800">
    <ele>374.2</ele>
   </trkpt>
   <trkpt lat="46.1904350" lon="13.7251270">
    <ele>373.3</ele>
   </trkpt>
   <trkpt lat="46.1904600" lon="13.7251620">
    <ele>372.6</ele>
   </trkpt>
   <trkpt lat="46.1904950" lon="13.7252080">
    <ele>371.6</ele>
   </trkpt>
   <trkpt lat="46.1905250" lon="13.7252530">
    <ele>370.6</ele>
   </trkpt>
   <trkpt lat="46.1905530" lon="13.7252950">
    <ele>369.7</ele>
   </trkpt>
   <trkpt lat="46.1905830" lon="13.7253430">
    <ele>368.7</ele>
   </trkpt>
   <trkpt lat="46.1906120" lon="13.7253950">
    <ele>367.6</ele>
   </trkpt>
   <trkpt lat="46.1906420" lon="13.7254520">
    <ele>366.5</ele>
   </trkpt>
   <trkpt lat="46.1906720" lon="13.7255100">
    <ele>365.4</ele>
   </trkpt>
   <trkpt lat="46.1907000" lon="13.7255650">
    <ele>364.4</ele>
   </trkpt>
   <trkpt lat="46.1907250" lon="13.7256180">
    <ele>363.4</ele>
   </trkpt>
   <trkpt lat="46.1907500" lon="13.7256670">
    <ele>362.5</ele>
   </trkpt>
   <trkpt lat="46.1907750" lon="13.7257080">
    <ele>361.7</ele>
   </trkpt>
   <trkpt lat="46.1908070" lon="13.7257370">
    <ele>360.9</ele>
   </trkpt>
   <trkpt lat="46.1908330" lon="13.7257380">
    <ele>360.3</ele>
   </trkpt>
   <trkpt lat="46.1908620" lon="13.7257280">
    <ele>359.8</ele>
   </trkpt>
   <trkpt lat="46.1908780" lon="13.7257070">
    <ele>359.2</ele>
   </trkpt>
   <trkpt lat="46.1908850" lon="13.7256570">
    <ele>358.3</ele>
   </trkpt>
   <trkpt lat="46.1908870" lon="13.7255970">
    <ele>357.4</ele>
   </trkpt>
   <trkpt lat="46.1908850" lon="13.7255330">
    <ele>356.4</ele>
   </trkpt>
   <trkpt lat="46.1908800" lon="13.7254600">
    <ele>355.2</ele>
   </trkpt>
   <trkpt lat="46.1908720" lon="13.7253880">
    <ele>354.2</ele>
   </trkpt>
   <trkpt lat="46.1908630" lon="13.7253180">
    <ele>353.2</ele>
   </trkpt>
   <trkpt lat="46.1908570" lon="13.7252450">
    <ele>352.3</ele>
   </trkpt>
   <trkpt lat="46.1908530" lon="13.7251770">
    <ele>351.4</ele>
   </trkpt>
   <trkpt lat="46.1908470" lon="13.7251130">
    <ele>350.6</ele>
   </trkpt>
   <trkpt lat="46.1908420" lon="13.7250530">
    <ele>349.8</ele>
   </trkpt>
   <trkpt lat="46.1908380" lon="13.7249930">
    <ele>349.1</ele>
   </trkpt>
   <trkpt lat="46.1908370" lon="13.7249350">
    <ele>348.3</ele>
   </trkpt>
   <trkpt lat="46.1908480" lon="13.7248830">
    <ele>347.6</ele>
   </trkpt>
   <trkpt lat="46.1908720" lon="13.7248450">
    <ele>346.9</ele>
   </trkpt>
   <trkpt lat="46.1909050" lon="13.7248280">
    <ele>346.2</ele>
   </trkpt>
   <trkpt lat="46.1909420" lon="13.7248320">
    <ele>345.4</ele>
   </trkpt>
   <trkpt lat="46.1909770" lon="13.7248520">
    <ele>344.7</ele>
   </trkpt>
   <trkpt lat="46.1910070" lon="13.7248830">
    <ele>344.0</ele>
   </trkpt>
   <trkpt lat="46.1910500" lon="13.7249350">
    <ele>342.9</ele>
   </trkpt>
   <trkpt lat="46.1910780" lon="13.7249800">
    <ele>342.1</ele>
   </trkpt>
   <trkpt lat="46.1911000" lon="13.7250300">
    <ele>341.4</ele>
   </trkpt>
   <trkpt lat="46.1911230" lon="13.7250850">
    <ele>340.5</ele>
   </trkpt>
   <trkpt lat="46.1911430" lon="13.7251470">
    <ele>339.7</ele>
   </trkpt>
   <trkpt lat="46.1911650" lon="13.7251950">
    <ele>338.9</ele>
   </trkpt>
   <trkpt lat="46.1911930" lon="13.7252680">
    <ele>337.9</ele>
   </trkpt>
   <trkpt lat="46.1912200" lon="13.7253300">
    <ele>336.9</ele>
   </trkpt>
   <trkpt lat="46.1912470" lon="13.7253850">
    <ele>336.1</ele>
   </trkpt>
   <trkpt lat="46.1912730" lon="13.7254400">
    <ele>335.2</ele>
   </trkpt>
   <trkpt lat="46.1913070" lon="13.7254930">
    <ele>334.3</ele>
   </trkpt>
   <trkpt lat="46.1913320" lon="13.7255430">
    <ele>333.4</ele>
   </trkpt>
   <trkpt lat="46.1913530" lon="13.7255930">
    <ele>332.6</ele>
   </trkpt>
   <trkpt lat="46.1913750" lon="13.7256480">
    <ele>331.7</ele>
   </trkpt>
   <trkpt lat="46.1913950" lon="13.7257100">
    <ele>330.7</ele>
   </trkpt>
   <trkpt lat="46.1914150" lon="13.7257720">
    <ele>329.8</ele>
   </trkpt>
   <trkpt lat="46.1914330" lon="13.7258370">
    <ele>329.0</ele>
   </trkpt>
   <trkpt lat="46.1914480" lon="13.7259000">
    <ele>328.4</ele>
   </trkpt>
   <trkpt lat="46.1914730" lon="13.7259650">
    <ele>327.8</ele>
   </trkpt>
   <trkpt lat="46.1914920" lon="13.7260250">
    <ele>327.2</ele>
   </trkpt>
   <trkpt lat="46.1915100" lon="13.7260880">
    <ele>326.6</ele>
   </trkpt>
   <trkpt lat="46.1915270" lon="13.7261380">
    <ele>326.0</ele>
   </trkpt>
   <trkpt lat="46.1915430" lon="13.7261750">
    <ele>325.5</ele>
   </trkpt>
   <trkpt lat="46.1915750" lon="13.7262380">
    <ele>324.5</ele>
   </trkpt>
   <trkpt lat="46.1915930" lon="13.7262900">
    <ele>323.6</ele>
   </trkpt>
   <trkpt lat="46.1916050" lon="13.7263370">
    <ele>322.8</ele>
   </trkpt>
   <trkpt lat="46.1916170" lon="13.7263920">
    <ele>321.9</ele>
   </trkpt>
   <trkpt lat="46.1916270" lon="13.7264530">
    <ele>320.9</ele>
   </trkpt>
   <trkpt lat="46.1916400" lon="13.7265100">
    <ele>319.9</ele>
   </trkpt>
   <trkpt lat="46.1916520" lon="13.7265670">
    <ele>319.1</ele>
   </trkpt>
   <trkpt lat="46.1916670" lon="13.7266280">
    <ele>318.2</ele>
   </trkpt>
   <trkpt lat="46.1916800" lon="13.7266880">
    <ele>317.3</ele>
   </trkpt>
   <trkpt lat="46.1916800" lon="13.7267480">
    <ele>316.5</ele>
   </trkpt>
   <trkpt lat="46.1916800" lon="13.7268170">
    <ele>315.5</ele>
   </trkpt>
   <trkpt lat="46.1916820" lon="13.7268780">
    <ele>314.7</ele>
   </trkpt>
   <trkpt lat="46.1916750" lon="13.7269430">
    <ele>313.8</ele>
   </trkpt>
   <trkpt lat="46.1916680" lon="13.7270100">
    <ele>313.0</ele>
   </trkpt>
   <trkpt lat="46.1916600" lon="13.7270830">
    <ele>312.1</ele>
   </trkpt>
   <trkpt lat="46.1916550" lon="13.7271620">
    <ele>311.3</ele>
   </trkpt>
   <trkpt lat="46.1916380" lon="13.7272370">
    <ele>310.4</ele>
   </trkpt>
   <trkpt lat="46.1916200" lon="13.7273120">
    <ele>309.7</ele>
   </trkpt>
   <trkpt lat="46.1915980" lon="13.7273880">
    <ele>308.9</ele>
   </trkpt>
   <trkpt lat="46.1915800" lon="13.7274370">
    <ele>308.5</ele>
   </trkpt>
   <trkpt lat="46.1915350" lon="13.7275050">
    <ele>307.7</ele>
   </trkpt>
   <trkpt lat="46.1915050" lon="13.7275630">
    <ele>307.2</ele>
   </trkpt>
   <trkpt lat="46.1914700" lon="13.7276180">
    <ele>306.8</ele>
   </trkpt>
   <trkpt lat="46.1914380" lon="13.7276750">
    <ele>306.3</ele>
   </trkpt>
   <trkpt lat="46.1914080" lon="13.7277330">
    <ele>305.9</ele>
   </trkpt>
   <trkpt lat="46.1913850" lon="13.7277900">
    <ele>305.4</ele>
   </trkpt>
   <trkpt lat="46.1913530" lon="13.7278280">
    <ele>304.9</ele>
   </trkpt>
   <trkpt lat="46.1913330" lon="13.7278720">
    <ele>304.5</ele>
   </trkpt>
   <trkpt lat="46.1913080" lon="13.7279150">
    <ele>303.8</ele>
   </trkpt>
   <trkpt lat="46.1912870" lon="13.7279650">
    <ele>303.1</ele>
   </trkpt>
   <trkpt lat="46.1912700" lon="13.7280120">
    <ele>302.4</ele>
   </trkpt>
   <trkpt lat="46.1912470" lon="13.7280570">
    <ele>301.7</ele>
   </trkpt>
   <trkpt lat="46.1912230" lon="13.7281200">
    <ele>300.7</ele>
   </trkpt>
   <trkpt lat="46.1911980" lon="13.7281680">
    <ele>299.8</ele>
   </trkpt>
   <trkpt lat="46.1911700" lon="13.7282170">
    <ele>298.8</ele>
   </trkpt>
   <trkpt lat="46.1911450" lon="13.7282600">
    <ele>297.9</ele>
   </trkpt>
   <trkpt lat="46.1911250" lon="13.7282870">
    <ele>297.1</ele>
   </trkpt>
   <trkpt lat="46.1911080" lon="13.7283030">
    <ele>296.6</ele>
   </trkpt>
   <trkpt lat="46.1910800" lon="13.7283400">
    <ele>295.5</ele>
   </trkpt>
   <trkpt lat="46.1910530" lon="13.7283650">
    <ele>294.6</ele>
   </trkpt>
   <trkpt lat="46.1910170" lon="13.7283970">
    <ele>293.5</ele>
   </trkpt>
   <trkpt lat="46.1909800" lon="13.7284300">
    <ele>292.2</ele>
   </trkpt>
   <trkpt lat="46.1909430" lon="13.7284500">
    <ele>291.1</ele>
   </trkpt>
   <trkpt lat="46.1909030" lon="13.7284770">
    <ele>289.9</ele>
   </trkpt>
   <trkpt lat="46.1908430" lon="13.7285230">
    <ele>288.1</ele>
   </trkpt>
   <trkpt lat="46.1908130" lon="13.7285550">
    <ele>287.1</ele>
   </trkpt>
   <trkpt lat="46.1907920" lon="13.7285680">
    <ele>286.5</ele>
   </trkpt>
   <trkpt lat="46.1907680" lon="13.7285850">
    <ele>285.9</ele>
   </trkpt>
   <trkpt lat="46.1907350" lon="13.7286020">
    <ele>285.0</ele>
   </trkpt>
   <trkpt lat="46.1906830" lon="13.7286270">
    <ele>283.7</ele>
   </trkpt>
   <trkpt lat="46.1906350" lon="13.7286550">
    <ele>282.6</ele>
   </trkpt>
   <trkpt lat="46.1905920" lon="13.7286800">
    <ele>281.7</ele>
   </trkpt>
   <trkpt lat="46.1905250" lon="13.7287120">
    <ele>280.5</ele>
   </trkpt>
   <trkpt lat="46.1904730" lon="13.7287320">
    <ele>279.7</ele>
   </trkpt>
   <trkpt lat="46.1904350" lon="13.7287530">
    <ele>279.1</ele>
   </trkpt>
   <trkpt lat="46.1904070" lon="13.7287870">
    <ele>278.5</ele>
   </trkpt>
   <trkpt lat="46.1903870" lon="13.7288300">
    <ele>277.9</ele>
   </trkpt>
   <trkpt lat="46.1903480" lon="13.7289030">
    <ele>276.8</ele>
   </trkpt>
   <trkpt lat="46.1903070" lon="13.7289650">
    <ele>275.7</ele>
   </trkpt>
   <trkpt lat="46.1902670" lon="13.7290130">
    <ele>274.7</ele>
   </trkpt>
   <trkpt lat="46.1902270" lon="13.7290480">
    <ele>273.7</ele>
   </trkpt>
   <trkpt lat="46.1902020" lon="13.7290750">
    <ele>273.1</ele>
   </trkpt>
   <trkpt lat="46.1901800" lon="13.7291050">
    <ele>272.5</ele>
   </trkpt>
   <trkpt lat="46.1901570" lon="13.7291280">
    <ele>271.8</ele>
   </trkpt>
   <trkpt lat="46.1901350" lon="13.7291580">
    <ele>271.2</ele>
   </trkpt>
   <trkpt lat="46.1901170" lon="13.7291880">
    <ele>270.5</ele>
   </trkpt>
   <trkpt lat="46.1901150" lon="13.7292100">
    <ele>270.2</ele>
   </trkpt>
   <trkpt lat="46.1901130" lon="13.7292220">
    <ele>270.0</ele>
   </trkpt>
   <trkpt lat="46.1901220" lon="13.7292150">
    <ele>269.8</ele>
   </trkpt>
   <trkpt lat="46.1901350" lon="13.7291900">
    <ele>269.0</ele>
   </trkpt>
   <trkpt lat="46.1901450" lon="13.7291630">
    <ele>268.8</ele>
   </trkpt>
   <trkpt lat="46.1901670" lon="13.7291370">
    <ele>268.5</ele>
   </trkpt>
   <trkpt lat="46.1901970" lon="13.7290970">
    <ele>268.1</ele>
   </trkpt>
   <trkpt lat="46.1902380" lon="13.7290530">
    <ele>267.8</ele>
   </trkpt>
   <trkpt lat="46.1902870" lon="13.7290200">
    <ele>267.6</ele>
   </trkpt>
   <trkpt lat="46.1903330" lon="13.7289900">
    <ele>267.5</ele>
   </trkpt>
   <trkpt lat="46.1903730" lon="13.7289630">
    <ele>267.4</ele>
   </trkpt>
   <trkpt lat="46.1904180" lon="13.7289280">
    <ele>267.2</ele>
   </trkpt>
   <trkpt lat="46.1904730" lon="13.7288970">
    <ele>267.2</ele>
   </trkpt>
   <trkpt lat="46.1905200" lon="13.7288750">
    <ele>267.2</ele>
   </trkpt>
   <trkpt lat="46.1905630" lon="13.7288480">
    <ele>267.3</ele>
   </trkpt>
   <trkpt lat="46.1906000" lon="13.7288300">
    <ele>267.5</ele>
   </trkpt>
   <trkpt lat="46.1906250" lon="13.7288180">
    <ele>267.7</ele>
   </trkpt>
   <trkpt lat="46.1906520" lon="13.7288070">
    <ele>267.8</ele>
   </trkpt>
   <trkpt lat="46.1906800" lon="13.7287950">
    <ele>268.1</ele>
   </trkpt>
   <trkpt lat="46.1907050" lon="13.7287850">
    <ele>268.3</ele>
   </trkpt>
   <trkpt lat="46.1907300" lon="13.7287880">
    <ele>268.5</ele>
   </trkpt>
   <trkpt lat="46.1907650" lon="13.7287670">
    <ele>268.8</ele>
   </trkpt>
   <trkpt lat="46.1907920" lon="13.7287670">
    <ele>269.0</ele>
   </trkpt>
   <trkpt lat="46.1908180" lon="13.7287520">
    <ele>269.3</ele>
   </trkpt>
   <trkpt lat="46.1908500" lon="13.7287270">
    <ele>269.6</ele>
   </trkpt>
   <trkpt lat="46.1908880" lon="13.7287050">
    <ele>269.9</ele>
   </trkpt>
   <trkpt lat="46.1909220" lon="13.7286970">
    <ele>270.1</ele>
   </trkpt>
   <trkpt lat="46.1909550" lon="13.7286830">
    <ele>270.3</ele>
   </trkpt>
   <trkpt lat="46.1909830" lon="13.7286570">
    <ele>270.5</ele>
   </trkpt>
   <trkpt lat="46.1910070" lon="13.7286400">
    <ele>270.6</ele>
   </trkpt>
   <trkpt lat="46.1910350" lon="13.7286200">
    <ele>270.7</ele>
   </trkpt>
   <trkpt lat="46.1910650" lon="13.7286050">
    <ele>270.8</ele>
   </trkpt>
   <trkpt lat="46.1911020" lon="13.7285920">
    <ele>270.9</ele>
   </trkpt>
   <trkpt lat="46.1911320" lon="13.7285780">
    <ele>270.9</ele>
   </trkpt>
   <trkpt lat="46.1911670" lon="13.7285600">
    <ele>270.9</ele>
   </trkpt>
   <trkpt lat="46.1912000" lon="13.7285430">
    <ele>270.9</ele>
   </trkpt>
   <trkpt lat="46.1912320" lon="13.7285230">
    <ele>271.0</ele>
   </trkpt>
   <trkpt lat="46.1912670" lon="13.7285030">
    <ele>271.1</ele>
   </trkpt>
   <trkpt lat="46.1912900" lon="13.7284900">
    <ele>271.2</ele>
   </trkpt>
   <trkpt lat="46.1913170" lon="13.7284750">
    <ele>271.3</ele>
   </trkpt>
   <trkpt lat="46.1913430" lon="13.7284520">
    <ele>271.5</ele>
   </trkpt>
   <trkpt lat="46.1913680" lon="13.7284120">
    <ele>271.7</ele>
   </trkpt>
   <trkpt lat="46.1913880" lon="13.7283680">
    <ele>272.0</ele>
   </trkpt>
   <trkpt lat="46.1914100" lon="13.7283280">
    <ele>272.2</ele>
   </trkpt>
   <trkpt lat="46.1914320" lon="13.7282930">
    <ele>272.3</ele>
   </trkpt>
   <trkpt lat="46.1914500" lon="13.7282630">
    <ele>272.4</ele>
   </trkpt>
   <trkpt lat="46.1914700" lon="13.7282320">
    <ele>272.4</ele>
   </trkpt>
   <trkpt lat="46.1914900" lon="13.7282020">
    <ele>272.4</ele>
   </trkpt>
   <trkpt lat="46.1915170" lon="13.7281800">
    <ele>272.3</ele>
   </trkpt>
   <trkpt lat="46.1915450" lon="13.7281650">
    <ele>272.2</ele>
   </trkpt>
   <trkpt lat="46.1915770" lon="13.7281470">
    <ele>271.9</ele>
   </trkpt>
   <trkpt lat="46.1916000" lon="13.7281200">
    <ele>271.6</ele>
   </trkpt>
   <trkpt lat="46.1916220" lon="13.7280900">
    <ele>271.4</ele>
   </trkpt>
   <trkpt lat="46.1916380" lon="13.7280600">
    <ele>271.6</ele>
   </trkpt>
   <trkpt lat="46.1916520" lon="13.7280330">
    <ele>271.7</ele>
   </trkpt>
   <trkpt lat="46.1916670" lon="13.7280050">
    <ele>271.8</ele>
   </trkpt>
   <trkpt lat="46.1916780" lon="13.7279770">
    <ele>271.9</ele>
   </trkpt>
   <trkpt lat="46.1916900" lon="13.7279520">
    <ele>272.0</ele>
   </trkpt>
   <trkpt lat="46.1917070" lon="13.7279250">
    <ele>272.1</ele>
   </trkpt>
   <trkpt lat="46.1917270" lon="13.7279000">
    <ele>272.3</ele>
   </trkpt>
   <trkpt lat="46.1917470" lon="13.7278780">
    <ele>272.4</ele>
   </trkpt>
   <trkpt lat="46.1917600" lon="13.7278570">
    <ele>272.4</ele>
   </trkpt>
   <trkpt lat="46.1917720" lon="13.7278350">
    <ele>272.5</ele>
   </trkpt>
   <trkpt lat="46.1917820" lon="13.7278120">
    <ele>272.6</ele>
   </trkpt>
   <trkpt lat="46.1917930" lon="13.7277950">
    <ele>272.7</ele>
   </trkpt>
   <trkpt lat="46.1918030" lon="13.7277730">
    <ele>272.8</ele>
   </trkpt>
   <trkpt lat="46.1918130" lon="13.7277550">
    <ele>272.9</ele>
   </trkpt>
   <trkpt lat="46.1918250" lon="13.7277350">
    <ele>273.0</ele>
   </trkpt>
   <trkpt lat="46.1918330" lon="13.7277120">
    <ele>273.1</ele>
   </trkpt>
   <trkpt lat="46.1918420" lon="13.7276870">
    <ele>273.2</ele>
   </trkpt>
   <trkpt lat="46.1918520" lon="13.7276630">
    <ele>273.4</ele>
   </trkpt>
   <trkpt lat="46.1918630" lon="13.7276430">
    <ele>273.5</ele>
   </trkpt>
   <trkpt lat="46.1918770" lon="13.7276280">
    <ele>273.6</ele>
   </trkpt>
   <trkpt lat="46.1918970" lon="13.7276100">
    <ele>273.8</ele>
   </trkpt>
   <trkpt lat="46.1919130" lon="13.7275870">
    <ele>274.0</ele>
   </trkpt>
   <trkpt lat="46.1919250" lon="13.7275670">
    <ele>274.1</ele>
   </trkpt>
   <trkpt lat="46.1919300" lon="13.7275480">
    <ele>274.2</ele>
   </trkpt>
   <trkpt lat="46.1919420" lon="13.7275300">
    <ele>274.3</ele>
   </trkpt>
   <trkpt lat="46.1919520" lon="13.7275070">
    <ele>274.4</ele>
   </trkpt>
   <trkpt lat="46.1919580" lon="13.7274900">
    <ele>274.4</ele>
   </trkpt>
   <trkpt lat="46.1919620" lon="13.7274720">
    <ele>274.5</ele>
   </trkpt>
   <trkpt lat="46.1919670" lon="13.7274500">
    <ele>274.5</ele>
   </trkpt>
   <trkpt lat="46.1919770" lon="13.7274270">
    <ele>274.5</ele>
   </trkpt>
   <trkpt lat="46.1919850" lon="13.7274030">
    <ele>274.4</ele>
   </trkpt>
   <trkpt lat="46.1920020" lon="13.7273770">
    <ele>274.3</ele>
   </trkpt>
   <trkpt lat="46.1920150" lon="13.7273480">
    <ele>274.1</ele>
   </trkpt>
   <trkpt lat="46.1920300" lon="13.7273250">
    <ele>273.8</ele>
   </trkpt>
   <trkpt lat="46.1920450" lon="13.7273030">
    <ele>273.6</ele>
   </trkpt>
   <trkpt lat="46.1920620" lon="13.7272750">
    <ele>273.2</ele>
   </trkpt>
   <trkpt lat="46.1920800" lon="13.7272430">
    <ele>272.7</ele>
   </trkpt>
   <trkpt lat="46.1920950" lon="13.7272130">
    <ele>272.2</ele>
   </trkpt>
   <trkpt lat="46.1921100" lon="13.7271900">
    <ele>271.8</ele>
   </trkpt>
   <trkpt lat="46.1921350" lon="13.7271630">
    <ele>271.1</ele>
   </trkpt>
   <trkpt lat="46.1921550" lon="13.7271420">
    <ele>270.5</ele>
   </trkpt>
   <trkpt lat="46.1921730" lon="13.7271170">
    <ele>269.8</ele>
   </trkpt>
   <trkpt lat="46.1921880" lon="13.7270930">
    <ele>269.3</ele>
   </trkpt>
   <trkpt lat="46.1922080" lon="13.7270680">
    <ele>268.7</ele>
   </trkpt>
   <trkpt lat="46.1922270" lon="13.7270330">
    <ele>268.0</ele>
   </trkpt>
   <trkpt lat="46.1922430" lon="13.7270000">
    <ele>267.3</ele>
   </trkpt>
   <trkpt lat="46.1922670" lon="13.7269630">
    <ele>266.5</ele>
   </trkpt>
   <trkpt lat="46.1922880" lon="13.7269280">
    <ele>265.7</ele>
   </trkpt>
   <trkpt lat="46.1923130" lon="13.7268850">
    <ele>264.7</ele>
   </trkpt>
   <trkpt lat="46.1923350" lon="13.7268450">
    <ele>263.8</ele>
   </trkpt>
   <trkpt lat="46.1923520" lon="13.7268120">
    <ele>263.1</ele>
   </trkpt>
   <trkpt lat="46.1923720" lon="13.7267730">
    <ele>262.3</ele>
   </trkpt>
   <trkpt lat="46.1923930" lon="13.7267270">
    <ele>261.6</ele>
   </trkpt>
   <trkpt lat="46.1924120" lon="13.7266830">
    <ele>261.2</ele>
   </trkpt>
   <trkpt lat="46.1924300" lon="13.7266370">
    <ele>261.0</ele>
   </trkpt>
   <trkpt lat="46.1924480" lon="13.7265870">
    <ele>260.9</ele>
   </trkpt>
   <trkpt lat="46.1924670" lon="13.7265320">
    <ele>261.1</ele>
   </trkpt>
   <trkpt lat="46.1924820" lon="13.7264870">
    <ele>261.3</ele>
   </trkpt>
   <trkpt lat="46.1924950" lon="13.7264480">
    <ele>261.5</ele>
   </trkpt>
   <trkpt lat="46.1924980" lon="13.7264050">
    <ele>261.8</ele>
   </trkpt>
   <trkpt lat="46.1924980" lon="13.7263550">
    <ele>262.1</ele>
   </trkpt>
   <trkpt lat="46.1924950" lon="13.7263030">
    <ele>262.4</ele>
   </trkpt>
   <trkpt lat="46.1924850" lon="13.7262500">
    <ele>262.5</ele>
   </trkpt>
   <trkpt lat="46.1924800" lon="13.7262050">
    <ele>262.6</ele>
   </trkpt>
   <trkpt lat="46.1924730" lon="13.7261670">
    <ele>262.5</ele>
   </trkpt>
   <trkpt lat="46.1924670" lon="13.7261370">
    <ele>262.4</ele>
   </trkpt>
   <trkpt lat="46.1924680" lon="13.7261180">
    <ele>262.3</ele>
   </trkpt>
   <trkpt lat="46.1924820" lon="13.7260980">
    <ele>262.1</ele>
   </trkpt>
   <trkpt lat="46.1924970" lon="13.7260730">
    <ele>261.9</ele>
   </trkpt>
   <trkpt lat="46.1925070" lon="13.7260470">
    <ele>261.7</ele>
   </trkpt>
   <trkpt lat="46.1925170" lon="13.7260170">
    <ele>261.5</ele>
   </trkpt>
   <trkpt lat="46.1925330" lon="13.7259850">
    <ele>261.2</ele>
   </trkpt>
   <trkpt lat="46.1925480" lon="13.7259530">
    <ele>261.0</ele>
   </trkpt>
   <trkpt lat="46.1925630" lon="13.7259300">
    <ele>260.8</ele>
   </trkpt>
   <trkpt lat="46.1925650" lon="13.7259100">
    <ele>260.8</ele>
   </trkpt>
   <trkpt lat="46.1925700" lon="13.7258750">
    <ele>260.7</ele>
   </trkpt>
   <trkpt lat="46.1925620" lon="13.7258400">
    <ele>260.7</ele>
   </trkpt>
   <trkpt lat="46.1925430" lon="13.7258200">
    <ele>260.7</ele>
   </trkpt>
   <trkpt lat="46.1925250" lon="13.7257970">
    <ele>260.8</ele>
   </trkpt>
   <trkpt lat="46.1925150" lon="13.7257700">
    <ele>260.9</ele>
   </trkpt>
   <trkpt lat="46.1925080" lon="13.7257380">
    <ele>261.0</ele>
   </trkpt>
   <trkpt lat="46.1924920" lon="13.7257120">
    <ele>261.2</ele>
   </trkpt>
   <trkpt lat="46.1924720" lon="13.7256950">
    <ele>261.3</ele>
   </trkpt>
   <trkpt lat="46.1924480" lon="13.7256650">
    <ele>261.4</ele>
   </trkpt>
   <trkpt lat="46.1924370" lon="13.7256420">
    <ele>261.4</ele>
   </trkpt>
   <trkpt lat="46.1924200" lon="13.7255920">
    <ele>261.5</ele>
   </trkpt>
   <trkpt lat="46.1924120" lon="13.7255470">
    <ele>261.5</ele>
   </trkpt>
   <trkpt lat="46.1924030" lon="13.7254900">
    <ele>261.6</ele>
   </trkpt>
   <trkpt lat="46.1924020" lon="13.7254430">
    <ele>261.6</ele>
   </trkpt>
   <trkpt lat="46.1924050" lon="13.7253930">
    <ele>261.6</ele>
   </trkpt>
   <trkpt lat="46.1924150" lon="13.7253570">
    <ele>261.6</ele>
   </trkpt>
   <trkpt lat="46.1924230" lon="13.7253030">
    <ele>261.5</ele>
   </trkpt>
   <trkpt lat="46.1924300" lon="13.7252570">
    <ele>261.3</ele>
   </trkpt>
   <trkpt lat="46.1924280" lon="13.7252080">
    <ele>261.1</ele>
   </trkpt>
   <trkpt lat="46.1924350" lon="13.7251750">
    <ele>260.9</ele>
   </trkpt>
   <trkpt lat="46.1924520" lon="13.7251530">
    <ele>260.6</ele>
   </trkpt>
   <trkpt lat="46.1924670" lon="13.7251370">
    <ele>260.3</ele>
   </trkpt>
   <trkpt lat="46.1924850" lon="13.7251130">
    <ele>260.0</ele>
   </trkpt>
   <trkpt lat="46.1925000" lon="13.7250930">
    <ele>259.7</ele>
   </trkpt>
   <trkpt lat="46.1925180" lon="13.7251020">
    <ele>259.5</ele>
   </trkpt>
   <trkpt lat="46.1925330" lon="13.7251350">
    <ele>259.0</ele>
   </trkpt>
   <trkpt lat="46.1925430" lon="13.7251670">
    <ele>258.7</ele>
   </trkpt>
   <trkpt lat="46.1925450" lon="13.7252050">
    <ele>258.2</ele>
   </trkpt>
   <trkpt lat="46.1925430" lon="13.7252380">
    <ele>257.8</ele>
   </trkpt>
   <trkpt lat="46.1925450" lon="13.7252750">
    <ele>257.4</ele>
   </trkpt>
   <trkpt lat="46.1925500" lon="13.7253120">
    <ele>256.9</ele>
   </trkpt>
   <trkpt lat="46.1925630" lon="13.7253430">
    <ele>256.4</ele>
   </trkpt>
   <trkpt lat="46.1925750" lon="13.7253680">
    <ele>256.0</ele>
   </trkpt>
   <trkpt lat="46.1925800" lon="13.7253980">
    <ele>255.6</ele>
   </trkpt>
   <trkpt lat="46.1925800" lon="13.7254150">
    <ele>255.3</ele>
   </trkpt>
   <trkpt lat="46.1925830" lon="13.7254380">
    <ele>255.0</ele>
   </trkpt>
   <trkpt lat="46.1925870" lon="13.7254630">
    <ele>254.6</ele>
   </trkpt>
   <trkpt lat="46.1925880" lon="13.7254930">
    <ele>254.1</ele>
   </trkpt>
   <trkpt lat="46.1925950" lon="13.7255230">
    <ele>253.5</ele>
   </trkpt>
   <trkpt lat="46.1926000" lon="13.7255480">
    <ele>253.0</ele>
   </trkpt>
   <trkpt lat="46.1926070" lon="13.7255580">
    <ele>252.8</ele>
   </trkpt>
   <trkpt lat="46.1926180" lon="13.7255550">
    <ele>252.5</ele>
   </trkpt>
   <trkpt lat="46.1926270" lon="13.7255400">
    <ele>252.1</ele>
   </trkpt>
   <trkpt lat="46.1926350" lon="13.7255200">
    <ele>251.7</ele>
   </trkpt>
   <trkpt lat="46.1926370" lon="13.7254920">
    <ele>251.2</ele>
   </trkpt>
   <trkpt lat="46.1926280" lon="13.7254280">
    <ele>250.0</ele>
   </trkpt>
   <trkpt lat="46.1926380" lon="13.7253870">
    <ele>249.2</ele>
   </trkpt>
   <trkpt lat="46.1926430" lon="13.7253450">
    <ele>248.5</ele>
   </trkpt>
   <trkpt lat="46.1926470" lon="13.7253120">
    <ele>248.0</ele>
   </trkpt>
   <trkpt lat="46.1926480" lon="13.7252720">
    <ele>247.3</ele>
   </trkpt>
   <trkpt lat="46.1926530" lon="13.7252400">
    <ele>246.9</ele>
   </trkpt>
   <trkpt lat="46.1926630" lon="13.7251970">
    <ele>246.2</ele>
   </trkpt>
   <trkpt lat="46.1926700" lon="13.7251520">
    <ele>245.6</ele>
   </trkpt>
   <trkpt lat="46.1926750" lon="13.7251000">
    <ele>245.1</ele>
   </trkpt>
   <trkpt lat="46.1926830" lon="13.7250550">
    <ele>244.6</ele>
   </trkpt>
   <trkpt lat="46.1926850" lon="13.7250070">
    <ele>244.2</ele>
   </trkpt>
   <trkpt lat="46.1926820" lon="13.7249570">
    <ele>243.8</ele>
   </trkpt>
   <trkpt lat="46.1926700" lon="13.7249170">
    <ele>243.5</ele>
   </trkpt>
   <trkpt lat="46.1926530" lon="13.7248750">
    <ele>243.2</ele>
   </trkpt>
   <trkpt lat="46.1926400" lon="13.7248300">
    <ele>242.9</ele>
   </trkpt>
   <trkpt lat="46.1926230" lon="13.7247730">
    <ele>242.6</ele>
   </trkpt>
   <trkpt lat="46.1926200" lon="13.7247130">
    <ele>242.2</ele>
   </trkpt>
   <trkpt lat="46.1926230" lon="13.7246580">
    <ele>241.9</ele>
   </trkpt>
   <trkpt lat="46.1926230" lon="13.7246030">
    <ele>241.7</ele>
   </trkpt>
   <trkpt lat="46.1926170" lon="13.7245600">
    <ele>241.5</ele>
   </trkpt>
   <trkpt lat="46.1926080" lon="13.7245170">
    <ele>241.3</ele>
   </trkpt>
   <trkpt lat="46.1926000" lon="13.7244770">
    <ele>241.1</ele>
   </trkpt>
   <trkpt lat="46.1925900" lon="13.7244320">
    <ele>241.0</ele>
   </trkpt>
   <trkpt lat="46.1925750" lon="13.7243850">
    <ele>240.9</ele>
   </trkpt>
   <trkpt lat="46.1925620" lon="13.7243280">
    <ele>240.8</ele>
   </trkpt>
   <trkpt lat="46.1925500" lon="13.7242800">
    <ele>240.7</ele>
   </trkpt>
   <trkpt lat="46.1925450" lon="13.7242280">
    <ele>240.6</ele>
   </trkpt>
   <trkpt lat="46.1925350" lon="13.7241700">
    <ele>240.4</ele>
   </trkpt>
   <trkpt lat="46.1925270" lon="13.7241080">
    <ele>240.2</ele>
   </trkpt>
   <trkpt lat="46.1925200" lon="13.7240550">
    <ele>240.0</ele>
   </trkpt>
   <trkpt lat="46.1925120" lon="13.7240030">
    <ele>239.8</ele>
   </trkpt>
   <trkpt lat="46.1924970" lon="13.7239570">
    <ele>239.6</ele>
   </trkpt>
   <trkpt lat="46.1924800" lon="13.7239030">
    <ele>239.5</ele>
   </trkpt>
   <trkpt lat="46.1924630" lon="13.7238530">
    <ele>239.4</ele>
   </trkpt>
   <trkpt lat="46.1924570" lon="13.7238120">
    <ele>239.4</ele>
   </trkpt>
   <trkpt lat="46.1924500" lon="13.7237670">
    <ele>239.3</ele>
   </trkpt>
   <trkpt lat="46.1924420" lon="13.7237170">
    <ele>239.3</ele>
   </trkpt>
   <trkpt lat="46.1924300" lon="13.7236650">
    <ele>239.3</ele>
   </trkpt>
   <trkpt lat="46.1924220" lon="13.7236120">
    <ele>239.3</ele>
   </trkpt>
   <trkpt lat="46.1924100" lon="13.7235600">
    <ele>239.3</ele>
   </trkpt>
   <trkpt lat="46.1923920" lon="13.7234980">
    <ele>239.3</ele>
   </trkpt>
   <trkpt lat="46.1923770" lon="13.7234370">
    <ele>239.2</ele>
   </trkpt>
   <trkpt lat="46.1923570" lon="13.7233780">
    <ele>239.1</ele>
   </trkpt>
   <trkpt lat="46.1923370" lon="13.7233250">
    <ele>239.1</ele>
   </trkpt>
   <trkpt lat="46.1923150" lon="13.7232670">
    <ele>239.0</ele>
   </trkpt>
   <trkpt lat="46.1922950" lon="13.7232130">
    <ele>238.9</ele>
   </trkpt>
   <trkpt lat="46.1922780" lon="13.7231570">
    <ele>238.8</ele>
   </trkpt>
   <trkpt lat="46.1922650" lon="13.7230930">
    <ele>238.8</ele>
   </trkpt>
   <trkpt lat="46.1922520" lon="13.7230380">
    <ele>238.9</ele>
   </trkpt>
   <trkpt lat="46.1922420" lon="13.7229850">
    <ele>239.0</ele>
   </trkpt>
   <trkpt lat="46.1922250" lon="13.7229330">
    <ele>239.0</ele>
   </trkpt>
   <trkpt lat="46.1922050" lon="13.7228820">
    <ele>239.1</ele>
   </trkpt>
   <trkpt lat="46.1921870" lon="13.7228350">
    <ele>239.1</ele>
   </trkpt>
   <trkpt lat="46.1921650" lon="13.7227900">
    <ele>239.1</ele>
   </trkpt>
   <trkpt lat="46.1921430" lon="13.7227530">
    <ele>239.0</ele>
   </trkpt>
   <trkpt lat="46.1921130" lon="13.7227220">
    <ele>239.0</ele>
   </trkpt>
   <trkpt lat="46.1920820" lon="13.7226980">
    <ele>238.9</ele>
   </trkpt>
   <trkpt lat="46.1920430" lon="13.7226850">
    <ele>238.8</ele>
   </trkpt>
   <trkpt lat="46.1920000" lon="13.7226730">
    <ele>238.7</ele>
   </trkpt>
   <trkpt lat="46.1919580" lon="13.7226630">
    <ele>238.7</ele>
   </trkpt>
   <trkpt lat="46.1919200" lon="13.7226520">
    <ele>238.7</ele>
   </trkpt>
   <trkpt lat="46.1918830" lon="13.7226430">
    <ele>238.6</ele>
   </trkpt>
   <trkpt lat="46.1918570" lon="13.7226270">
    <ele>238.5</ele>
   </trkpt>
   <trkpt lat="46.1918380" lon="13.7226020">
    <ele>238.4</ele>
   </trkpt>
   <trkpt lat="46.1918300" lon="13.7225750">
    <ele>238.3</ele>
   </trkpt>
   <trkpt lat="46.1918350" lon="13.7225400">
    <ele>238.2</ele>
   </trkpt>
   <trkpt lat="46.1918520" lon="13.7225030">
    <ele>238.2</ele>
   </trkpt>
   <trkpt lat="46.1918720" lon="13.7224650">
    <ele>238.1</ele>
   </trkpt>
   <trkpt lat="46.1918920" lon="13.7224270">
    <ele>238.0</ele>
   </trkpt>
   <trkpt lat="46.1919130" lon="13.7223930">
    <ele>238.0</ele>
   </trkpt>
   <trkpt lat="46.1919250" lon="13.7223600">
    <ele>237.9</ele>
   </trkpt>
   <trkpt lat="46.1919330" lon="13.7223220">
    <ele>237.8</ele>
   </trkpt>
   <trkpt lat="46.1919370" lon="13.7222780">
    <ele>237.6</ele>
   </trkpt>
   <trkpt lat="46.1919300" lon="13.7222330">
    <ele>237.4</ele>
   </trkpt>
   <trkpt lat="46.1919170" lon="13.7221920">
    <ele>237.2</ele>
   </trkpt>
   <trkpt lat="46.1918980" lon="13.7221500">
    <ele>236.8</ele>
   </trkpt>
   <trkpt lat="46.1918820" lon="13.7221120">
    <ele>236.5</ele>
   </trkpt>
   <trkpt lat="46.1918650" lon="13.7220730">
    <ele>236.1</ele>
   </trkpt>
   <trkpt lat="46.1918500" lon="13.7220300">
    <ele>235.7</ele>
   </trkpt>
   <trkpt lat="46.1918300" lon="13.7219870">
    <ele>235.3</ele>
   </trkpt>
   <trkpt lat="46.1918080" lon="13.7219370">
    <ele>234.9</ele>
   </trkpt>
   <trkpt lat="46.1917830" lon="13.7218850">
    <ele>234.5</ele>
   </trkpt>
   <trkpt lat="46.1917620" lon="13.7218380">
    <ele>234.2</ele>
   </trkpt>
   <trkpt lat="46.1917370" lon="13.7217950">
    <ele>233.9</ele>
   </trkpt>
   <trkpt lat="46.1917120" lon="13.7217480">
    <ele>233.6</ele>
   </trkpt>
   <trkpt lat="46.1916870" lon="13.7216980">
    <ele>233.3</ele>
   </trkpt>
   <trkpt lat="46.1916650" lon="13.7216480">
    <ele>233.1</ele>
   </trkpt>
   <trkpt lat="46.1916430" lon="13.7215950">
    <ele>232.9</ele>
   </trkpt>
   <trkpt lat="46.1916230" lon="13.7215420">
    <ele>232.7</ele>
   </trkpt>
   <trkpt lat="46.1916100" lon="13.7214900">
    <ele>232.5</ele>
   </trkpt>
   <trkpt lat="46.1915880" lon="13.7214470">
    <ele>232.3</ele>
   </trkpt>
   <trkpt lat="46.1915700" lon="13.7214120">
    <ele>232.1</ele>
   </trkpt>
   <trkpt lat="46.1915470" lon="13.7213720">
    <ele>231.9</ele>
   </trkpt>
   <trkpt lat="46.1915230" lon="13.7213300">
    <ele>231.7</ele>
   </trkpt>
   <trkpt lat="46.1915030" lon="13.7212830">
    <ele>231.4</ele>
   </trkpt>
   <trkpt lat="46.1914820" lon="13.7212320">
    <ele>231.1</ele>
   </trkpt>
   <trkpt lat="46.1914620" lon="13.7211780">
    <ele>230.8</ele>
   </trkpt>
   <trkpt lat="46.1914370" lon="13.7211320">
    <ele>230.5</ele>
   </trkpt>
   <trkpt lat="46.1914180" lon="13.7210900">
    <ele>230.2</ele>
   </trkpt>
   <trkpt lat="46.1914050" lon="13.7210520">
    <ele>230.0</ele>
   </trkpt>
   <trkpt lat="46.1913950" lon="13.7210120">
    <ele>229.8</ele>
   </trkpt>
   <trkpt lat="46.1913830" lon="13.7209700">
    <ele>229.6</ele>
   </trkpt>
   <trkpt lat="46.1913750" lon="13.7209270">
    <ele>229.4</ele>
   </trkpt>
   <trkpt lat="46.1913650" lon="13.7208770">
    <ele>229.0</ele>
   </trkpt>
   <trkpt lat="46.1913550" lon="13.7208280">
    <ele>228.7</ele>
   </trkpt>
   <trkpt lat="46.1913420" lon="13.7207780">
    <ele>228.2</ele>
   </trkpt>
   <trkpt lat="46.1913280" lon="13.7207220">
    <ele>227.6</ele>
   </trkpt>
   <trkpt lat="46.1913080" lon="13.7206650">
    <ele>226.9</ele>
   </trkpt>
   <trkpt lat="46.1912850" lon="13.7206120">
    <ele>226.2</ele>
   </trkpt>
   <trkpt lat="46.1912630" lon="13.7205650">
    <ele>225.6</ele>
   </trkpt>
   <trkpt lat="46.1912420" lon="13.7205120">
    <ele>225.1</ele>
   </trkpt>
   <trkpt lat="46.1912180" lon="13.7204570">
    <ele>224.6</ele>
   </trkpt>
   <trkpt lat="46.1911980" lon="13.7204030">
    <ele>224.2</ele>
   </trkpt>
   <trkpt lat="46.1911770" lon="13.7203470">
    <ele>223.9</ele>
   </trkpt>
   <trkpt lat="46.1911550" lon="13.7202900">
    <ele>223.6</ele>
   </trkpt>
   <trkpt lat="46.1911330" lon="13.7202350">
    <ele>223.5</ele>
   </trkpt>
   <trkpt lat="46.1911170" lon="13.7201820">
    <ele>223.3</ele>
   </trkpt>
   <trkpt lat="46.1911020" lon="13.7201250">
    <ele>223.2</ele>
   </trkpt>
   <trkpt lat="46.1910900" lon="13.7200700">
    <ele>223.1</ele>
   </trkpt>
   <trkpt lat="46.1910800" lon="13.7200170">
    <ele>223.1</ele>
   </trkpt>
   <trkpt lat="46.1910670" lon="13.7199580">
    <ele>223.0</ele>
   </trkpt>
   <trkpt lat="46.1910570" lon="13.7198970">
    <ele>222.9</ele>
   </trkpt>
   <trkpt lat="46.1910480" lon="13.7198300">
    <ele>222.2</ele>
   </trkpt>
   <trkpt lat="46.1910370" lon="13.7197630">
    <ele>221.5</ele>
   </trkpt>
   <trkpt lat="46.1910270" lon="13.7197000">
    <ele>220.9</ele>
   </trkpt>
   <trkpt lat="46.1910150" lon="13.7196500">
    <ele>220.4</ele>
   </trkpt>
   <trkpt lat="46.1910020" lon="13.7196050">
    <ele>220.0</ele>
   </trkpt>
   <trkpt lat="46.1909850" lon="13.7195580">
    <ele>219.4</ele>
   </trkpt>
   <trkpt lat="46.1909700" lon="13.7195170">
    <ele>218.8</ele>
   </trkpt>
   <trkpt lat="46.1909500" lon="13.7194820">
    <ele>218.2</ele>
   </trkpt>
   <trkpt lat="46.1909330" lon="13.7194480">
    <ele>217.5</ele>
   </trkpt>
   <trkpt lat="46.1909100" lon="13.7194250">
    <ele>216.7</ele>
   </trkpt>
   <trkpt lat="46.1908830" lon="13.7194000">
    <ele>215.8</ele>
   </trkpt>
   <trkpt lat="46.1908520" lon="13.7193850">
    <ele>214.9</ele>
   </trkpt>
   <trkpt lat="46.1908170" lon="13.7193700">
    <ele>213.9</ele>
   </trkpt>
   <trkpt lat="46.1907780" lon="13.7193580">
    <ele>212.9</ele>
   </trkpt>
   <trkpt lat="46.1907380" lon="13.7193480">
    <ele>211.9</ele>
   </trkpt>
   <trkpt lat="46.1906920" lon="13.7193320">
    <ele>210.9</ele>
   </trkpt>
   <trkpt lat="46.1906480" lon="13.7193150">
    <ele>210.0</ele>
   </trkpt>
   <trkpt lat="46.1906120" lon="13.7193070">
    <ele>209.3</ele>
   </trkpt>
   <trkpt lat="46.1905780" lon="13.7193070">
    <ele>208.7</ele>
   </trkpt>
   <trkpt lat="46.1905480" lon="13.7193150">
    <ele>208.0</ele>
   </trkpt>
   <trkpt lat="46.1905030" lon="13.7193220">
    <ele>207.1</ele>
   </trkpt>
   <trkpt lat="46.1904650" lon="13.7193370">
    <ele>206.4</ele>
   </trkpt>
   <trkpt lat="46.1904300" lon="13.7193470">
    <ele>205.9</ele>
   </trkpt>
   <trkpt lat="46.1903830" lon="13.7193630">
    <ele>205.9</ele>
   </trkpt>
   <trkpt lat="46.1903280" lon="13.7193950">
    <ele>206.0</ele>
   </trkpt>
   <trkpt lat="46.1902830" lon="13.7194270">
    <ele>206.0</ele>
   </trkpt>
   <trkpt lat="46.1902470" lon="13.7194600">
    <ele>206.0</ele>
   </trkpt>
   <trkpt lat="46.1902080" lon="13.7194880">
    <ele>206.0</ele>
   </trkpt>
   <trkpt lat="46.1901720" lon="13.7195120">
    <ele>206.0</ele>
   </trkpt>
   <trkpt lat="46.1901370" lon="13.7195350">
    <ele>206.0</ele>
   </trkpt>
   <trkpt lat="46.1901030" lon="13.7195570">
    <ele>206.0</ele>
   </trkpt>
   <trkpt lat="46.1900800" lon="13.7195780">
    <ele>206.1</ele>
   </trkpt>
   <trkpt lat="46.1900600" lon="13.7195920">
    <ele>206.1</ele>
   </trkpt>
   <trkpt lat="46.1900400" lon="13.7196080">
    <ele>206.1</ele>
   </trkpt>
   <trkpt lat="46.1900200" lon="13.7196300">
    <ele>206.1</ele>
   </trkpt>
   <trkpt lat="46.1899950" lon="13.7196530">
    <ele>206.2</ele>
   </trkpt>
   <trkpt lat="46.1899700" lon="13.7196780">
    <ele>206.2</ele>
   </trkpt>
   <trkpt lat="46.1899470" lon="13.7197020">
    <ele>206.2</ele>
   </trkpt>
   <trkpt lat="46.1899270" lon="13.7197320">
    <ele>206.3</ele>
   </trkpt>
   <trkpt lat="46.1899070" lon="13.7197650">
    <ele>206.3</ele>
   </trkpt>
   <trkpt lat="46.1898870" lon="13.7197970">
    <ele>206.4</ele>
   </trkpt>
   <trkpt lat="46.1898680" lon="13.7198270">
    <ele>206.4</ele>
   </trkpt>
   <trkpt lat="46.1898430" lon="13.7198520">
    <ele>206.4</ele>
   </trkpt>
   <trkpt lat="46.1898200" lon="13.7198750">
    <ele>206.5</ele>
   </trkpt>
   <trkpt lat="46.1897980" lon="13.7198970">
    <ele>206.5</ele>
   </trkpt>
   <trkpt lat="46.1897750" lon="13.7199220">
    <ele>205.7</ele>
   </trkpt>
   <trkpt lat="46.1897480" lon="13.7199430">
    <ele>204.9</ele>
   </trkpt>
   <trkpt lat="46.1897220" lon="13.7199720">
    <ele>204.0</ele>
   </trkpt>
   <trkpt lat="46.1896970" lon="13.7200000">
    <ele>203.1</ele>
   </trkpt>
   <trkpt lat="46.1896770" lon="13.7200250">
    <ele>202.4</ele>
   </trkpt>
   <trkpt lat="46.1896520" lon="13.7200500">
    <ele>201.6</ele>
   </trkpt>
   <trkpt lat="46.1896270" lon="13.7200800">
    <ele>200.7</ele>
   </trkpt>
   <trkpt lat="46.1896030" lon="13.7201070">
    <ele>199.9</ele>
   </trkpt>
   <trkpt lat="46.1895770" lon="13.7201300">
    <ele>199.1</ele>
   </trkpt>
   <trkpt lat="46.1895550" lon="13.7201570">
    <ele>198.3</ele>
   </trkpt>
   <trkpt lat="46.1895330" lon="13.7201870">
    <ele>197.5</ele>
   </trkpt>
   <trkpt lat="46.1895070" lon="13.7202120">
    <ele>196.6</ele>
   </trkpt>
   <trkpt lat="46.1894850" lon="13.7202280">
    <ele>195.9</ele>
   </trkpt>
   <trkpt lat="46.1894600" lon="13.7202380">
    <ele>195.1</ele>
   </trkpt>
   <trkpt lat="46.1894380" lon="13.7202530">
    <ele>194.4</ele>
   </trkpt>
   <trkpt lat="46.1894130" lon="13.7202770">
    <ele>193.5</ele>
   </trkpt>
   <trkpt lat="46.1893900" lon="13.7203020">
    <ele>192.6</ele>
   </trkpt>
   <trkpt lat="46.1893650" lon="13.7203230">
    <ele>191.7</ele>
   </trkpt>
   <trkpt lat="46.1893380" lon="13.7203470">
    <ele>190.7</ele>
   </trkpt>
   <trkpt lat="46.1893150" lon="13.7203630">
    <ele>189.9</ele>
   </trkpt>
   <trkpt lat="46.1892920" lon="13.7203880">
    <ele>188.9</ele>
   </trkpt>
   <trkpt lat="46.1892630" lon="13.7204120">
    <ele>187.8</ele>
   </trkpt>
   <trkpt lat="46.1892420" lon="13.7204420">
    <ele>186.8</ele>
   </trkpt>
   <trkpt lat="46.1892230" lon="13.7204730">
    <ele>185.8</ele>
   </trkpt>
   <trkpt lat="46.1892030" lon="13.7204970">
    <ele>184.9</ele>
   </trkpt>
   <trkpt lat="46.1891870" lon="13.7205330">
    <ele>183.8</ele>
   </trkpt>
   <trkpt lat="46.1891650" lon="13.7205550">
    <ele>182.9</ele>
   </trkpt>
   <trkpt lat="46.1891420" lon="13.7205770">
    <ele>181.9</ele>
   </trkpt>
   <trkpt lat="46.1891200" lon="13.7205980">
    <ele>181.0</ele>
   </trkpt>
   <trkpt lat="46.1890970" lon="13.7206200">
    <ele>180.0</ele>
   </trkpt>
   <trkpt lat="46.1890770" lon="13.7206370">
    <ele>179.2</ele>
   </trkpt>
   <trkpt lat="46.1890570" lon="13.7206520">
    <ele>178.4</ele>
   </trkpt>
   <trkpt lat="46.1890400" lon="13.7206680">
    <ele>177.6</ele>
   </trkpt>
   <trkpt lat="46.1890200" lon="13.7206900">
    <ele>176.8</ele>
   </trkpt>
   <trkpt lat="46.1889850" lon="13.7207100">
    <ele>175.5</ele>
   </trkpt>
   <trkpt lat="46.1889570" lon="13.7207170">
    <ele>174.5</ele>
   </trkpt>
   <trkpt lat="46.1889270" lon="13.7207170">
    <ele>173.5</ele>
   </trkpt>
   <trkpt lat="46.1889020" lon="13.7207250">
    <ele>172.6</ele>
   </trkpt>
   <trkpt lat="46.1888700" lon="13.7207220">
    <ele>171.6</ele>
   </trkpt>
   <trkpt lat="46.1888450" lon="13.7207180">
    <ele>170.8</ele>
   </trkpt>
   <trkpt lat="46.1888270" lon="13.7207200">
    <ele>170.2</ele>
   </trkpt>
   <trkpt lat="46.1888030" lon="13.7207150">
    <ele>169.4</ele>
   </trkpt>
   <trkpt lat="46.1887830" lon="13.7206980">
    <ele>168.7</ele>
   </trkpt>
   <trkpt lat="46.1887620" lon="13.7206830">
    <ele>168.1</ele>
   </trkpt>
   <trkpt lat="46.1887350" lon="13.7206700">
    <ele>167.6</ele>
   </trkpt>
   <trkpt lat="46.1887030" lon="13.7206480">
    <ele>166.9</ele>
   </trkpt>
   <trkpt lat="46.1886670" lon="13.7206170">
    <ele>166.2</ele>
   </trkpt>
   <trkpt lat="46.1886250" lon="13.7205720">
    <ele>165.3</ele>
   </trkpt>
   <trkpt lat="46.1885820" lon="13.7205270">
    <ele>164.4</ele>
   </trkpt>
   <trkpt lat="46.1885370" lon="13.7204830">
    <ele>163.7</ele>
   </trkpt>
   <trkpt lat="46.1885000" lon="13.7204350">
    <ele>163.2</ele>
   </trkpt>
   <trkpt lat="46.1884750" lon="13.7203830">
    <ele>162.7</ele>
   </trkpt>
   <trkpt lat="46.1884600" lon="13.7203230">
    <ele>162.4</ele>
   </trkpt>
   <trkpt lat="46.1884600" lon="13.7202720">
    <ele>162.2</ele>
   </trkpt>
   <trkpt lat="46.1884680" lon="13.7202220">
    <ele>162.1</ele>
   </trkpt>
   <trkpt lat="46.1884820" lon="13.7201720">
    <ele>162.0</ele>
   </trkpt>
   <trkpt lat="46.1884930" lon="13.7201230">
    <ele>161.9</ele>
   </trkpt>
   <trkpt lat="46.1885030" lon="13.7200800">
    <ele>161.9</ele>
   </trkpt>
   <trkpt lat="46.1885080" lon="13.7200320">
    <ele>161.8</ele>
   </trkpt>
   <trkpt lat="46.1885080" lon="13.7199800">
    <ele>161.8</ele>
   </trkpt>
   <trkpt lat="46.1885050" lon="13.7199280">
    <ele>161.8</ele>
   </trkpt>
   <trkpt lat="46.1884930" lon="13.7198730">
    <ele>161.7</ele>
   </trkpt>
   <trkpt lat="46.1884850" lon="13.7198180">
    <ele>161.7</ele>
   </trkpt>
   <trkpt lat="46.1884720" lon="13.7197670">
    <ele>161.7</ele>
   </trkpt>
   <trkpt lat="46.1884600" lon="13.7197150">
    <ele>161.7</ele>
   </trkpt>
   <trkpt lat="46.1884400" lon="13.7196630">
    <ele>161.7</ele>
   </trkpt>
   <trkpt lat="46.1884220" lon="13.7196100">
    <ele>161.7</ele>
   </trkpt>
   <trkpt lat="46.1884020" lon="13.7195580">
    <ele>161.6</ele>
   </trkpt>
   <trkpt lat="46.1883780" lon="13.7195050">
    <ele>161.6</ele>
   </trkpt>
   <trkpt lat="46.1883550" lon="13.7194470">
    <ele>161.6</ele>
   </trkpt>
   <trkpt lat="46.1883300" lon="13.7193880">
    <ele>161.6</ele>
   </trkpt>
   <trkpt lat="46.1883130" lon="13.7193320">
    <ele>161.6</ele>
   </trkpt>
   <trkpt lat="46.1882980" lon="13.7192750">
    <ele>161.6</ele>
   </trkpt>
   <trkpt lat="46.1882780" lon="13.7192270">
    <ele>161.7</ele>
   </trkpt>
   <trkpt lat="46.1882620" lon="13.7191750">
    <ele>161.7</ele>
   </trkpt>
   <trkpt lat="46.1882400" lon="13.7191300">
    <ele>161.8</ele>
   </trkpt>
   <trkpt lat="46.1882170" lon="13.7190780">
    <ele>161.9</ele>
   </trkpt>
   <trkpt lat="46.1881920" lon="13.7190280">
    <ele>161.9</ele>
   </trkpt>
   <trkpt lat="46.1881700" lon="13.7189820">
    <ele>162.0</ele>
   </trkpt>
   <trkpt lat="46.1881520" lon="13.7189370">
    <ele>162.0</ele>
   </trkpt>
   <trkpt lat="46.1881320" lon="13.7188930">
    <ele>162.0</ele>
   </trkpt>
   <trkpt lat="46.1881120" lon="13.7188480">
    <ele>162.0</ele>
   </trkpt>
   <trkpt lat="46.1880880" lon="13.7188070">
    <ele>162.0</ele>
   </trkpt>
   <trkpt lat="46.1880630" lon="13.7187630">
    <ele>162.0</ele>
   </trkpt>
   <trkpt lat="46.1880380" lon="13.7187170">
    <ele>162.0</ele>
   </trkpt>
   <trkpt lat="46.1880150" lon="13.7186680">
    <ele>162.0</ele>
   </trkpt>
   <trkpt lat="46.1879950" lon="13.7186230">
    <ele>162.0</ele>
   </trkpt>
   <trkpt lat="46.1879700" lon="13.7185800">
    <ele>161.9</ele>
   </trkpt>
   <trkpt lat="46.1879450" lon="13.7185500">
    <ele>161.9</ele>
   </trkpt>
   <trkpt lat="46.1879170" lon="13.7185330">
    <ele>161.9</ele>
   </trkpt>
   <trkpt lat="46.1878850" lon="13.7185350">
    <ele>161.9</ele>
   </trkpt>
   <trkpt lat="46.1878500" lon="13.7185500">
    <ele>161.9</ele>
   </trkpt>
   <trkpt lat="46.1878170" lon="13.7185700">
    <ele>161.9</ele>
   </trkpt>
   <trkpt lat="46.1877800" lon="13.7185900">
    <ele>161.9</ele>
   </trkpt>
   <trkpt lat="46.1877450" lon="13.7186100">
    <ele>161.9</ele>
   </trkpt>
   <trkpt lat="46.1877080" lon="13.7186300">
    <ele>161.9</ele>
   </trkpt>
   <trkpt lat="46.1876730" lon="13.7186480">
    <ele>161.9</ele>
   </trkpt>
   <trkpt lat="46.1876380" lon="13.7186680">
    <ele>161.9</ele>
   </trkpt>
   <trkpt lat="46.1876020" lon="13.7186880">
    <ele>161.9</ele>
   </trkpt>
   <trkpt lat="46.1875670" lon="13.7187050">
    <ele>161.9</ele>
   </trkpt>
   <trkpt lat="46.1875300" lon="13.7187200">
    <ele>161.9</ele>
   </trkpt>
   <trkpt lat="46.1874930" lon="13.7187350">
    <ele>161.8</ele>
   </trkpt>
   <trkpt lat="46.1874570" lon="13.7187500">
    <ele>161.8</ele>
   </trkpt>
   <trkpt lat="46.1874200" lon="13.7187630">
    <ele>161.8</ele>
   </trkpt>
   <trkpt lat="46.1873830" lon="13.7187770">
    <ele>161.8</ele>
   </trkpt>
   <trkpt lat="46.1873480" lon="13.7187920">
    <ele>161.8</ele>
   </trkpt>
   <trkpt lat="46.1873100" lon="13.7188070">
    <ele>161.8</ele>
   </trkpt>
   <trkpt lat="46.1872730" lon="13.7188200">
    <ele>161.8</ele>
   </trkpt>
   <trkpt lat="46.1872350" lon="13.7188350">
    <ele>161.7</ele>
   </trkpt>
   <trkpt lat="46.1872000" lon="13.7188430">
    <ele>161.7</ele>
   </trkpt>
   <trkpt lat="46.1871620" lon="13.7188550">
    <ele>161.7</ele>
   </trkpt>
   <trkpt lat="46.1871250" lon="13.7188680">
    <ele>161.7</ele>
   </trkpt>
   <trkpt lat="46.1870880" lon="13.7188800">
    <ele>161.6</ele>
   </trkpt>
   <trkpt lat="46.1870520" lon="13.7188930">
    <ele>161.6</ele>
   </trkpt>
   <trkpt lat="46.1870150" lon="13.7189080">
    <ele>161.6</ele>
   </trkpt>
   <trkpt lat="46.1869780" lon="13.7189280">
    <ele>161.6</ele>
   </trkpt>
   <trkpt lat="46.1869400" lon="13.7189480">
    <ele>161.5</ele>
   </trkpt>
   <trkpt lat="46.1869050" lon="13.7189720">
    <ele>161.5</ele>
   </trkpt>
   <trkpt lat="46.1868680" lon="13.7189930">
    <ele>161.5</ele>
   </trkpt>
   <trkpt lat="46.1868320" lon="13.7190130">
    <ele>161.5</ele>
   </trkpt>
   <trkpt lat="46.1867950" lon="13.7190330">
    <ele>161.5</ele>
   </trkpt>
   <trkpt lat="46.1867580" lon="13.7190530">
    <ele>161.4</ele>
   </trkpt>
   <trkpt lat="46.1867220" lon="13.7190730">
    <ele>161.4</ele>
   </trkpt>
   <trkpt lat="46.1866870" lon="13.7190880">
    <ele>161.4</ele>
   </trkpt>
   <trkpt lat="46.1866480" lon="13.7191050">
    <ele>161.4</ele>
   </trkpt>
   <trkpt lat="46.1866120" lon="13.7191220">
    <ele>161.4</ele>
   </trkpt>
   <trkpt lat="46.1865770" lon="13.7191370">
    <ele>161.4</ele>
   </trkpt>
   <trkpt lat="46.1865420" lon="13.7191520">
    <ele>161.4</ele>
   </trkpt>
   <trkpt lat="46.1865070" lon="13.7191620">
    <ele>161.4</ele>
   </trkpt>
   <trkpt lat="46.1864720" lon="13.7191720">
    <ele>161.4</ele>
   </trkpt>
   <trkpt lat="46.1864370" lon="13.7191820">
    <ele>161.4</ele>
   </trkpt>
   <trkpt lat="46.1864000" lon="13.7191900">
    <ele>161.4</ele>
   </trkpt>
   <trkpt lat="46.1863620" lon="13.7192030">
    <ele>161.4</ele>
   </trkpt>
   <trkpt lat="46.1863270" lon="13.7192130">
    <ele>161.4</ele>
   </trkpt>
   <trkpt lat="46.1862880" lon="13.7192220">
    <ele>161.4</ele>
   </trkpt>
   <trkpt lat="46.1862500" lon="13.7192250">
    <ele>161.4</ele>
   </trkpt>
   <trkpt lat="46.1862130" lon="13.7192270">
    <ele>161.5</ele>
   </trkpt>
   <trkpt lat="46.1861770" lon="13.7192300">
    <ele>161.5</ele>
   </trkpt>
   <trkpt lat="46.1861430" lon="13.7192320">
    <ele>161.5</ele>
   </trkpt>
   <trkpt lat="46.1861080" lon="13.7192350">
    <ele>161.5</ele>
   </trkpt>
   <trkpt lat="46.1860750" lon="13.7192370">
    <ele>161.6</ele>
   </trkpt>
   <trkpt lat="46.1860430" lon="13.7192430">
    <ele>161.6</ele>
   </trkpt>
   <trkpt lat="46.1860120" lon="13.7192480">
    <ele>161.6</ele>
   </trkpt>
   <trkpt lat="46.1859820" lon="13.7192630">
    <ele>161.6</ele>
   </trkpt>
   <trkpt lat="46.1859520" lon="13.7192830">
    <ele>161.7</ele>
   </trkpt>
   <trkpt lat="46.1859220" lon="13.7193120">
    <ele>161.7</ele>
   </trkpt>
   <trkpt lat="46.1858930" lon="13.7193450">
    <ele>161.7</ele>
   </trkpt>
   <trkpt lat="46.1858620" lon="13.7193800">
    <ele>161.7</ele>
   </trkpt>
   <trkpt lat="46.1858330" lon="13.7194150">
    <ele>161.7</ele>
   </trkpt>
   <trkpt lat="46.1858050" lon="13.7194480">
    <ele>161.7</ele>
   </trkpt>
   <trkpt lat="46.1857750" lon="13.7194780">
    <ele>161.8</ele>
   </trkpt>
   <trkpt lat="46.1857430" lon="13.7195080">
    <ele>161.8</ele>
   </trkpt>
   <trkpt lat="46.1857130" lon="13.7195350">
    <ele>161.8</ele>
   </trkpt>
   <trkpt lat="46.1856850" lon="13.7195630">
    <ele>161.8</ele>
   </trkpt>
   <trkpt lat="46.1856570" lon="13.7195920">
    <ele>161.8</ele>
   </trkpt>
   <trkpt lat="46.1856270" lon="13.7196220">
    <ele>161.8</ele>
   </trkpt>
   <trkpt lat="46.1855950" lon="13.7196450">
    <ele>161.8</ele>
   </trkpt>
   <trkpt lat="46.1855620" lon="13.7196720">
    <ele>161.9</ele>
   </trkpt>
   <trkpt lat="46.1855270" lon="13.7196980">
    <ele>161.9</ele>
   </trkpt>
   <trkpt lat="46.1854920" lon="13.7197270">
    <ele>161.9</ele>
   </trkpt>
   <trkpt lat="46.1854570" lon="13.7197550">
    <ele>161.9</ele>
   </trkpt>
   <trkpt lat="46.1854250" lon="13.7197850">
    <ele>161.9</ele>
   </trkpt>
   <trkpt lat="46.1853920" lon="13.7198150">
    <ele>161.9</ele>
   </trkpt>
   <trkpt lat="46.1853620" lon="13.7198450">
    <ele>161.9</ele>
   </trkpt>
   <trkpt lat="46.1853320" lon="13.7198700">
    <ele>161.9</ele>
   </trkpt>
   <trkpt lat="46.1853000" lon="13.7198950">
    <ele>161.9</ele>
   </trkpt>
   <trkpt lat="46.1852700" lon="13.7199200">
    <ele>161.9</ele>
   </trkpt>
   <trkpt lat="46.1852370" lon="13.7199450">
    <ele>161.9</ele>
   </trkpt>
   <trkpt lat="46.1852000" lon="13.7199730">
    <ele>161.9</ele>
   </trkpt>
   <trkpt lat="46.1851700" lon="13.7200000">
    <ele>161.9</ele>
   </trkpt>
   <trkpt lat="46.1851370" lon="13.7200280">
    <ele>161.9</ele>
   </trkpt>
   <trkpt lat="46.1851070" lon="13.7200550">
    <ele>161.9</ele>
   </trkpt>
   <trkpt lat="46.1850770" lon="13.7200780">
    <ele>161.9</ele>
   </trkpt>
   <trkpt lat="46.1850470" lon="13.7201080">
    <ele>161.9</ele>
   </trkpt>
   <trkpt lat="46.1850170" lon="13.7201380">
    <ele>161.9</ele>
   </trkpt>
   <trkpt lat="46.1849830" lon="13.7201680">
    <ele>161.9</ele>
   </trkpt>
   <trkpt lat="46.1849500" lon="13.7201980">
    <ele>161.9</ele>
   </trkpt>
   <trkpt lat="46.1849180" lon="13.7202270">
    <ele>161.8</ele>
   </trkpt>
   <trkpt lat="46.1848870" lon="13.7202530">
    <ele>161.8</ele>
   </trkpt>
   <trkpt lat="46.1848550" lon="13.7202820">
    <ele>161.8</ele>
   </trkpt>
   <trkpt lat="46.1848250" lon="13.7203050">
    <ele>161.8</ele>
   </trkpt>
   <trkpt lat="46.1847950" lon="13.7203230">
    <ele>161.8</ele>
   </trkpt>
   <trkpt lat="46.1847650" lon="13.7203430">
    <ele>161.7</ele>
   </trkpt>
   <trkpt lat="46.1847350" lon="13.7203670">
    <ele>161.7</ele>
   </trkpt>
   <trkpt lat="46.1847050" lon="13.7203920">
    <ele>161.7</ele>
   </trkpt>
   <trkpt lat="46.1846730" lon="13.7204180">
    <ele>161.7</ele>
   </trkpt>
   <trkpt lat="46.1846430" lon="13.7204480">
    <ele>161.7</ele>
   </trkpt>
   <trkpt lat="46.1846120" lon="13.7204750">
    <ele>161.6</ele>
   </trkpt>
   <trkpt lat="46.1845800" lon="13.7205030">
    <ele>161.6</ele>
   </trkpt>
   <trkpt lat="46.1845480" lon="13.7205320">
    <ele>161.6</ele>
   </trkpt>
   <trkpt lat="46.1845170" lon="13.7205600">
    <ele>161.6</ele>
   </trkpt>
   <trkpt lat="46.1844820" lon="13.7205950">
    <ele>161.6</ele>
   </trkpt>
   <trkpt lat="46.1844470" lon="13.7206280">
    <ele>161.5</ele>
   </trkpt>
   <trkpt lat="46.1844150" lon="13.7206570">
    <ele>161.5</ele>
   </trkpt>
   <trkpt lat="46.1843830" lon="13.7206830">
    <ele>161.5</ele>
   </trkpt>
   <trkpt lat="46.1843500" lon="13.7207070">
    <ele>161.5</ele>
   </trkpt>
   <trkpt lat="46.1843170" lon="13.7207350">
    <ele>161.5</ele>
   </trkpt>
   <trkpt lat="46.1842830" lon="13.7207650">
    <ele>161.5</ele>
   </trkpt>
   <trkpt lat="46.1842500" lon="13.7207970">
    <ele>161.4</ele>
   </trkpt>
   <trkpt lat="46.1842170" lon="13.7208250">
    <ele>161.4</ele>
   </trkpt>
   <trkpt lat="46.1841850" lon="13.7208520">
    <ele>161.4</ele>
   </trkpt>
   <trkpt lat="46.1841550" lon="13.7208770">
    <ele>161.4</ele>
   </trkpt>
   <trkpt lat="46.1841250" lon="13.7209020">
    <ele>161.4</ele>
   </trkpt>
   <trkpt lat="46.1840950" lon="13.7209280">
    <ele>161.4</ele>
   </trkpt>
   <trkpt lat="46.1840650" lon="13.7209550">
    <ele>161.3</ele>
   </trkpt>
   <trkpt lat="46.1840320" lon="13.7209850">
    <ele>161.3</ele>
   </trkpt>
   <trkpt lat="46.1840000" lon="13.7210170">
    <ele>161.3</ele>
   </trkpt>
   <trkpt lat="46.1839650" lon="13.7210530">
    <ele>161.3</ele>
   </trkpt>
   <trkpt lat="46.1839330" lon="13.7210850">
    <ele>161.3</ele>
   </trkpt>
   <trkpt lat="46.1839020" lon="13.7211170">
    <ele>161.3</ele>
   </trkpt>
   <trkpt lat="46.1838720" lon="13.7211480">
    <ele>161.3</ele>
   </trkpt>
   <trkpt lat="46.1838400" lon="13.7211820">
    <ele>161.3</ele>
   </trkpt>
   <trkpt lat="46.1838100" lon="13.7212130">
    <ele>161.3</ele>
   </trkpt>
   <trkpt lat="46.1837770" lon="13.7212380">
    <ele>161.3</ele>
   </trkpt>
   <trkpt lat="46.1837450" lon="13.7212500">
    <ele>161.3</ele>
   </trkpt>
   <trkpt lat="46.1837080" lon="13.7212470">
    <ele>161.2</ele>
   </trkpt>
   <trkpt lat="46.1836730" lon="13.7212320">
    <ele>161.1</ele>
   </trkpt>
   <trkpt lat="46.1836430" lon="13.7212170">
    <ele>161.1</ele>
   </trkpt>
   <trkpt lat="46.1836020" lon="13.7211900">
    <ele>161.0</ele>
   </trkpt>
   <trkpt lat="46.1835680" lon="13.7211600">
    <ele>160.9</ele>
   </trkpt>
   <trkpt lat="46.1835370" lon="13.7211330">
    <ele>160.8</ele>
   </trkpt>
   <trkpt lat="46.1835030" lon="13.7211070">
    <ele>160.8</ele>
   </trkpt>
   <trkpt lat="46.1834680" lon="13.7210770">
    <ele>160.7</ele>
   </trkpt>
   <trkpt lat="46.1834370" lon="13.7210450">
    <ele>160.6</ele>
   </trkpt>
   <trkpt lat="46.1834070" lon="13.7210150">
    <ele>160.6</ele>
   </trkpt>
   <trkpt lat="46.1833800" lon="13.7209930">
    <ele>160.5</ele>
   </trkpt>
   <trkpt lat="46.1833530" lon="13.7209750">
    <ele>160.5</ele>
   </trkpt>
   <trkpt lat="46.1833270" lon="13.7209530">
    <ele>160.4</ele>
   </trkpt>
   <trkpt lat="46.1832980" lon="13.7209320">
    <ele>160.4</ele>
   </trkpt>
   <trkpt lat="46.1832700" lon="13.7209120">
    <ele>160.3</ele>
   </trkpt>
   <trkpt lat="46.1832430" lon="13.7208920">
    <ele>160.3</ele>
   </trkpt>
   <trkpt lat="46.1832180" lon="13.7208670">
    <ele>160.2</ele>
   </trkpt>
   <trkpt lat="46.1831980" lon="13.7208380">
    <ele>160.2</ele>
   </trkpt>
   <trkpt lat="46.1831800" lon="13.7208080">
    <ele>160.1</ele>
   </trkpt>
   <trkpt lat="46.1831670" lon="13.7207720">
    <ele>160.1</ele>
   </trkpt>
   <trkpt lat="46.1831600" lon="13.7207230">
    <ele>160.0</ele>
   </trkpt>
   <trkpt lat="46.1831600" lon="13.7206670">
    <ele>159.8</ele>
   </trkpt>
   <trkpt lat="46.1831670" lon="13.7206150">
    <ele>159.7</ele>
   </trkpt>
   <trkpt lat="46.1831780" lon="13.7205630">
    <ele>159.5</ele>
   </trkpt>
   <trkpt lat="46.1831920" lon="13.7205100">
    <ele>159.3</ele>
   </trkpt>
   <trkpt lat="46.1832030" lon="13.7204470">
    <ele>159.1</ele>
   </trkpt>
   <trkpt lat="46.1832120" lon="13.7203920">
    <ele>159.1</ele>
   </trkpt>
   <trkpt lat="46.1832200" lon="13.7203350">
    <ele>159.0</ele>
   </trkpt>
   <trkpt lat="46.1832280" lon="13.7202800">
    <ele>159.0</ele>
   </trkpt>
   <trkpt lat="46.1832330" lon="13.7202300">
    <ele>159.0</ele>
   </trkpt>
   <trkpt lat="46.1832330" lon="13.7201770">
    <ele>159.1</ele>
   </trkpt>
   <trkpt lat="46.1832320" lon="13.7201200">
    <ele>159.2</ele>
   </trkpt>
   <trkpt lat="46.1832370" lon="13.7200650">
    <ele>159.3</ele>
   </trkpt>
   <trkpt lat="46.1832420" lon="13.7200120">
    <ele>159.4</ele>
   </trkpt>
   <trkpt lat="46.1832480" lon="13.7199630">
    <ele>159.5</ele>
   </trkpt>
   <trkpt lat="46.1832580" lon="13.7199220">
    <ele>159.6</ele>
   </trkpt>
   <trkpt lat="46.1832670" lon="13.7198730">
    <ele>159.8</ele>
   </trkpt>
   <trkpt lat="46.1832770" lon="13.7198270">
    <ele>159.8</ele>
   </trkpt>
   <trkpt lat="46.1832870" lon="13.7197820">
    <ele>159.9</ele>
   </trkpt>
   <trkpt lat="46.1832980" lon="13.7197380">
    <ele>160.0</ele>
   </trkpt>
   <trkpt lat="46.1833080" lon="13.7196930">
    <ele>160.1</ele>
   </trkpt>
   <trkpt lat="46.1833180" lon="13.7196480">
    <ele>160.2</ele>
   </trkpt>
   <trkpt lat="46.1833280" lon="13.7196070">
    <ele>160.3</ele>
   </trkpt>
   <trkpt lat="46.1833380" lon="13.7195600">
    <ele>160.3</ele>
   </trkpt>
   <trkpt lat="46.1833500" lon="13.7195150">
    <ele>160.4</ele>
   </trkpt>
   <trkpt lat="46.1833650" lon="13.7194700">
    <ele>160.5</ele>
   </trkpt>
   <trkpt lat="46.1833770" lon="13.7194230">
    <ele>160.6</ele>
   </trkpt>
   <trkpt lat="46.1833870" lon="13.7193730">
    <ele>160.6</ele>
   </trkpt>
   <trkpt lat="46.1833970" lon="13.7193250">
    <ele>160.7</ele>
   </trkpt>
   <trkpt lat="46.1834050" lon="13.7192750">
    <ele>160.7</ele>
   </trkpt>
   <trkpt lat="46.1834120" lon="13.7192220">
    <ele>160.8</ele>
   </trkpt>
   <trkpt lat="46.1834180" lon="13.7191730">
    <ele>160.8</ele>
   </trkpt>
   <trkpt lat="46.1834300" lon="13.7191300">
    <ele>160.9</ele>
   </trkpt>
   <trkpt lat="46.1834380" lon="13.7190820">
    <ele>160.9</ele>
   </trkpt>
   <trkpt lat="46.1834470" lon="13.7190330">
    <ele>161.0</ele>
   </trkpt>
   <trkpt lat="46.1834570" lon="13.7189820">
    <ele>161.0</ele>
   </trkpt>
   <trkpt lat="46.1834700" lon="13.7189330">
    <ele>161.0</ele>
   </trkpt>
   <trkpt lat="46.1834830" lon="13.7188870">
    <ele>161.1</ele>
   </trkpt>
   <trkpt lat="46.1834930" lon="13.7188380">
    <ele>161.1</ele>
   </trkpt>
   <trkpt lat="46.1835080" lon="13.7187880">
    <ele>161.1</ele>
   </trkpt>
   <trkpt lat="46.1835270" lon="13.7187520">
    <ele>161.1</ele>
   </trkpt>
   <trkpt lat="46.1835530" lon="13.7187220">
    <ele>161.1</ele>
   </trkpt>
   <trkpt lat="46.1835770" lon="13.7186950">
    <ele>161.2</ele>
   </trkpt>
   <trkpt lat="46.1835970" lon="13.7186700">
    <ele>161.2</ele>
   </trkpt>
   <trkpt lat="46.1836050" lon="13.7186400">
    <ele>161.2</ele>
   </trkpt>
   <trkpt lat="46.1836050" lon="13.7186080">
    <ele>161.2</ele>
   </trkpt>
   <trkpt lat="46.1835980" lon="13.7185720">
    <ele>161.1</ele>
   </trkpt>
   <trkpt lat="46.1835870" lon="13.7185370">
    <ele>161.1</ele>
   </trkpt>
   <trkpt lat="46.1835720" lon="13.7184780">
    <ele>161.0</ele>
   </trkpt>
   <trkpt lat="46.1835570" lon="13.7184250">
    <ele>160.9</ele>
   </trkpt>
   <trkpt lat="46.1835400" lon="13.7183830">
    <ele>160.9</ele>
   </trkpt>
   <trkpt lat="46.1835180" lon="13.7183420">
    <ele>160.9</ele>
   </trkpt>
   <trkpt lat="46.1835080" lon="13.7183070">
    <ele>161.1</ele>
   </trkpt>
   <trkpt lat="46.1835070" lon="13.7182680">
    <ele>161.3</ele>
   </trkpt>
   <trkpt lat="46.1835070" lon="13.7182350">
    <ele>161.5</ele>
   </trkpt>
   <trkpt lat="46.1835030" lon="13.7182050">
    <ele>161.7</ele>
   </trkpt>
   <trkpt lat="46.1835030" lon="13.7181800">
    <ele>161.9</ele>
   </trkpt>
   <trkpt lat="46.1835150" lon="13.7181630">
    <ele>162.2</ele>
   </trkpt>
   <trkpt lat="46.1835250" lon="13.7181480">
    <ele>162.4</ele>
   </trkpt>
   <trkpt lat="46.1835380" lon="13.7181370">
    <ele>162.6</ele>
   </trkpt>
   <trkpt lat="46.1835530" lon="13.7181180">
    <ele>162.9</ele>
   </trkpt>
   <trkpt lat="46.1835670" lon="13.7180980">
    <ele>163.2</ele>
   </trkpt>
   <trkpt lat="46.1835800" lon="13.7180780">
    <ele>163.4</ele>
   </trkpt>
   <trkpt lat="46.1835900" lon="13.7180600">
    <ele>163.6</ele>
   </trkpt>
   <trkpt lat="46.1835950" lon="13.7180280">
    <ele>163.9</ele>
   </trkpt>
   <trkpt lat="46.1835970" lon="13.7179920">
    <ele>164.1</ele>
   </trkpt>
   <trkpt lat="46.1835950" lon="13.7179480">
    <ele>164.3</ele>
   </trkpt>
   <trkpt lat="46.1835920" lon="13.7179030">
    <ele>164.5</ele>
   </trkpt>
   <trkpt lat="46.1835870" lon="13.7178500">
    <ele>164.5</ele>
   </trkpt>
   <trkpt lat="46.1835870" lon="13.7178000">
    <ele>164.6</ele>
   </trkpt>
   <trkpt lat="46.1835830" lon="13.7177430">
    <ele>164.6</ele>
   </trkpt>
   <trkpt lat="46.1835830" lon="13.7176900">
    <ele>164.6</ele>
   </trkpt>
   <trkpt lat="46.1835780" lon="13.7176370">
    <ele>164.6</ele>
   </trkpt>
   <trkpt lat="46.1835720" lon="13.7175850">
    <ele>164.6</ele>
   </trkpt>
   <trkpt lat="46.1835650" lon="13.7175420">
    <ele>164.7</ele>
   </trkpt>
   <trkpt lat="46.1835550" lon="13.7174970">
    <ele>164.7</ele>
   </trkpt>
   <trkpt lat="46.1835450" lon="13.7174480">
    <ele>164.8</ele>
   </trkpt>
   <trkpt lat="46.1835330" lon="13.7174020">
    <ele>164.8</ele>
   </trkpt>
   <trkpt lat="46.1835180" lon="13.7173500">
    <ele>164.9</ele>
   </trkpt>
   <trkpt lat="46.1835070" lon="13.7173050">
    <ele>165.0</ele>
   </trkpt>
   <trkpt lat="46.1834930" lon="13.7172620">
    <ele>165.1</ele>
   </trkpt>
   <trkpt lat="46.1834800" lon="13.7172230">
    <ele>165.2</ele>
   </trkpt>
   <trkpt lat="46.1834670" lon="13.7171880">
    <ele>165.2</ele>
   </trkpt>
   <trkpt lat="46.1834550" lon="13.7171570">
    <ele>165.3</ele>
   </trkpt>
   <trkpt lat="46.1834430" lon="13.7171230">
    <ele>165.4</ele>
   </trkpt>
   <trkpt lat="46.1834320" lon="13.7170880">
    <ele>165.5</ele>
   </trkpt>
   <trkpt lat="46.1834170" lon="13.7170500">
    <ele>165.6</ele>
   </trkpt>
   <trkpt lat="46.1834000" lon="13.7170080">
    <ele>165.8</ele>
   </trkpt>
   <trkpt lat="46.1833900" lon="13.7169650">
    <ele>165.9</ele>
   </trkpt>
   <trkpt lat="46.1833770" lon="13.7169250">
    <ele>166.0</ele>
   </trkpt>
   <trkpt lat="46.1833600" lon="13.7168900">
    <ele>166.0</ele>
   </trkpt>
   <trkpt lat="46.1833380" lon="13.7168530">
    <ele>166.0</ele>
   </trkpt>
   <trkpt lat="46.1833150" lon="13.7168170">
    <ele>166.1</ele>
   </trkpt>
   <trkpt lat="46.1832920" lon="13.7167830">
    <ele>166.1</ele>
   </trkpt>
   <trkpt lat="46.1832720" lon="13.7167520">
    <ele>166.1</ele>
   </trkpt>
   <trkpt lat="46.1832480" lon="13.7167180">
    <ele>166.1</ele>
   </trkpt>
   <trkpt lat="46.1832250" lon="13.7166930">
    <ele>166.1</ele>
   </trkpt>
   <trkpt lat="46.1832030" lon="13.7166570">
    <ele>166.1</ele>
   </trkpt>
   <trkpt lat="46.1831780" lon="13.7166180">
    <ele>166.1</ele>
   </trkpt>
   <trkpt lat="46.1831570" lon="13.7165820">
    <ele>166.1</ele>
   </trkpt>
   <trkpt lat="46.1831330" lon="13.7165430">
    <ele>166.1</ele>
   </trkpt>
   <trkpt lat="46.1831100" lon="13.7165050">
    <ele>166.1</ele>
   </trkpt>
   <trkpt lat="46.1830870" lon="13.7164670">
    <ele>166.1</ele>
   </trkpt>
   <trkpt lat="46.1830680" lon="13.7164350">
    <ele>166.1</ele>
   </trkpt>
   <trkpt lat="46.1830420" lon="13.7163920">
    <ele>166.1</ele>
   </trkpt>
   <trkpt lat="46.1830200" lon="13.7163550">
    <ele>166.1</ele>
   </trkpt>
   <trkpt lat="46.1829980" lon="13.7163200">
    <ele>166.1</ele>
   </trkpt>
   <trkpt lat="46.1829780" lon="13.7162870">
    <ele>166.1</ele>
   </trkpt>
   <trkpt lat="46.1829600" lon="13.7162550">
    <ele>166.2</ele>
   </trkpt>
   <trkpt lat="46.1829400" lon="13.7162170">
    <ele>166.2</ele>
   </trkpt>
   <trkpt lat="46.1829180" lon="13.7161780">
    <ele>166.2</ele>
   </trkpt>
   <trkpt lat="46.1828970" lon="13.7161420">
    <ele>166.2</ele>
   </trkpt>
   <trkpt lat="46.1828770" lon="13.7161050">
    <ele>166.2</ele>
   </trkpt>
   <trkpt lat="46.1828550" lon="13.7160680">
    <ele>166.2</ele>
   </trkpt>
   <trkpt lat="46.1828330" lon="13.7160280">
    <ele>166.3</ele>
   </trkpt>
   <trkpt lat="46.1828120" lon="13.7159900">
    <ele>166.3</ele>
   </trkpt>
   <trkpt lat="46.1827900" lon="13.7159500">
    <ele>166.3</ele>
   </trkpt>
   <trkpt lat="46.1827700" lon="13.7159050">
    <ele>166.4</ele>
   </trkpt>
   <trkpt lat="46.1827500" lon="13.7158620">
    <ele>166.4</ele>
   </trkpt>
   <trkpt lat="46.1827280" lon="13.7158220">
    <ele>166.5</ele>
   </trkpt>
   <trkpt lat="46.1827080" lon="13.7157780">
    <ele>166.5</ele>
   </trkpt>
   <trkpt lat="46.1826900" lon="13.7157400">
    <ele>166.5</ele>
   </trkpt>
   <trkpt lat="46.1826700" lon="13.7157050">
    <ele>166.5</ele>
   </trkpt>
   <trkpt lat="46.1826500" lon="13.7156700">
    <ele>166.5</ele>
   </trkpt>
   <trkpt lat="46.1826300" lon="13.7156400">
    <ele>166.4</ele>
   </trkpt>
   <trkpt lat="46.1826130" lon="13.7156270">
    <ele>166.1</ele>
   </trkpt>
   <trkpt lat="46.1826050" lon="13.7156380">
    <ele>165.9</ele>
   </trkpt>
   <trkpt lat="46.1826050" lon="13.7156720">
    <ele>165.5</ele>
   </trkpt>
   <trkpt lat="46.1826120" lon="13.7157170">
    <ele>164.8</ele>
   </trkpt>
   <trkpt lat="46.1826200" lon="13.7157680">
    <ele>164.1</ele>
   </trkpt>
   <trkpt lat="46.1826320" lon="13.7158200">
    <ele>163.4</ele>
   </trkpt>
   <trkpt lat="46.1826420" lon="13.7158730">
    <ele>162.9</ele>
   </trkpt>
   <trkpt lat="46.1826520" lon="13.7159320">
    <ele>162.4</ele>
   </trkpt>
   <trkpt lat="46.1826580" lon="13.7159800">
    <ele>162.2</ele>
   </trkpt>
   <trkpt lat="46.1826650" lon="13.7160200">
    <ele>162.1</ele>
   </trkpt>
   <trkpt lat="46.1826800" lon="13.7160400">
    <ele>162.0</ele>
   </trkpt>
   <trkpt lat="46.1826980" lon="13.7160430">
    <ele>162.0</ele>
   </trkpt>
   <trkpt lat="46.1827280" lon="13.7160350">
    <ele>161.9</ele>
   </trkpt>
   <trkpt lat="46.1827680" lon="13.7160030">
    <ele>161.7</ele>
   </trkpt>
   <trkpt lat="46.1827950" lon="13.7159750">
    <ele>161.6</ele>
   </trkpt>
   <trkpt lat="46.1828150" lon="13.7159430">
    <ele>161.6</ele>
   </trkpt>
   <trkpt lat="46.1828300" lon="13.7159170">
    <ele>161.6</ele>
   </trkpt>
   <trkpt lat="46.1828580" lon="13.7159030">
    <ele>161.5</ele>
   </trkpt>
   <trkpt lat="46.1828920" lon="13.7158930">
    <ele>161.5</ele>
   </trkpt>
   <trkpt lat="46.1829230" lon="13.7158830">
    <ele>161.5</ele>
   </trkpt>
   <trkpt lat="46.1829570" lon="13.7158680">
    <ele>161.5</ele>
   </trkpt>
   <trkpt lat="46.1829870" lon="13.7158500">
    <ele>161.6</ele>
   </trkpt>
   <trkpt lat="46.1830150" lon="13.7158230">
    <ele>161.6</ele>
   </trkpt>
   <trkpt lat="46.1830470" lon="13.7157930">
    <ele>161.6</ele>
   </trkpt>
   <trkpt lat="46.1830820" lon="13.7157630">
    <ele>161.7</ele>
   </trkpt>
   <trkpt lat="46.1831170" lon="13.7157350">
    <ele>161.7</ele>
   </trkpt>
   <trkpt lat="46.1831530" lon="13.7157000">
    <ele>161.7</ele>
   </trkpt>
   <trkpt lat="46.1831880" lon="13.7156620">
    <ele>161.7</ele>
   </trkpt>
   <trkpt lat="46.1832150" lon="13.7156280">
    <ele>161.7</ele>
   </trkpt>
   <trkpt lat="46.1832400" lon="13.7155930">
    <ele>161.7</ele>
   </trkpt>
   <trkpt lat="46.1832720" lon="13.7155620">
    <ele>161.7</ele>
   </trkpt>
   <trkpt lat="46.1833020" lon="13.7155330">
    <ele>161.7</ele>
   </trkpt>
   <trkpt lat="46.1833300" lon="13.7155050">
    <ele>161.7</ele>
   </trkpt>
   <trkpt lat="46.1833570" lon="13.7154770">
    <ele>161.7</ele>
   </trkpt>
   <trkpt lat="46.1833880" lon="13.7154600">
    <ele>161.8</ele>
   </trkpt>
   <trkpt lat="46.1834220" lon="13.7154470">
    <ele>161.8</ele>
   </trkpt>
   <trkpt lat="46.1834580" lon="13.7154380">
    <ele>161.7</ele>
   </trkpt>
   <trkpt lat="46.1834930" lon="13.7154250">
    <ele>161.7</ele>
   </trkpt>
   <trkpt lat="46.1835330" lon="13.7154030">
    <ele>161.6</ele>
   </trkpt>
   <trkpt lat="46.1835680" lon="13.7153830">
    <ele>161.6</ele>
   </trkpt>
   <trkpt lat="46.1835970" lon="13.7153620">
    <ele>161.5</ele>
   </trkpt>
   <trkpt lat="46.1836230" lon="13.7153420">
    <ele>161.5</ele>
   </trkpt>
   <trkpt lat="46.1836480" lon="13.7153180">
    <ele>161.4</ele>
   </trkpt>
   <trkpt lat="46.1836820" lon="13.7153030">
    <ele>161.4</ele>
   </trkpt>
   <trkpt lat="46.1837200" lon="13.7152900">
    <ele>161.3</ele>
   </trkpt>
   <trkpt lat="46.1837530" lon="13.7152720">
    <ele>161.3</ele>
   </trkpt>
   <trkpt lat="46.1837880" lon="13.7152520">
    <ele>161.3</ele>
   </trkpt>
   <trkpt lat="46.1838180" lon="13.7152280">
    <ele>161.2</ele>
   </trkpt>
   <trkpt lat="46.1838530" lon="13.7152170">
    <ele>161.2</ele>
   </trkpt>
   <trkpt lat="46.1838880" lon="13.7152030">
    <ele>161.2</ele>
   </trkpt>
   <trkpt lat="46.1839270" lon="13.7151900">
    <ele>161.2</ele>
   </trkpt>
   <trkpt lat="46.1839580" lon="13.7151750">
    <ele>161.2</ele>
   </trkpt>
   <trkpt lat="46.1839900" lon="13.7151620">
    <ele>161.2</ele>
   </trkpt>
   <trkpt lat="46.1840220" lon="13.7151500">
    <ele>161.2</ele>
   </trkpt>
   <trkpt lat="46.1840530" lon="13.7151450">
    <ele>161.2</ele>
   </trkpt>
   <trkpt lat="46.1840830" lon="13.7151380">
    <ele>161.2</ele>
   </trkpt>
   <trkpt lat="46.1841170" lon="13.7151380">
    <ele>161.2</ele>
   </trkpt>
   <trkpt lat="46.1841480" lon="13.7151420">
    <ele>161.2</ele>
   </trkpt>
   <trkpt lat="46.1841800" lon="13.7151450">
    <ele>161.2</ele>
   </trkpt>
   <trkpt lat="46.1842080" lon="13.7151430">
    <ele>161.2</ele>
   </trkpt>
   <trkpt lat="46.1842320" lon="13.7151400">
    <ele>161.2</ele>
   </trkpt>
   <trkpt lat="46.1842520" lon="13.7151330">
    <ele>161.2</ele>
   </trkpt>
   <trkpt lat="46.1842730" lon="13.7151230">
    <ele>161.2</ele>
   </trkpt>
   <trkpt lat="46.1842980" lon="13.7151170">
    <ele>161.1</ele>
   </trkpt>
   <trkpt lat="46.1843250" lon="13.7151100">
    <ele>161.1</ele>
   </trkpt>
   <trkpt lat="46.1843580" lon="13.7151070">
    <ele>161.1</ele>
   </trkpt>
   <trkpt lat="46.1844070" lon="13.7151000">
    <ele>161.1</ele>
   </trkpt>
   <trkpt lat="46.1844480" lon="13.7150930">
    <ele>161.1</ele>
   </trkpt>
   <trkpt lat="46.1844900" lon="13.7150920">
    <ele>161.0</ele>
   </trkpt>
   <trkpt lat="46.1845280" lon="13.7150950">
    <ele>161.0</ele>
   </trkpt>
   <trkpt lat="46.1845680" lon="13.7150930">
    <ele>160.9</ele>
   </trkpt>
   <trkpt lat="46.1846080" lon="13.7150920">
    <ele>160.9</ele>
   </trkpt>
   <trkpt lat="46.1846480" lon="13.7150930">
    <ele>160.8</ele>
   </trkpt>
   <trkpt lat="46.1846830" lon="13.7150980">
    <ele>160.7</ele>
   </trkpt>
   <trkpt lat="46.1847130" lon="13.7151000">
    <ele>160.7</ele>
   </trkpt>
   <trkpt lat="46.1847430" lon="13.7150950">
    <ele>160.7</ele>
   </trkpt>
   <trkpt lat="46.1847820" lon="13.7150880">
    <ele>160.6</ele>
   </trkpt>
   <trkpt lat="46.1848200" lon="13.7150820">
    <ele>160.6</ele>
   </trkpt>
   <trkpt lat="46.1848600" lon="13.7150700">
    <ele>160.6</ele>
   </trkpt>
   <trkpt lat="46.1849030" lon="13.7150600">
    <ele>160.6</ele>
   </trkpt>
   <trkpt lat="46.1849470" lon="13.7150530">
    <ele>160.6</ele>
   </trkpt>
   <trkpt lat="46.1849830" lon="13.7150420">
    <ele>160.6</ele>
   </trkpt>
   <trkpt lat="46.1850230" lon="13.7150250">
    <ele>160.6</ele>
   </trkpt>
   <trkpt lat="46.1850600" lon="13.7150100">
    <ele>160.6</ele>
   </trkpt>
   <trkpt lat="46.1850950" lon="13.7149900">
    <ele>160.6</ele>
   </trkpt>
   <trkpt lat="46.1851320" lon="13.7149700">
    <ele>160.7</ele>
   </trkpt>
   <trkpt lat="46.1851680" lon="13.7149570">
    <ele>160.7</ele>
   </trkpt>
   <trkpt lat="46.1852070" lon="13.7149470">
    <ele>160.7</ele>
   </trkpt>
   <trkpt lat="46.1852380" lon="13.7149380">
    <ele>160.7</ele>
   </trkpt>
   <trkpt lat="46.1852770" lon="13.7149300">
    <ele>160.7</ele>
   </trkpt>
   <trkpt lat="46.1853120" lon="13.7149200">
    <ele>160.7</ele>
   </trkpt>
   <trkpt lat="46.1853520" lon="13.7149070">
    <ele>160.7</ele>
   </trkpt>
   <trkpt lat="46.1853900" lon="13.7148930">
    <ele>160.7</ele>
   </trkpt>
   <trkpt lat="46.1854280" lon="13.7148820">
    <ele>160.7</ele>
   </trkpt>
   <trkpt lat="46.1854650" lon="13.7148650">
    <ele>160.7</ele>
   </trkpt>
   <trkpt lat="46.1855000" lon="13.7148480">
    <ele>160.7</ele>
   </trkpt>
   <trkpt lat="46.1855380" lon="13.7148280">
    <ele>160.8</ele>
   </trkpt>
   <trkpt lat="46.1855770" lon="13.7148120">
    <ele>160.8</ele>
   </trkpt>
   <trkpt lat="46.1856170" lon="13.7147930">
    <ele>160.8</ele>
   </trkpt>
   <trkpt lat="46.1856570" lon="13.7147700">
    <ele>160.9</ele>
   </trkpt>
   <trkpt lat="46.1856920" lon="13.7147450">
    <ele>160.9</ele>
   </trkpt>
   <trkpt lat="46.1857270" lon="13.7147120">
    <ele>160.9</ele>
   </trkpt>
   <trkpt lat="46.1857580" lon="13.7146770">
    <ele>161.0</ele>
   </trkpt>
   <trkpt lat="46.1857900" lon="13.7146430">
    <ele>161.0</ele>
   </trkpt>
   <trkpt lat="46.1858230" lon="13.7146130">
    <ele>161.0</ele>
   </trkpt>
   <trkpt lat="46.1858580" lon="13.7145930">
    <ele>161.1</ele>
   </trkpt>
   <trkpt lat="46.1858950" lon="13.7145780">
    <ele>161.1</ele>
   </trkpt>
   <trkpt lat="46.1859300" lon="13.7145650">
    <ele>161.2</ele>
   </trkpt>
   <trkpt lat="46.1859650" lon="13.7145500">
    <ele>161.2</ele>
   </trkpt>
   <trkpt lat="46.1860000" lon="13.7145400">
    <ele>161.3</ele>
   </trkpt>
   <trkpt lat="46.1860370" lon="13.7145250">
    <ele>161.3</ele>
   </trkpt>
   <trkpt lat="46.1860720" lon="13.7145030">
    <ele>161.3</ele>
   </trkpt>
   <trkpt lat="46.1861070" lon="13.7144780">
    <ele>161.4</ele>
   </trkpt>
   <trkpt lat="46.1861400" lon="13.7144500">
    <ele>161.4</ele>
   </trkpt>
   <trkpt lat="46.1861730" lon="13.7144200">
    <ele>161.4</ele>
   </trkpt>
   <trkpt lat="46.1862100" lon="13.7143900">
    <ele>161.4</ele>
   </trkpt>
   <trkpt lat="46.1862430" lon="13.7143580">
    <ele>161.4</ele>
   </trkpt>
   <trkpt lat="46.1862820" lon="13.7143330">
    <ele>161.4</ele>
   </trkpt>
   <trkpt lat="46.1863200" lon="13.7143170">
    <ele>161.4</ele>
   </trkpt>
   <trkpt lat="46.1863550" lon="13.7142930">
    <ele>161.4</ele>
   </trkpt>
   <trkpt lat="46.1863900" lon="13.7142700">
    <ele>161.4</ele>
   </trkpt>
   <trkpt lat="46.1864250" lon="13.7142520">
    <ele>161.4</ele>
   </trkpt>
   <trkpt lat="46.1864600" lon="13.7142320">
    <ele>161.4</ele>
   </trkpt>
   <trkpt lat="46.1864970" lon="13.7142130">
    <ele>161.5</ele>
   </trkpt>
   <trkpt lat="46.1865320" lon="13.7141980">
    <ele>161.5</ele>
   </trkpt>
   <trkpt lat="46.1865680" lon="13.7141820">
    <ele>161.5</ele>
   </trkpt>
   <trkpt lat="46.1866000" lon="13.7141650">
    <ele>161.5</ele>
   </trkpt>
   <trkpt lat="46.1866320" lon="13.7141470">
    <ele>161.5</ele>
   </trkpt>
   <trkpt lat="46.1866670" lon="13.7141280">
    <ele>161.5</ele>
   </trkpt>
   <trkpt lat="46.1867000" lon="13.7141130">
    <ele>161.5</ele>
   </trkpt>
   <trkpt lat="46.1867350" lon="13.7141020">
    <ele>161.5</ele>
   </trkpt>
   <trkpt lat="46.1867730" lon="13.7140920">
    <ele>161.5</ele>
   </trkpt>
   <trkpt lat="46.1868080" lon="13.7140820">
    <ele>161.5</ele>
   </trkpt>
   <trkpt lat="46.1868420" lon="13.7140630">
    <ele>161.5</ele>
   </trkpt>
   <trkpt lat="46.1868730" lon="13.7140400">
    <ele>161.5</ele>
   </trkpt>
   <trkpt lat="46.1869030" lon="13.7140130">
    <ele>161.4</ele>
   </trkpt>
   <trkpt lat="46.1869350" lon="13.7139880">
    <ele>161.3</ele>
   </trkpt>
   <trkpt lat="46.1869670" lon="13.7139650">
    <ele>161.2</ele>
   </trkpt>
   <trkpt lat="46.1870000" lon="13.7139420">
    <ele>161.1</ele>
   </trkpt>
   <trkpt lat="46.1870330" lon="13.7139130">
    <ele>161.0</ele>
   </trkpt>
   <trkpt lat="46.1870630" lon="13.7138770">
    <ele>160.9</ele>
   </trkpt>
   <trkpt lat="46.1870850" lon="13.7138450">
    <ele>160.8</ele>
   </trkpt>
   <trkpt lat="46.1871180" lon="13.7138030">
    <ele>160.7</ele>
   </trkpt>
   <trkpt lat="46.1871470" lon="13.7137720">
    <ele>160.7</ele>
   </trkpt>
   <trkpt lat="46.1871770" lon="13.7137370">
    <ele>160.6</ele>
   </trkpt>
   <trkpt lat="46.1872080" lon="13.7137020">
    <ele>160.5</ele>
   </trkpt>
   <trkpt lat="46.1872370" lon="13.7136630">
    <ele>160.5</ele>
   </trkpt>
   <trkpt lat="46.1872620" lon="13.7136230">
    <ele>160.5</ele>
   </trkpt>
   <trkpt lat="46.1872870" lon="13.7135850">
    <ele>160.5</ele>
   </trkpt>
   <trkpt lat="46.1873080" lon="13.7135570">
    <ele>160.5</ele>
   </trkpt>
   <trkpt lat="46.1873350" lon="13.7135250">
    <ele>160.5</ele>
   </trkpt>
   <trkpt lat="46.1873630" lon="13.7135000">
    <ele>160.6</ele>
   </trkpt>
   <trkpt lat="46.1873870" lon="13.7134780">
    <ele>160.7</ele>
   </trkpt>
   <trkpt lat="46.1874100" lon="13.7134520">
    <ele>160.7</ele>
   </trkpt>
   <trkpt lat="46.1874380" lon="13.7134250">
    <ele>160.7</ele>
   </trkpt>
   <trkpt lat="46.1874720" lon="13.7134030">
    <ele>160.7</ele>
   </trkpt>
   <trkpt lat="46.1875030" lon="13.7133800">
    <ele>160.7</ele>
   </trkpt>
   <trkpt lat="46.1875370" lon="13.7133670">
    <ele>160.7</ele>
   </trkpt>
   <trkpt lat="46.1875670" lon="13.7133630">
    <ele>160.7</ele>
   </trkpt>
   <trkpt lat="46.1876030" lon="13.7133580">
    <ele>160.6</ele>
   </trkpt>
   <trkpt lat="46.1876300" lon="13.7133630">
    <ele>160.5</ele>
   </trkpt>
   <trkpt lat="46.1876580" lon="13.7133670">
    <ele>160.5</ele>
   </trkpt>
   <trkpt lat="46.1876880" lon="13.7133650">
    <ele>160.4</ele>
   </trkpt>
   <trkpt lat="46.1877180" lon="13.7133580">
    <ele>160.3</ele>
   </trkpt>
   <trkpt lat="46.1877470" lon="13.7133430">
    <ele>160.2</ele>
   </trkpt>
   <trkpt lat="46.1877700" lon="13.7133250">
    <ele>160.2</ele>
   </trkpt>
   <trkpt lat="46.1877920" lon="13.7133030">
    <ele>160.1</ele>
   </trkpt>
   <trkpt lat="46.1878130" lon="13.7132820">
    <ele>160.1</ele>
   </trkpt>
   <trkpt lat="46.1878350" lon="13.7132570">
    <ele>160.1</ele>
   </trkpt>
   <trkpt lat="46.1878570" lon="13.7132320">
    <ele>160.1</ele>
   </trkpt>
   <trkpt lat="46.1878770" lon="13.7132030">
    <ele>160.2</ele>
   </trkpt>
   <trkpt lat="46.1878950" lon="13.7131720">
    <ele>160.2</ele>
   </trkpt>
   <trkpt lat="46.1879120" lon="13.7131370">
    <ele>160.3</ele>
   </trkpt>
   <trkpt lat="46.1879300" lon="13.7130970">
    <ele>160.3</ele>
   </trkpt>
   <trkpt lat="46.1879500" lon="13.7130500">
    <ele>160.3</ele>
   </trkpt>
   <trkpt lat="46.1879630" lon="13.7130030">
    <ele>160.3</ele>
   </trkpt>
   <trkpt lat="46.1879900" lon="13.7129230">
    <ele>160.2</ele>
   </trkpt>
   <trkpt lat="46.1880180" lon="13.7128650">
    <ele>160.1</ele>
   </trkpt>
   <trkpt lat="46.1880350" lon="13.7128230">
    <ele>160.0</ele>
   </trkpt>
   <trkpt lat="46.1880670" lon="13.7127920">
    <ele>160.0</ele>
   </trkpt>
   <trkpt lat="46.1880970" lon="13.7127730">
    <ele>160.0</ele>
   </trkpt>
   <trkpt lat="46.1881230" lon="13.7127580">
    <ele>160.0</ele>
   </trkpt>
   <trkpt lat="46.1881550" lon="13.7127480">
    <ele>160.0</ele>
   </trkpt>
   <trkpt lat="46.1881850" lon="13.7127380">
    <ele>160.0</ele>
   </trkpt>
   <trkpt lat="46.1882100" lon="13.7127300">
    <ele>160.1</ele>
   </trkpt>
   <trkpt lat="46.1882400" lon="13.7127170">
    <ele>160.1</ele>
   </trkpt>
   <trkpt lat="46.1882650" lon="13.7127000">
    <ele>160.2</ele>
   </trkpt>
   <trkpt lat="46.1882950" lon="13.7126820">
    <ele>160.3</ele>
   </trkpt>
   <trkpt lat="46.1883180" lon="13.7126600">
    <ele>160.4</ele>
   </trkpt>
   <trkpt lat="46.1883420" lon="13.7126350">
    <ele>160.5</ele>
   </trkpt>
   <trkpt lat="46.1883700" lon="13.7126120">
    <ele>160.6</ele>
   </trkpt>
   <trkpt lat="46.1883980" lon="13.7125920">
    <ele>160.7</ele>
   </trkpt>
   <trkpt lat="46.1884280" lon="13.7125750">
    <ele>160.8</ele>
   </trkpt>
   <trkpt lat="46.1884600" lon="13.7125580">
    <ele>160.8</ele>
   </trkpt>
   <trkpt lat="46.1884880" lon="13.7125420">
    <ele>160.9</ele>
   </trkpt>
   <trkpt lat="46.1885200" lon="13.7125230">
    <ele>160.9</ele>
   </trkpt>
   <trkpt lat="46.1885500" lon="13.7125050">
    <ele>160.9</ele>
   </trkpt>
   <trkpt lat="46.1885750" lon="13.7124870">
    <ele>160.9</ele>
   </trkpt>
   <trkpt lat="46.1886030" lon="13.7124670">
    <ele>160.9</ele>
   </trkpt>
   <trkpt lat="46.1886300" lon="13.7124450">
    <ele>160.9</ele>
   </trkpt>
   <trkpt lat="46.1886530" lon="13.7124270">
    <ele>160.8</ele>
   </trkpt>
   <trkpt lat="46.1886750" lon="13.7124070">
    <ele>160.8</ele>
   </trkpt>
   <trkpt lat="46.1887020" lon="13.7123820">
    <ele>160.8</ele>
   </trkpt>
   <trkpt lat="46.1887250" lon="13.7123620">
    <ele>160.7</ele>
   </trkpt>
   <trkpt lat="46.1887530" lon="13.7123420">
    <ele>160.7</ele>
   </trkpt>
   <trkpt lat="46.1887800" lon="13.7123220">
    <ele>160.7</ele>
   </trkpt>
   <trkpt lat="46.1888100" lon="13.7122980">
    <ele>160.7</ele>
   </trkpt>
   <trkpt lat="46.1888420" lon="13.7122700">
    <ele>160.6</ele>
   </trkpt>
   <trkpt lat="46.1888720" lon="13.7122420">
    <ele>160.6</ele>
   </trkpt>
   <trkpt lat="46.1888970" lon="13.7122130">
    <ele>160.6</ele>
   </trkpt>
   <trkpt lat="46.1889230" lon="13.7121870">
    <ele>160.5</ele>
   </trkpt>
   <trkpt lat="46.1889530" lon="13.7121620">
    <ele>160.5</ele>
   </trkpt>
   <trkpt lat="46.1889830" lon="13.7121350">
    <ele>160.5</ele>
   </trkpt>
   <trkpt lat="46.1890080" lon="13.7120980">
    <ele>160.4</ele>
   </trkpt>
   <trkpt lat="46.1890270" lon="13.7120620">
    <ele>160.4</ele>
   </trkpt>
   <trkpt lat="46.1890450" lon="13.7120230">
    <ele>160.4</ele>
   </trkpt>
   <trkpt lat="46.1890600" lon="13.7119780">
    <ele>160.4</ele>
   </trkpt>
   <trkpt lat="46.1890680" lon="13.7119380">
    <ele>160.4</ele>
   </trkpt>
   <trkpt lat="46.1890820" lon="13.7118820">
    <ele>160.3</ele>
   </trkpt>
   <trkpt lat="46.1890850" lon="13.7118280">
    <ele>160.3</ele>
   </trkpt>
   <trkpt lat="46.1890830" lon="13.7117750">
    <ele>160.2</ele>
   </trkpt>
   <trkpt lat="46.1890870" lon="13.7117200">
    <ele>160.2</ele>
   </trkpt>
   <trkpt lat="46.1890980" lon="13.7116680">
    <ele>160.2</ele>
   </trkpt>
   <trkpt lat="46.1891120" lon="13.7116180">
    <ele>160.2</ele>
   </trkpt>
   <trkpt lat="46.1891220" lon="13.7115730">
    <ele>160.2</ele>
   </trkpt>
   <trkpt lat="46.1891370" lon="13.7115300">
    <ele>160.3</ele>
   </trkpt>
   <trkpt lat="46.1891520" lon="13.7114900">
    <ele>160.4</ele>
   </trkpt>
   <trkpt lat="46.1891650" lon="13.7114520">
    <ele>160.4</ele>
   </trkpt>
   <trkpt lat="46.1891800" lon="13.7114150">
    <ele>160.5</ele>
   </trkpt>
   <trkpt lat="46.1891970" lon="13.7113750">
    <ele>160.6</ele>
   </trkpt>
   <trkpt lat="46.1892130" lon="13.7113350">
    <ele>160.8</ele>
   </trkpt>
   <trkpt lat="46.1892280" lon="13.7112970">
    <ele>160.9</ele>
   </trkpt>
   <trkpt lat="46.1892420" lon="13.7112520">
    <ele>161.0</ele>
   </trkpt>
   <trkpt lat="46.1892520" lon="13.7112000">
    <ele>161.1</ele>
   </trkpt>
   <trkpt lat="46.1892620" lon="13.7111570">
    <ele>161.2</ele>
   </trkpt>
   <trkpt lat="46.1892850" lon="13.7111230">
    <ele>161.3</ele>
   </trkpt>
   <trkpt lat="46.1893130" lon="13.7110970">
    <ele>161.3</ele>
   </trkpt>
   <trkpt lat="46.1893430" lon="13.7110670">
    <ele>161.4</ele>
   </trkpt>
   <trkpt lat="46.1893680" lon="13.7110370">
    <ele>161.4</ele>
   </trkpt>
   <trkpt lat="46.1893870" lon="13.7110120">
    <ele>161.4</ele>
   </trkpt>
   <trkpt lat="46.1894120" lon="13.7109720">
    <ele>161.3</ele>
   </trkpt>
   <trkpt lat="46.1894270" lon="13.7109320">
    <ele>161.3</ele>
   </trkpt>
   <trkpt lat="46.1894420" lon="13.7108950">
    <ele>161.2</ele>
   </trkpt>
   <trkpt lat="46.1894620" lon="13.7108420">
    <ele>161.1</ele>
   </trkpt>
   <trkpt lat="46.1894800" lon="13.7107930">
    <ele>161.0</ele>
   </trkpt>
   <trkpt lat="46.1895020" lon="13.7107550">
    <ele>160.9</ele>
   </trkpt>
   <trkpt lat="46.1895230" lon="13.7107200">
    <ele>160.9</ele>
   </trkpt>
   <trkpt lat="46.1895450" lon="13.7106820">
    <ele>160.9</ele>
   </trkpt>
   <trkpt lat="46.1895650" lon="13.7106380">
    <ele>160.9</ele>
   </trkpt>
   <trkpt lat="46.1895870" lon="13.7105970">
    <ele>160.9</ele>
   </trkpt>
   <trkpt lat="46.1896050" lon="13.7105620">
    <ele>161.0</ele>
   </trkpt>
   <trkpt lat="46.1896230" lon="13.7105250">
    <ele>161.1</ele>
   </trkpt>
   <trkpt lat="46.1896470" lon="13.7104900">
    <ele>161.2</ele>
   </trkpt>
   <trkpt lat="46.1896630" lon="13.7104430">
    <ele>161.3</ele>
   </trkpt>
   <trkpt lat="46.1896830" lon="13.7103870">
    <ele>161.4</ele>
   </trkpt>
   <trkpt lat="46.1896980" lon="13.7103250">
    <ele>161.5</ele>
   </trkpt>
   <trkpt lat="46.1897200" lon="13.7102630">
    <ele>161.5</ele>
   </trkpt>
   <trkpt lat="46.1897380" lon="13.7102030">
    <ele>161.5</ele>
   </trkpt>
   <trkpt lat="46.1897580" lon="13.7101450">
    <ele>161.5</ele>
   </trkpt>
   <trkpt lat="46.1897820" lon="13.7100930">
    <ele>161.5</ele>
   </trkpt>
   <trkpt lat="46.1898030" lon="13.7100400">
    <ele>161.5</ele>
   </trkpt>
   <trkpt lat="46.1898270" lon="13.7100000">
    <ele>161.5</ele>
   </trkpt>
   <trkpt lat="46.1898480" lon="13.7099580">
    <ele>161.5</ele>
   </trkpt>
   <trkpt lat="46.1898680" lon="13.7099170">
    <ele>161.5</ele>
   </trkpt>
   <trkpt lat="46.1898850" lon="13.7098830">
    <ele>161.5</ele>
   </trkpt>
   <trkpt lat="46.1899120" lon="13.7098230">
    <ele>161.4</ele>
   </trkpt>
   <trkpt lat="46.1899320" lon="13.7097720">
    <ele>161.4</ele>
   </trkpt>
   <trkpt lat="46.1899530" lon="13.7097170">
    <ele>161.4</ele>
   </trkpt>
   <trkpt lat="46.1899650" lon="13.7096720">
    <ele>161.4</ele>
   </trkpt>
   <trkpt lat="46.1899770" lon="13.7096120">
    <ele>161.4</ele>
   </trkpt>
   <trkpt lat="46.1900000" lon="13.7095520">
    <ele>161.4</ele>
   </trkpt>
   <trkpt lat="46.1900270" lon="13.7095080">
    <ele>161.4</ele>
   </trkpt>
   <trkpt lat="46.1900550" lon="13.7094680">
    <ele>161.4</ele>
   </trkpt>
   <trkpt lat="46.1900830" lon="13.7094370">
    <ele>161.4</ele>
   </trkpt>
   <trkpt lat="46.1901050" lon="13.7094020">
    <ele>161.4</ele>
   </trkpt>
   <trkpt lat="46.1901200" lon="13.7093570">
    <ele>161.3</ele>
   </trkpt>
   <trkpt lat="46.1901350" lon="13.7093150">
    <ele>161.3</ele>
   </trkpt>
   <trkpt lat="46.1901500" lon="13.7092770">
    <ele>161.3</ele>
   </trkpt>
   <trkpt lat="46.1901620" lon="13.7092380">
    <ele>161.3</ele>
   </trkpt>
   <trkpt lat="46.1901780" lon="13.7091980">
    <ele>161.3</ele>
   </trkpt>
   <trkpt lat="46.1901930" lon="13.7091600">
    <ele>161.4</ele>
   </trkpt>
   <trkpt lat="46.1902080" lon="13.7091250">
    <ele>161.4</ele>
   </trkpt>
   <trkpt lat="46.1902170" lon="13.7090930">
    <ele>161.5</ele>
   </trkpt>
   <trkpt lat="46.1902320" lon="13.7090500">
    <ele>161.5</ele>
   </trkpt>
   <trkpt lat="46.1902420" lon="13.7090170">
    <ele>161.6</ele>
   </trkpt>
   <trkpt lat="46.1902570" lon="13.7089820">
    <ele>161.6</ele>
   </trkpt>
   <trkpt lat="46.1902780" lon="13.7089430">
    <ele>161.6</ele>
   </trkpt>
   <trkpt lat="46.1903000" lon="13.7089050">
    <ele>161.6</ele>
   </trkpt>
   <trkpt lat="46.1903250" lon="13.7088670">
    <ele>161.5</ele>
   </trkpt>
   <trkpt lat="46.1903520" lon="13.7088250">
    <ele>161.3</ele>
   </trkpt>
   <trkpt lat="46.1903700" lon="13.7087800">
    <ele>161.2</ele>
   </trkpt>
   <trkpt lat="46.1903870" lon="13.7087380">
    <ele>161.0</ele>
   </trkpt>
   <trkpt lat="46.1904080" lon="13.7086980">
    <ele>160.9</ele>
   </trkpt>
   <trkpt lat="46.1904270" lon="13.7086620">
    <ele>160.8</ele>
   </trkpt>
   <trkpt lat="46.1904480" lon="13.7086300">
    <ele>160.7</ele>
   </trkpt>
   <trkpt lat="46.1904620" lon="13.7085900">
    <ele>160.6</ele>
   </trkpt>
   <trkpt lat="46.1904700" lon="13.7085470">
    <ele>160.5</ele>
   </trkpt>
   <trkpt lat="46.1904700" lon="13.7084950">
    <ele>160.5</ele>
   </trkpt>
   <trkpt lat="46.1904650" lon="13.7084350">
    <ele>160.4</ele>
   </trkpt>
   <trkpt lat="46.1904630" lon="13.7083780">
    <ele>160.4</ele>
   </trkpt>
   <trkpt lat="46.1904570" lon="13.7083150">
    <ele>160.4</ele>
   </trkpt>
   <trkpt lat="46.1904500" lon="13.7082580">
    <ele>160.4</ele>
   </trkpt>
   <trkpt lat="46.1904480" lon="13.7082080">
    <ele>160.4</ele>
   </trkpt>
   <trkpt lat="46.1904520" lon="13.7081550">
    <ele>160.5</ele>
   </trkpt>
   <trkpt lat="46.1904580" lon="13.7081080">
    <ele>160.5</ele>
   </trkpt>
   <trkpt lat="46.1904680" lon="13.7080670">
    <ele>160.6</ele>
   </trkpt>
   <trkpt lat="46.1904750" lon="13.7080230">
    <ele>160.6</ele>
   </trkpt>
   <trkpt lat="46.1904820" lon="13.7079770">
    <ele>160.7</ele>
   </trkpt>
   <trkpt lat="46.1904830" lon="13.7079200">
    <ele>160.8</ele>
   </trkpt>
   <trkpt lat="46.1904870" lon="13.7078680">
    <ele>160.9</ele>
   </trkpt>
   <trkpt lat="46.1904820" lon="13.7078200">
    <ele>161.0</ele>
   </trkpt>
   <trkpt lat="46.1904680" lon="13.7077700">
    <ele>161.1</ele>
   </trkpt>
   <trkpt lat="46.1904620" lon="13.7077320">
    <ele>161.2</ele>
   </trkpt>
   <trkpt lat="46.1904620" lon="13.7076870">
    <ele>161.4</ele>
   </trkpt>
   <trkpt lat="46.1904750" lon="13.7076430">
    <ele>161.5</ele>
   </trkpt>
   <trkpt lat="46.1904830" lon="13.7075980">
    <ele>161.7</ele>
   </trkpt>
   <trkpt lat="46.1904950" lon="13.7075600">
    <ele>161.9</ele>
   </trkpt>
   <trkpt lat="46.1905080" lon="13.7075200">
    <ele>162.0</ele>
   </trkpt>
   <trkpt lat="46.1905180" lon="13.7074770">
    <ele>162.2</ele>
   </trkpt>
   <trkpt lat="46.1905200" lon="13.7074400">
    <ele>162.3</ele>
   </trkpt>
   <trkpt lat="46.1905230" lon="13.7074130">
    <ele>162.4</ele>
   </trkpt>
   <trkpt lat="46.1905270" lon="13.7073800">
    <ele>162.6</ele>
   </trkpt>
   <trkpt lat="46.1905320" lon="13.7073480">
    <ele>162.7</ele>
   </trkpt>
   <trkpt lat="46.1905300" lon="13.7073150">
    <ele>162.9</ele>
   </trkpt>
   <trkpt lat="46.1905220" lon="13.7072680">
    <ele>163.1</ele>
   </trkpt>
   <trkpt lat="46.1905100" lon="13.7072180">
    <ele>163.4</ele>
   </trkpt>
   <trkpt lat="46.1904980" lon="13.7071620">
    <ele>163.6</ele>
   </trkpt>
   <trkpt lat="46.1904920" lon="13.7070920">
    <ele>163.7</ele>
   </trkpt>
   <trkpt lat="46.1904880" lon="13.7070430">
    <ele>163.8</ele>
   </trkpt>
   <trkpt lat="46.1904870" lon="13.7069830">
    <ele>163.8</ele>
   </trkpt>
   <trkpt lat="46.1904900" lon="13.7069230">
    <ele>163.8</ele>
   </trkpt>
   <trkpt lat="46.1904980" lon="13.7068670">
    <ele>163.8</ele>
   </trkpt>
   <trkpt lat="46.1905080" lon="13.7068120">
    <ele>163.8</ele>
   </trkpt>
   <trkpt lat="46.1905120" lon="13.7067500">
    <ele>163.8</ele>
   </trkpt>
   <trkpt lat="46.1905150" lon="13.7066970">
    <ele>163.8</ele>
   </trkpt>
   <trkpt lat="46.1905200" lon="13.7066420">
    <ele>163.8</ele>
   </trkpt>
   <trkpt lat="46.1905200" lon="13.7065600">
    <ele>163.9</ele>
   </trkpt>
   <trkpt lat="46.1905300" lon="13.7065150">
    <ele>163.9</ele>
   </trkpt>
   <trkpt lat="46.1905350" lon="13.7064500">
    <ele>163.9</ele>
   </trkpt>
   <trkpt lat="46.1905420" lon="13.7063980">
    <ele>163.9</ele>
   </trkpt>
   <trkpt lat="46.1905500" lon="13.7063500">
    <ele>164.0</ele>
   </trkpt>
   <trkpt lat="46.1905580" lon="13.7063030">
    <ele>164.0</ele>
   </trkpt>
   <trkpt lat="46.1905730" lon="13.7062500">
    <ele>164.0</ele>
   </trkpt>
   <trkpt lat="46.1905800" lon="13.7061980">
    <ele>163.9</ele>
   </trkpt>
   <trkpt lat="46.1905920" lon="13.7061470">
    <ele>163.9</ele>
   </trkpt>
   <trkpt lat="46.1906030" lon="13.7061020">
    <ele>163.9</ele>
   </trkpt>
   <trkpt lat="46.1906180" lon="13.7060630">
    <ele>163.8</ele>
   </trkpt>
   <trkpt lat="46.1906280" lon="13.7060320">
    <ele>163.8</ele>
   </trkpt>
   <trkpt lat="46.1906430" lon="13.7059780">
    <ele>163.8</ele>
   </trkpt>
   <trkpt lat="46.1906520" lon="13.7059350">
    <ele>163.7</ele>
   </trkpt>
   <trkpt lat="46.1906620" lon="13.7058920">
    <ele>163.7</ele>
   </trkpt>
   <trkpt lat="46.1906620" lon="13.7058350">
    <ele>163.6</ele>
   </trkpt>
   <trkpt lat="46.1906670" lon="13.7057930">
    <ele>163.6</ele>
   </trkpt>
   <trkpt lat="46.1906750" lon="13.7057520">
    <ele>163.5</ele>
   </trkpt>
   <trkpt lat="46.1906830" lon="13.7057050">
    <ele>163.5</ele>
   </trkpt>
   <trkpt lat="46.1906930" lon="13.7056580">
    <ele>163.4</ele>
   </trkpt>
   <trkpt lat="46.1907000" lon="13.7056120">
    <ele>163.4</ele>
   </trkpt>
   <trkpt lat="46.1907120" lon="13.7055670">
    <ele>163.3</ele>
   </trkpt>
   <trkpt lat="46.1907200" lon="13.7055200">
    <ele>163.3</ele>
   </trkpt>
   <trkpt lat="46.1907270" lon="13.7054670">
    <ele>163.3</ele>
   </trkpt>
   <trkpt lat="46.1907350" lon="13.7054120">
    <ele>163.3</ele>
   </trkpt>
   <trkpt lat="46.1907400" lon="13.7053570">
    <ele>163.3</ele>
   </trkpt>
   <trkpt lat="46.1907420" lon="13.7052930">
    <ele>163.3</ele>
   </trkpt>
   <trkpt lat="46.1907520" lon="13.7052430">
    <ele>163.3</ele>
   </trkpt>
   <trkpt lat="46.1907570" lon="13.7051950">
    <ele>163.2</ele>
   </trkpt>
   <trkpt lat="46.1907600" lon="13.7051420">
    <ele>163.2</ele>
   </trkpt>
   <trkpt lat="46.1907630" lon="13.7050900">
    <ele>163.2</ele>
   </trkpt>
   <trkpt lat="46.1907700" lon="13.7050380">
    <ele>163.2</ele>
   </trkpt>
   <trkpt lat="46.1907720" lon="13.7049820">
    <ele>163.2</ele>
   </trkpt>
   <trkpt lat="46.1907720" lon="13.7049270">
    <ele>163.2</ele>
   </trkpt>
   <trkpt lat="46.1907750" lon="13.7048700">
    <ele>163.1</ele>
   </trkpt>
   <trkpt lat="46.1907770" lon="13.7048130">
    <ele>163.1</ele>
   </trkpt>
   <trkpt lat="46.1907800" lon="13.7047600">
    <ele>163.0</ele>
   </trkpt>
   <trkpt lat="46.1907870" lon="13.7047080">
    <ele>163.0</ele>
   </trkpt>
   <trkpt lat="46.1908020" lon="13.7046650">
    <ele>162.9</ele>
   </trkpt>
   <trkpt lat="46.1908170" lon="13.7046150">
    <ele>162.7</ele>
   </trkpt>
   <trkpt lat="46.1908420" lon="13.7045730">
    <ele>162.6</ele>
   </trkpt>
   <trkpt lat="46.1908680" lon="13.7045350">
    <ele>162.4</ele>
   </trkpt>
   <trkpt lat="46.1909070" lon="13.7044950">
    <ele>162.2</ele>
   </trkpt>
   <trkpt lat="46.1909400" lon="13.7044700">
    <ele>162.1</ele>
   </trkpt>
   <trkpt lat="46.1909720" lon="13.7044550">
    <ele>162.0</ele>
   </trkpt>
   <trkpt lat="46.1910020" lon="13.7044350">
    <ele>161.8</ele>
   </trkpt>
   <trkpt lat="46.1910250" lon="13.7044100">
    <ele>161.8</ele>
   </trkpt>
   <trkpt lat="46.1910430" lon="13.7043770">
    <ele>161.7</ele>
   </trkpt>
   <trkpt lat="46.1910650" lon="13.7043330">
    <ele>161.6</ele>
   </trkpt>
   <trkpt lat="46.1910870" lon="13.7042930">
    <ele>161.5</ele>
   </trkpt>
   <trkpt lat="46.1911070" lon="13.7042650">
    <ele>161.4</ele>
   </trkpt>
   <trkpt lat="46.1911320" lon="13.7042350">
    <ele>161.4</ele>
   </trkpt>
   <trkpt lat="46.1911500" lon="13.7042000">
    <ele>161.4</ele>
   </trkpt>
   <trkpt lat="46.1911720" lon="13.7041630">
    <ele>161.4</ele>
   </trkpt>
   <trkpt lat="46.1911880" lon="13.7041330">
    <ele>161.5</ele>
   </trkpt>
   <trkpt lat="46.1912030" lon="13.7041050">
    <ele>161.5</ele>
   </trkpt>
   <trkpt lat="46.1912150" lon="13.7040680">
    <ele>161.5</ele>
   </trkpt>
   <trkpt lat="46.1912280" lon="13.7040280">
    <ele>161.6</ele>
   </trkpt>
   <trkpt lat="46.1912430" lon="13.7039900">
    <ele>161.6</ele>
   </trkpt>
   <trkpt lat="46.1912600" lon="13.7039520">
    <ele>161.5</ele>
   </trkpt>
   <trkpt lat="46.1912850" lon="13.7039270">
    <ele>161.5</ele>
   </trkpt>
   <trkpt lat="46.1913130" lon="13.7039030">
    <ele>161.5</ele>
   </trkpt>
   <trkpt lat="46.1913350" lon="13.7038770">
    <ele>161.5</ele>
   </trkpt>
   <trkpt lat="46.1913480" lon="13.7038380">
    <ele>161.5</ele>
   </trkpt>
   <trkpt lat="46.1913620" lon="13.7037970">
    <ele>161.5</ele>
   </trkpt>
   <trkpt lat="46.1913720" lon="13.7037580">
    <ele>161.5</ele>
   </trkpt>
   <trkpt lat="46.1913820" lon="13.7037130">
    <ele>161.6</ele>
   </trkpt>
   <trkpt lat="46.1913920" lon="13.7036670">
    <ele>161.7</ele>
   </trkpt>
   <trkpt lat="46.1914080" lon="13.7036250">
    <ele>161.8</ele>
   </trkpt>
   <trkpt lat="46.1914270" lon="13.7035900">
    <ele>161.9</ele>
   </trkpt>
   <trkpt lat="46.1914430" lon="13.7035530">
    <ele>161.9</ele>
   </trkpt>
   <trkpt lat="46.1914670" lon="13.7035130">
    <ele>161.9</ele>
   </trkpt>
   <trkpt lat="46.1914880" lon="13.7034680">
    <ele>161.9</ele>
   </trkpt>
   <trkpt lat="46.1915070" lon="13.7034250">
    <ele>161.8</ele>
   </trkpt>
   <trkpt lat="46.1915230" lon="13.7033820">
    <ele>161.8</ele>
   </trkpt>
   <trkpt lat="46.1915430" lon="13.7033470">
    <ele>161.8</ele>
   </trkpt>
   <trkpt lat="46.1915680" lon="13.7033080">
    <ele>161.7</ele>
   </trkpt>
   <trkpt lat="46.1915930" lon="13.7032720">
    <ele>161.7</ele>
   </trkpt>
   <trkpt lat="46.1916200" lon="13.7032420">
    <ele>161.7</ele>
   </trkpt>
   <trkpt lat="46.1916430" lon="13.7032130">
    <ele>161.6</ele>
   </trkpt>
   <trkpt lat="46.1916650" lon="13.7031870">
    <ele>161.6</ele>
   </trkpt>
   <trkpt lat="46.1916880" lon="13.7031530">
    <ele>161.6</ele>
   </trkpt>
   <trkpt lat="46.1917130" lon="13.7031250">
    <ele>161.6</ele>
   </trkpt>
   <trkpt lat="46.1917380" lon="13.7030970">
    <ele>161.6</ele>
   </trkpt>
   <trkpt lat="46.1917620" lon="13.7030650">
    <ele>161.6</ele>
   </trkpt>
   <trkpt lat="46.1917870" lon="13.7030280">
    <ele>161.6</ele>
   </trkpt>
   <trkpt lat="46.1918080" lon="13.7029820">
    <ele>161.6</ele>
   </trkpt>
   <trkpt lat="46.1918270" lon="13.7029330">
    <ele>161.6</ele>
   </trkpt>
   <trkpt lat="46.1918500" lon="13.7028700">
    <ele>161.6</ele>
   </trkpt>
   <trkpt lat="46.1918650" lon="13.7028100">
    <ele>161.7</ele>
   </trkpt>
   <trkpt lat="46.1918880" lon="13.7027600">
    <ele>161.7</ele>
   </trkpt>
   <trkpt lat="46.1919100" lon="13.7027120">
    <ele>161.7</ele>
   </trkpt>
   <trkpt lat="46.1919370" lon="13.7026680">
    <ele>161.7</ele>
   </trkpt>
   <trkpt lat="46.1919620" lon="13.7026280">
    <ele>161.7</ele>
   </trkpt>
   <trkpt lat="46.1919830" lon="13.7025950">
    <ele>161.7</ele>
   </trkpt>
   <trkpt lat="46.1920100" lon="13.7025570">
    <ele>161.7</ele>
   </trkpt>
   <trkpt lat="46.1920380" lon="13.7025120">
    <ele>161.7</ele>
   </trkpt>
   <trkpt lat="46.1920630" lon="13.7024750">
    <ele>161.7</ele>
   </trkpt>
   <trkpt lat="46.1920930" lon="13.7024400">
    <ele>161.7</ele>
   </trkpt>
   <trkpt lat="46.1921200" lon="13.7024000">
    <ele>161.7</ele>
   </trkpt>
   <trkpt lat="46.1921450" lon="13.7023620">
    <ele>161.7</ele>
   </trkpt>
   <trkpt lat="46.1921700" lon="13.7023320">
    <ele>161.7</ele>
   </trkpt>
   <trkpt lat="46.1921900" lon="13.7022970">
    <ele>161.7</ele>
   </trkpt>
   <trkpt lat="46.1922130" lon="13.7022630">
    <ele>161.7</ele>
   </trkpt>
   <trkpt lat="46.1922400" lon="13.7022320">
    <ele>161.7</ele>
   </trkpt>
   <trkpt lat="46.1922670" lon="13.7022070">
    <ele>161.7</ele>
   </trkpt>
   <trkpt lat="46.1922930" lon="13.7021780">
    <ele>161.8</ele>
   </trkpt>
   <trkpt lat="46.1923120" lon="13.7021450">
    <ele>161.8</ele>
   </trkpt>
   <trkpt lat="46.1923270" lon="13.7021070">
    <ele>161.8</ele>
   </trkpt>
   <trkpt lat="46.1923380" lon="13.7020700">
    <ele>161.8</ele>
   </trkpt>
   <trkpt lat="46.1923430" lon="13.7020400">
    <ele>161.9</ele>
   </trkpt>
   <trkpt lat="46.1923370" lon="13.7020130">
    <ele>161.8</ele>
   </trkpt>
   <trkpt lat="46.1923200" lon="13.7019880">
    <ele>161.8</ele>
   </trkpt>
   <trkpt lat="46.1923000" lon="13.7019670">
    <ele>161.8</ele>
   </trkpt>
   <trkpt lat="46.1922700" lon="13.7019520">
    <ele>161.8</ele>
   </trkpt>
   <trkpt lat="46.1922400" lon="13.7019430">
    <ele>161.7</ele>
   </trkpt>
   <trkpt lat="46.1922030" lon="13.7019300">
    <ele>161.7</ele>
   </trkpt>
   <trkpt lat="46.1921630" lon="13.7019220">
    <ele>161.7</ele>
   </trkpt>
   <trkpt lat="46.1921280" lon="13.7019150">
    <ele>161.8</ele>
   </trkpt>
   <trkpt lat="46.1921020" lon="13.7019130">
    <ele>161.9</ele>
   </trkpt>
   <trkpt lat="46.1920830" lon="13.7019070">
    <ele>162.1</ele>
   </trkpt>
   <trkpt lat="46.1920620" lon="13.7018980">
    <ele>162.3</ele>
   </trkpt>
   <trkpt lat="46.1920470" lon="13.7018800">
    <ele>162.5</ele>
   </trkpt>
   <trkpt lat="46.1920330" lon="13.7018600">
    <ele>162.6</ele>
   </trkpt>
   <trkpt lat="46.1920150" lon="13.7018500">
    <ele>162.8</ele>
   </trkpt>
   <trkpt lat="46.1919920" lon="13.7018480">
    <ele>163.0</ele>
   </trkpt>
   <trkpt lat="46.1919670" lon="13.7018470">
    <ele>163.1</ele>
   </trkpt>
   <trkpt lat="46.1919380" lon="13.7018450">
    <ele>163.3</ele>
   </trkpt>
   <trkpt lat="46.1919080" lon="13.7018430">
    <ele>163.3</ele>
   </trkpt>
   <trkpt lat="46.1918780" lon="13.7018450">
    <ele>163.3</ele>
   </trkpt>
   <trkpt lat="46.1918500" lon="13.7018470">
    <ele>163.3</ele>
   </trkpt>
   <trkpt lat="46.1918200" lon="13.7018520">
    <ele>163.3</ele>
   </trkpt>
   <trkpt lat="46.1917870" lon="13.7018570">
    <ele>163.2</ele>
   </trkpt>
   <trkpt lat="46.1917550" lon="13.7018600">
    <ele>163.2</ele>
   </trkpt>
   <trkpt lat="46.1917270" lon="13.7018570">
    <ele>163.1</ele>
   </trkpt>
   <trkpt lat="46.1916980" lon="13.7018480">
    <ele>163.1</ele>
   </trkpt>
   <trkpt lat="46.1916750" lon="13.7018430">
    <ele>163.1</ele>
   </trkpt>
   <trkpt lat="46.1916500" lon="13.7018270">
    <ele>163.1</ele>
   </trkpt>
   <trkpt lat="46.1916150" lon="13.7018070">
    <ele>163.2</ele>
   </trkpt>
   <trkpt lat="46.1915880" lon="13.7017820">
    <ele>163.2</ele>
   </trkpt>
   <trkpt lat="46.1915700" lon="13.7017550">
    <ele>163.2</ele>
   </trkpt>
   <trkpt lat="46.1915480" lon="13.7017300">
    <ele>163.2</ele>
   </trkpt>
   <trkpt lat="46.1915130" lon="13.7017020">
    <ele>163.2</ele>
   </trkpt>
   <trkpt lat="46.1914850" lon="13.7016920">
    <ele>163.2</ele>
   </trkpt>
   <trkpt lat="46.1914530" lon="13.7016800">
    <ele>163.2</ele>
   </trkpt>
   <trkpt lat="46.1914320" lon="13.7016770">
    <ele>163.2</ele>
   </trkpt>
   <trkpt lat="46.1914130" lon="13.7016670">
    <ele>163.2</ele>
   </trkpt>
   <trkpt lat="46.1913920" lon="13.7016650">
    <ele>163.2</ele>
   </trkpt>
   <trkpt lat="46.1913700" lon="13.7016600">
    <ele>163.2</ele>
   </trkpt>
   <trkpt lat="46.1913430" lon="13.7016500">
    <ele>163.2</ele>
   </trkpt>
   <trkpt lat="46.1913150" lon="13.7016380">
    <ele>163.3</ele>
   </trkpt>
   <trkpt lat="46.1912850" lon="13.7016220">
    <ele>163.4</ele>
   </trkpt>
   <trkpt lat="46.1912570" lon="13.7016070">
    <ele>163.5</ele>
   </trkpt>
   <trkpt lat="46.1912270" lon="13.7015830">
    <ele>163.6</ele>
   </trkpt>
   <trkpt lat="46.1912000" lon="13.7015550">
    <ele>163.7</ele>
   </trkpt>
   <trkpt lat="46.1911770" lon="13.7015250">
    <ele>163.8</ele>
   </trkpt>
   <trkpt lat="46.1911480" lon="13.7015030">
    <ele>163.9</ele>
   </trkpt>
   <trkpt lat="46.1911200" lon="13.7014750">
    <ele>164.0</ele>
   </trkpt>
   <trkpt lat="46.1910930" lon="13.7014400">
    <ele>164.1</ele>
   </trkpt>
   <trkpt lat="46.1910670" lon="13.7014180">
    <ele>164.2</ele>
   </trkpt>
   <trkpt lat="46.1910380" lon="13.7013950">
    <ele>164.2</ele>
   </trkpt>
   <trkpt lat="46.1909950" lon="13.7013780">
    <ele>164.3</ele>
   </trkpt>
   <trkpt lat="46.1909530" lon="13.7013800">
    <ele>164.4</ele>
   </trkpt>
   <trkpt lat="46.1909250" lon="13.7013750">
    <ele>164.5</ele>
   </trkpt>
   <trkpt lat="46.1909020" lon="13.7013850">
    <ele>164.6</ele>
   </trkpt>
   <trkpt lat="46.1908800" lon="13.7014050">
    <ele>164.8</ele>
   </trkpt>
   <trkpt lat="46.1908550" lon="13.7014130">
    <ele>165.0</ele>
   </trkpt>
   <trkpt lat="46.1908330" lon="13.7014130">
    <ele>165.2</ele>
   </trkpt>
   <trkpt lat="46.1908100" lon="13.7014080">
    <ele>165.4</ele>
   </trkpt>
   <trkpt lat="46.1907880" lon="13.7013880">
    <ele>165.6</ele>
   </trkpt>
   <trkpt lat="46.1907700" lon="13.7013880">
    <ele>165.8</ele>
   </trkpt>
   <trkpt lat="46.1907470" lon="13.7013850">
    <ele>166.0</ele>
   </trkpt>
   <trkpt lat="46.1907250" lon="13.7013750">
    <ele>166.3</ele>
   </trkpt>
   <trkpt lat="46.1907000" lon="13.7013600">
    <ele>166.5</ele>
   </trkpt>
   <trkpt lat="46.1906780" lon="13.7013570">
    <ele>166.7</ele>
   </trkpt>
   <trkpt lat="46.1906520" lon="13.7013420">
    <ele>167.0</ele>
   </trkpt>
   <trkpt lat="46.1906300" lon="13.7013200">
    <ele>167.2</ele>
   </trkpt>
   <trkpt lat="46.1906080" lon="13.7013000">
    <ele>167.3</ele>
   </trkpt>
   <trkpt lat="46.1905930" lon="13.7012850">
    <ele>167.4</ele>
   </trkpt>
   <trkpt lat="46.1905670" lon="13.7012580">
    <ele>167.6</ele>
   </trkpt>
   <trkpt lat="46.1905400" lon="13.7012370">
    <ele>167.6</ele>
   </trkpt>
   <trkpt lat="46.1905130" lon="13.7012200">
    <ele>167.7</ele>
   </trkpt>
   <trkpt lat="46.1904900" lon="13.7011900">
    <ele>167.7</ele>
   </trkpt>
   <trkpt lat="46.1904620" lon="13.7011620">
    <ele>167.8</ele>
   </trkpt>
   <trkpt lat="46.1904350" lon="13.7011350">
    <ele>167.8</ele>
   </trkpt>
   <trkpt lat="46.1904070" lon="13.7011120">
    <ele>167.9</ele>
   </trkpt>
   <trkpt lat="46.1903780" lon="13.7010830">
    <ele>167.9</ele>
   </trkpt>
   <trkpt lat="46.1903530" lon="13.7010550">
    <ele>168.0</ele>
   </trkpt>
   <trkpt lat="46.1903350" lon="13.7010370">
    <ele>168.0</ele>
   </trkpt>
   <trkpt lat="46.1903000" lon="13.7010180">
    <ele>168.1</ele>
   </trkpt>
   <trkpt lat="46.1902800" lon="13.7010050">
    <ele>168.2</ele>
   </trkpt>
   <trkpt lat="46.1902580" lon="13.7009770">
    <ele>168.3</ele>
   </trkpt>
   <trkpt lat="46.1902380" lon="13.7009530">
    <ele>168.4</ele>
   </trkpt>
   <trkpt lat="46.1902150" lon="13.7009350">
    <ele>168.4</ele>
   </trkpt>
   <trkpt lat="46.1901970" lon="13.7009120">
    <ele>168.5</ele>
   </trkpt>
   <trkpt lat="46.1901820" lon="13.7008880">
    <ele>168.6</ele>
   </trkpt>
   <trkpt lat="46.1901570" lon="13.7008580">
    <ele>168.7</ele>
   </trkpt>
   <trkpt lat="46.1901370" lon="13.7008350">
    <ele>170.3</ele>
   </trkpt>
   <trkpt lat="46.1901120" lon="13.7008020">
    <ele>172.5</ele>
   </trkpt>
   <trkpt lat="46.1900930" lon="13.7007680">
    <ele>174.5</ele>
   </trkpt>
   <trkpt lat="46.1900800" lon="13.7007500">
    <ele>175.7</ele>
   </trkpt>
   <trkpt lat="46.1900670" lon="13.7007430">
    <ele>176.6</ele>
   </trkpt>
   <trkpt lat="46.1900580" lon="13.7007470">
    <ele>176.7</ele>
   </trkpt>
   <trkpt lat="46.1900500" lon="13.7007520">
    <ele>176.9</ele>
   </trkpt>
   <trkpt lat="46.1900330" lon="13.7007680">
    <ele>177.2</ele>
   </trkpt>
   <trkpt lat="46.1900150" lon="13.7007850">
    <ele>177.5</ele>
   </trkpt>
   <trkpt lat="46.1900000" lon="13.7008000">
    <ele>177.8</ele>
   </trkpt>
   <trkpt lat="46.1899870" lon="13.7008270">
    <ele>178.1</ele>
   </trkpt>
   <trkpt lat="46.1899800" lon="13.7008480">
    <ele>178.3</ele>
   </trkpt>
   <trkpt lat="46.1899730" lon="13.7008720">
    <ele>178.5</ele>
   </trkpt>
   <trkpt lat="46.1899700" lon="13.7008950">
    <ele>178.6</ele>
   </trkpt>
   <trkpt lat="46.1899650" lon="13.7009330">
    <ele>178.8</ele>
   </trkpt>
   <trkpt lat="46.1899570" lon="13.7009850">
    <ele>178.9</ele>
   </trkpt>
   <trkpt lat="46.1899430" lon="13.7010350">
    <ele>178.9</ele>
   </trkpt>
   <trkpt lat="46.1899300" lon="13.7010780">
    <ele>178.8</ele>
   </trkpt>
   <trkpt lat="46.1899170" lon="13.7011120">
    <ele>178.6</ele>
   </trkpt>
   <trkpt lat="46.1898970" lon="13.7011530">
    <ele>178.5</ele>
   </trkpt>
   <trkpt lat="46.1898730" lon="13.7012000">
    <ele>178.3</ele>
   </trkpt>
   <trkpt lat="46.1898520" lon="13.7012380">
    <ele>178.1</ele>
   </trkpt>
   <trkpt lat="46.1898300" lon="13.7012820">
    <ele>177.9</ele>
   </trkpt>
   <trkpt lat="46.1898100" lon="13.7013180">
    <ele>177.7</ele>
   </trkpt>
   <trkpt lat="46.1897930" lon="13.7013520">
    <ele>177.5</ele>
   </trkpt>
   <trkpt lat="46.1897800" lon="13.7013880">
    <ele>177.3</ele>
   </trkpt>
   <trkpt lat="46.1897670" lon="13.7014270">
    <ele>177.1</ele>
   </trkpt>
   <trkpt lat="46.1897500" lon="13.7014700">
    <ele>177.0</ele>
   </trkpt>
   <trkpt lat="46.1897330" lon="13.7015050">
    <ele>176.9</ele>
   </trkpt>
   <trkpt lat="46.1897120" lon="13.7015450">
    <ele>176.8</ele>
   </trkpt>
   <trkpt lat="46.1896750" lon="13.7015820">
    <ele>176.8</ele>
   </trkpt>
   <trkpt lat="46.1896430" lon="13.7015970">
    <ele>176.8</ele>
   </trkpt>
   <trkpt lat="46.1896080" lon="13.7016200">
    <ele>176.9</ele>
   </trkpt>
   <trkpt lat="46.1895770" lon="13.7016400">
    <ele>177.0</ele>
   </trkpt>
   <trkpt lat="46.1895470" lon="13.7016670">
    <ele>177.1</ele>
   </trkpt>
   <trkpt lat="46.1895170" lon="13.7016830">
    <ele>177.3</ele>
   </trkpt>
   <trkpt lat="46.1894830" lon="13.7017070">
    <ele>177.6</ele>
   </trkpt>
   <trkpt lat="46.1894600" lon="13.7017250">
    <ele>177.8</ele>
   </trkpt>
   <trkpt lat="46.1894320" lon="13.7017450">
    <ele>178.1</ele>
   </trkpt>
   <trkpt lat="46.1894150" lon="13.7017530">
    <ele>178.3</ele>
   </trkpt>
   <trkpt lat="46.1893870" lon="13.7017700">
    <ele>178.6</ele>
   </trkpt>
   <trkpt lat="46.1893670" lon="13.7017830">
    <ele>178.8</ele>
   </trkpt>
   <trkpt lat="46.1893430" lon="13.7018020">
    <ele>179.1</ele>
   </trkpt>
   <trkpt lat="46.1893220" lon="13.7018180">
    <ele>179.4</ele>
   </trkpt>
   <trkpt lat="46.1892980" lon="13.7018280">
    <ele>179.7</ele>
   </trkpt>
   <trkpt lat="46.1892770" lon="13.7018330">
    <ele>180.0</ele>
   </trkpt>
   <trkpt lat="46.1892580" lon="13.7018370">
    <ele>180.2</ele>
   </trkpt>
   <trkpt lat="46.1892400" lon="13.7018420">
    <ele>180.5</ele>
   </trkpt>
   <trkpt lat="46.1892250" lon="13.7018500">
    <ele>180.7</ele>
   </trkpt>
   <trkpt lat="46.1892070" lon="13.7018570">
    <ele>180.9</ele>
   </trkpt>
   <trkpt lat="46.1891870" lon="13.7018630">
    <ele>181.2</ele>
   </trkpt>
   <trkpt lat="46.1891650" lon="13.7018730">
    <ele>181.4</ele>
   </trkpt>
   <trkpt lat="46.1891430" lon="13.7018830">
    <ele>181.7</ele>
   </trkpt>
   <trkpt lat="46.1891230" lon="13.7018920">
    <ele>181.9</ele>
   </trkpt>
   <trkpt lat="46.1890950" lon="13.7019000">
    <ele>182.2</ele>
   </trkpt>
   <trkpt lat="46.1890770" lon="13.7019080">
    <ele>182.4</ele>
   </trkpt>
   <trkpt lat="46.1890480" lon="13.7019180">
    <ele>182.7</ele>
   </trkpt>
   <trkpt lat="46.1890220" lon="13.7019250">
    <ele>183.0</ele>
   </trkpt>
   <trkpt lat="46.1889980" lon="13.7019330">
    <ele>183.3</ele>
   </trkpt>
   <trkpt lat="46.1889800" lon="13.7019400">
    <ele>183.5</ele>
   </trkpt>
   <trkpt lat="46.1889580" lon="13.7019450">
    <ele>183.7</ele>
   </trkpt>
   <trkpt lat="46.1889370" lon="13.7019470">
    <ele>184.0</ele>
   </trkpt>
   <trkpt lat="46.1889200" lon="13.7019530">
    <ele>184.2</ele>
   </trkpt>
   <trkpt lat="46.1888970" lon="13.7019580">
    <ele>184.5</ele>
   </trkpt>
   <trkpt lat="46.1888770" lon="13.7019580">
    <ele>184.8</ele>
   </trkpt>
   <trkpt lat="46.1888570" lon="13.7019580">
    <ele>185.0</ele>
   </trkpt>
   <trkpt lat="46.1888380" lon="13.7019550">
    <ele>185.3</ele>
   </trkpt>
   <trkpt lat="46.1888220" lon="13.7019570">
    <ele>185.5</ele>
   </trkpt>
   <trkpt lat="46.1888050" lon="13.7019630">
    <ele>185.8</ele>
   </trkpt>
   <trkpt lat="46.1887900" lon="13.7019680">
    <ele>186.0</ele>
   </trkpt>
   <trkpt lat="46.1887750" lon="13.7019780">
    <ele>186.2</ele>
   </trkpt>
   <trkpt lat="46.1887570" lon="13.7019930">
    <ele>186.5</ele>
   </trkpt>
   <trkpt lat="46.1887350" lon="13.7020030">
    <ele>186.8</ele>
   </trkpt>
   <trkpt lat="46.1887150" lon="13.7020070">
    <ele>187.1</ele>
   </trkpt>
   <trkpt lat="46.1886930" lon="13.7020120">
    <ele>187.3</ele>
   </trkpt>
   <trkpt lat="46.1886750" lon="13.7020150">
    <ele>187.5</ele>
   </trkpt>
   <trkpt lat="46.1886530" lon="13.7020220">
    <ele>187.8</ele>
   </trkpt>
   <trkpt lat="46.1886270" lon="13.7020220">
    <ele>188.0</ele>
   </trkpt>
   <trkpt lat="46.1886020" lon="13.7020130">
    <ele>188.2</ele>
   </trkpt>
   <trkpt lat="46.1885770" lon="13.7020050">
    <ele>188.4</ele>
   </trkpt>
   <trkpt lat="46.1885530" lon="13.7019930">
    <ele>188.6</ele>
   </trkpt>
   <trkpt lat="46.1885350" lon="13.7019900">
    <ele>188.7</ele>
   </trkpt>
   <trkpt lat="46.1885050" lon="13.7019970">
    <ele>188.9</ele>
   </trkpt>
   <trkpt lat="46.1884820" lon="13.7020080">
    <ele>189.0</ele>
   </trkpt>
   <trkpt lat="46.1884600" lon="13.7020180">
    <ele>189.1</ele>
   </trkpt>
   <trkpt lat="46.1884320" lon="13.7020330">
    <ele>189.3</ele>
   </trkpt>
   <trkpt lat="46.1884030" lon="13.7020550">
    <ele>189.4</ele>
   </trkpt>
   <trkpt lat="46.1883830" lon="13.7020680">
    <ele>189.5</ele>
   </trkpt>
   <trkpt lat="46.1883630" lon="13.7020830">
    <ele>189.6</ele>
   </trkpt>
   <trkpt lat="46.1883370" lon="13.7020950">
    <ele>189.8</ele>
   </trkpt>
   <trkpt lat="46.1883080" lon="13.7021120">
    <ele>190.0</ele>
   </trkpt>
   <trkpt lat="46.1882900" lon="13.7021250">
    <ele>190.1</ele>
   </trkpt>
   <trkpt lat="46.1882630" lon="13.7021280">
    <ele>190.3</ele>
   </trkpt>
   <trkpt lat="46.1882480" lon="13.7021350">
    <ele>190.4</ele>
   </trkpt>
   <trkpt lat="46.1882300" lon="13.7021520">
    <ele>190.6</ele>
   </trkpt>
   <trkpt lat="46.1882070" lon="13.7021750">
    <ele>190.8</ele>
   </trkpt>
   <trkpt lat="46.1881820" lon="13.7022000">
    <ele>191.1</ele>
   </trkpt>
   <trkpt lat="46.1881620" lon="13.7022170">
    <ele>191.3</ele>
   </trkpt>
   <trkpt lat="46.1881370" lon="13.7022350">
    <ele>191.6</ele>
   </trkpt>
   <trkpt lat="46.1881130" lon="13.7022520">
    <ele>191.9</ele>
   </trkpt>
   <trkpt lat="46.1880930" lon="13.7022720">
    <ele>192.2</ele>
   </trkpt>
   <trkpt lat="46.1880750" lon="13.7022850">
    <ele>192.4</ele>
   </trkpt>
   <trkpt lat="46.1880550" lon="13.7023020">
    <ele>192.7</ele>
   </trkpt>
   <trkpt lat="46.1880380" lon="13.7023170">
    <ele>192.9</ele>
   </trkpt>
   <trkpt lat="46.1880180" lon="13.7023350">
    <ele>193.2</ele>
   </trkpt>
   <trkpt lat="46.1879980" lon="13.7023500">
    <ele>193.4</ele>
   </trkpt>
   <trkpt lat="46.1879720" lon="13.7023670">
    <ele>193.8</ele>
   </trkpt>
   <trkpt lat="46.1879470" lon="13.7023820">
    <ele>194.1</ele>
   </trkpt>
   <trkpt lat="46.1879270" lon="13.7023870">
    <ele>194.3</ele>
   </trkpt>
   <trkpt lat="46.1879120" lon="13.7023920">
    <ele>194.5</ele>
   </trkpt>
   <trkpt lat="46.1878920" lon="13.7023980">
    <ele>194.7</ele>
   </trkpt>
   <trkpt lat="46.1878780" lon="13.7024080">
    <ele>194.9</ele>
   </trkpt>
   <trkpt lat="46.1878650" lon="13.7024170">
    <ele>195.0</ele>
   </trkpt>
   <trkpt lat="46.1878480" lon="13.7024180">
    <ele>195.2</ele>
   </trkpt>
   <trkpt lat="46.1878320" lon="13.7024220">
    <ele>195.4</ele>
   </trkpt>
   <trkpt lat="46.1878150" lon="13.7024270">
    <ele>195.6</ele>
   </trkpt>
   <trkpt lat="46.1877950" lon="13.7024330">
    <ele>195.8</ele>
   </trkpt>
   <trkpt lat="46.1877770" lon="13.7024420">
    <ele>195.9</ele>
   </trkpt>
   <trkpt lat="46.1877520" lon="13.7024530">
    <ele>196.1</ele>
   </trkpt>
   <trkpt lat="46.1877300" lon="13.7024630">
    <ele>196.3</ele>
   </trkpt>
   <trkpt lat="46.1877130" lon="13.7024730">
    <ele>196.4</ele>
   </trkpt>
   <trkpt lat="46.1876980" lon="13.7024900">
    <ele>196.6</ele>
   </trkpt>
   <trkpt lat="46.1876850" lon="13.7025150">
    <ele>196.7</ele>
   </trkpt>
   <trkpt lat="46.1876700" lon="13.7025420">
    <ele>196.9</ele>
   </trkpt>
   <trkpt lat="46.1876570" lon="13.7025620">
    <ele>197.0</ele>
   </trkpt>
   <trkpt lat="46.1876380" lon="13.7025870">
    <ele>197.2</ele>
   </trkpt>
   <trkpt lat="46.1876200" lon="13.7026080">
    <ele>197.4</ele>
   </trkpt>
   <trkpt lat="46.1876030" lon="13.7026270">
    <ele>197.5</ele>
   </trkpt>
   <trkpt lat="46.1875880" lon="13.7026420">
    <ele>197.7</ele>
   </trkpt>
   <trkpt lat="46.1875750" lon="13.7026580">
    <ele>197.8</ele>
   </trkpt>
   <trkpt lat="46.1875620" lon="13.7026800">
    <ele>198.0</ele>
   </trkpt>
   <trkpt lat="46.1875430" lon="13.7027030">
    <ele>198.2</ele>
   </trkpt>
   <trkpt lat="46.1875250" lon="13.7027300">
    <ele>198.5</ele>
   </trkpt>
   <trkpt lat="46.1875030" lon="13.7027580">
    <ele>198.8</ele>
   </trkpt>
   <trkpt lat="46.1874850" lon="13.7027850">
    <ele>199.0</ele>
   </trkpt>
   <trkpt lat="46.1874700" lon="13.7028050">
    <ele>199.2</ele>
   </trkpt>
   <trkpt lat="46.1874570" lon="13.7028270">
    <ele>199.4</ele>
   </trkpt>
   <trkpt lat="46.1874420" lon="13.7028450">
    <ele>199.6</ele>
   </trkpt>
   <trkpt lat="46.1874270" lon="13.7028630">
    <ele>199.8</ele>
   </trkpt>
   <trkpt lat="46.1874100" lon="13.7028850">
    <ele>200.0</ele>
   </trkpt>
   <trkpt lat="46.1873930" lon="13.7029130">
    <ele>200.3</ele>
   </trkpt>
   <trkpt lat="46.1873750" lon="13.7029420">
    <ele>200.5</ele>
   </trkpt>
   <trkpt lat="46.1873570" lon="13.7029720">
    <ele>200.7</ele>
   </trkpt>
   <trkpt lat="46.1873400" lon="13.7030020">
    <ele>200.9</ele>
   </trkpt>
   <trkpt lat="46.1873270" lon="13.7030300">
    <ele>201.1</ele>
   </trkpt>
   <trkpt lat="46.1873080" lon="13.7030630">
    <ele>201.2</ele>
   </trkpt>
   <trkpt lat="46.1872930" lon="13.7030830">
    <ele>201.3</ele>
   </trkpt>
   <trkpt lat="46.1872670" lon="13.7031150">
    <ele>201.4</ele>
   </trkpt>
   <trkpt lat="46.1872380" lon="13.7031430">
    <ele>201.5</ele>
   </trkpt>
   <trkpt lat="46.1872070" lon="13.7031750">
    <ele>201.5</ele>
   </trkpt>
   <trkpt lat="46.1871480" lon="13.7032270">
    <ele>201.4</ele>
   </trkpt>
   <trkpt lat="46.1871100" lon="13.7032570">
    <ele>201.4</ele>
   </trkpt>
   <trkpt lat="46.1870720" lon="13.7032800">
    <ele>201.3</ele>
   </trkpt>
   <trkpt lat="46.1870400" lon="13.7033020">
    <ele>201.3</ele>
   </trkpt>
   <trkpt lat="46.1870050" lon="13.7033200">
    <ele>201.3</ele>
   </trkpt>
   <trkpt lat="46.1869730" lon="13.7033350">
    <ele>201.3</ele>
   </trkpt>
   <trkpt lat="46.1869420" lon="13.7033530">
    <ele>201.2</ele>
   </trkpt>
   <trkpt lat="46.1869100" lon="13.7033720">
    <ele>201.2</ele>
   </trkpt>
   <trkpt lat="46.1868800" lon="13.7033870">
    <ele>201.2</ele>
   </trkpt>
   <trkpt lat="46.1868520" lon="13.7033980">
    <ele>201.2</ele>
   </trkpt>
   <trkpt lat="46.1868270" lon="13.7034100">
    <ele>201.2</ele>
   </trkpt>
   <trkpt lat="46.1868000" lon="13.7034250">
    <ele>201.2</ele>
   </trkpt>
   <trkpt lat="46.1867780" lon="13.7034300">
    <ele>201.2</ele>
   </trkpt>
   <trkpt lat="46.1867550" lon="13.7034370">
    <ele>201.2</ele>
   </trkpt>
   <trkpt lat="46.1867320" lon="13.7034400">
    <ele>201.3</ele>
   </trkpt>
   <trkpt lat="46.1867030" lon="13.7034520">
    <ele>201.3</ele>
   </trkpt>
   <trkpt lat="46.1866700" lon="13.7034670">
    <ele>201.3</ele>
   </trkpt>
   <trkpt lat="46.1866300" lon="13.7034900">
    <ele>201.4</ele>
   </trkpt>
   <trkpt lat="46.1865950" lon="13.7035180">
    <ele>201.4</ele>
   </trkpt>
   <trkpt lat="46.1865620" lon="13.7035470">
    <ele>201.4</ele>
   </trkpt>
   <trkpt lat="46.1865300" lon="13.7035770">
    <ele>201.4</ele>
   </trkpt>
   <trkpt lat="46.1864930" lon="13.7036080">
    <ele>201.4</ele>
   </trkpt>
   <trkpt lat="46.1864630" lon="13.7036400">
    <ele>201.3</ele>
   </trkpt>
   <trkpt lat="46.1864250" lon="13.7036770">
    <ele>201.3</ele>
   </trkpt>
   <trkpt lat="46.1863970" lon="13.7037080">
    <ele>201.3</ele>
   </trkpt>
   <trkpt lat="46.1863700" lon="13.7037380">
    <ele>201.2</ele>
   </trkpt>
   <trkpt lat="46.1863420" lon="13.7037700">
    <ele>201.2</ele>
   </trkpt>
   <trkpt lat="46.1863120" lon="13.7038070">
    <ele>201.2</ele>
   </trkpt>
   <trkpt lat="46.1862880" lon="13.7038400">
    <ele>201.1</ele>
   </trkpt>
   <trkpt lat="46.1862530" lon="13.7038900">
    <ele>201.1</ele>
   </trkpt>
   <trkpt lat="46.1862220" lon="13.7039300">
    <ele>201.1</ele>
   </trkpt>
   <trkpt lat="46.1861900" lon="13.7039680">
    <ele>201.1</ele>
   </trkpt>
   <trkpt lat="46.1861570" lon="13.7040080">
    <ele>201.1</ele>
   </trkpt>
   <trkpt lat="46.1861330" lon="13.7040400">
    <ele>201.1</ele>
   </trkpt>
   <trkpt lat="46.1860970" lon="13.7040950">
    <ele>201.1</ele>
   </trkpt>
   <trkpt lat="46.1860700" lon="13.7041370">
    <ele>201.1</ele>
   </trkpt>
   <trkpt lat="46.1860380" lon="13.7041780">
    <ele>201.1</ele>
   </trkpt>
   <trkpt lat="46.1860100" lon="13.7042100">
    <ele>201.2</ele>
   </trkpt>
   <trkpt lat="46.1859830" lon="13.7042420">
    <ele>201.2</ele>
   </trkpt>
   <trkpt lat="46.1859630" lon="13.7042630">
    <ele>201.3</ele>
   </trkpt>
   <trkpt lat="46.1859280" lon="13.7042950">
    <ele>201.4</ele>
   </trkpt>
   <trkpt lat="46.1859050" lon="13.7043170">
    <ele>201.5</ele>
   </trkpt>
   <trkpt lat="46.1858670" lon="13.7043520">
    <ele>201.6</ele>
   </trkpt>
   <trkpt lat="46.1858330" lon="13.7043770">
    <ele>201.7</ele>
   </trkpt>
   <trkpt lat="46.1858030" lon="13.7043900">
    <ele>201.8</ele>
   </trkpt>
   <trkpt lat="46.1857720" lon="13.7043980">
    <ele>201.9</ele>
   </trkpt>
   <trkpt lat="46.1857400" lon="13.7044100">
    <ele>202.1</ele>
   </trkpt>
   <trkpt lat="46.1857070" lon="13.7044220">
    <ele>202.2</ele>
   </trkpt>
   <trkpt lat="46.1856720" lon="13.7044320">
    <ele>202.3</ele>
   </trkpt>
   <trkpt lat="46.1856370" lon="13.7044380">
    <ele>202.4</ele>
   </trkpt>
   <trkpt lat="46.1856030" lon="13.7044400">
    <ele>202.5</ele>
   </trkpt>
   <trkpt lat="46.1855700" lon="13.7044500">
    <ele>202.5</ele>
   </trkpt>
   <trkpt lat="46.1855330" lon="13.7044600">
    <ele>202.6</ele>
   </trkpt>
   <trkpt lat="46.1855020" lon="13.7044670">
    <ele>202.6</ele>
   </trkpt>
   <trkpt lat="46.1854720" lon="13.7044730">
    <ele>202.6</ele>
   </trkpt>
   <trkpt lat="46.1854420" lon="13.7044780">
    <ele>202.7</ele>
   </trkpt>
   <trkpt lat="46.1854030" lon="13.7044830">
    <ele>202.7</ele>
   </trkpt>
   <trkpt lat="46.1853680" lon="13.7044830">
    <ele>202.7</ele>
   </trkpt>
   <trkpt lat="46.1853350" lon="13.7044870">
    <ele>202.7</ele>
   </trkpt>
   <trkpt lat="46.1853030" lon="13.7044920">
    <ele>202.7</ele>
   </trkpt>
   <trkpt lat="46.1852680" lon="13.7044970">
    <ele>202.7</ele>
   </trkpt>
   <trkpt lat="46.1852330" lon="13.7045020">
    <ele>202.7</ele>
   </trkpt>
   <trkpt lat="46.1851970" lon="13.7045050">
    <ele>202.7</ele>
   </trkpt>
   <trkpt lat="46.1851600" lon="13.7045050">
    <ele>202.7</ele>
   </trkpt>
   <trkpt lat="46.1851230" lon="13.7045000">
    <ele>202.7</ele>
   </trkpt>
   <trkpt lat="46.1850900" lon="13.7044930">
    <ele>202.7</ele>
   </trkpt>
   <trkpt lat="46.1850550" lon="13.7044880">
    <ele>202.8</ele>
   </trkpt>
   <trkpt lat="46.1850200" lon="13.7044830">
    <ele>202.8</ele>
   </trkpt>
   <trkpt lat="46.1849850" lon="13.7044730">
    <ele>202.8</ele>
   </trkpt>
   <trkpt lat="46.1849500" lon="13.7044680">
    <ele>202.9</ele>
   </trkpt>
   <trkpt lat="46.1849170" lon="13.7044630">
    <ele>202.9</ele>
   </trkpt>
   <trkpt lat="46.1848820" lon="13.7044620">
    <ele>203.0</ele>
   </trkpt>
   <trkpt lat="46.1848500" lon="13.7044600">
    <ele>203.0</ele>
   </trkpt>
   <trkpt lat="46.1848200" lon="13.7044630">
    <ele>203.0</ele>
   </trkpt>
   <trkpt lat="46.1847850" lon="13.7044750">
    <ele>203.0</ele>
   </trkpt>
   <trkpt lat="46.1847520" lon="13.7044970">
    <ele>202.9</ele>
   </trkpt>
   <trkpt lat="46.1847320" lon="13.7045280">
    <ele>202.9</ele>
   </trkpt>
   <trkpt lat="46.1847030" lon="13.7045650">
    <ele>202.8</ele>
   </trkpt>
   <trkpt lat="46.1846720" lon="13.7046070">
    <ele>202.7</ele>
   </trkpt>
   <trkpt lat="46.1846500" lon="13.7046400">
    <ele>202.5</ele>
   </trkpt>
   <trkpt lat="46.1846200" lon="13.7046730">
    <ele>202.4</ele>
   </trkpt>
   <trkpt lat="46.1845930" lon="13.7047100">
    <ele>202.3</ele>
   </trkpt>
   <trkpt lat="46.1845620" lon="13.7047430">
    <ele>202.1</ele>
   </trkpt>
   <trkpt lat="46.1845300" lon="13.7047770">
    <ele>202.0</ele>
   </trkpt>
   <trkpt lat="46.1844980" lon="13.7048050">
    <ele>201.9</ele>
   </trkpt>
   <trkpt lat="46.1844630" lon="13.7048370">
    <ele>201.8</ele>
   </trkpt>
   <trkpt lat="46.1844300" lon="13.7048650">
    <ele>201.7</ele>
   </trkpt>
   <trkpt lat="46.1843980" lon="13.7048930">
    <ele>201.6</ele>
   </trkpt>
   <trkpt lat="46.1843670" lon="13.7049220">
    <ele>201.6</ele>
   </trkpt>
   <trkpt lat="46.1843350" lon="13.7049480">
    <ele>201.6</ele>
   </trkpt>
   <trkpt lat="46.1843030" lon="13.7049770">
    <ele>201.5</ele>
   </trkpt>
   <trkpt lat="46.1842720" lon="13.7050100">
    <ele>201.5</ele>
   </trkpt>
   <trkpt lat="46.1842420" lon="13.7050400">
    <ele>201.5</ele>
   </trkpt>
   <trkpt lat="46.1842150" lon="13.7050680">
    <ele>201.5</ele>
   </trkpt>
   <trkpt lat="46.1841850" lon="13.7051000">
    <ele>201.5</ele>
   </trkpt>
   <trkpt lat="46.1841550" lon="13.7051250">
    <ele>201.5</ele>
   </trkpt>
   <trkpt lat="46.1841230" lon="13.7051500">
    <ele>201.5</ele>
   </trkpt>
   <trkpt lat="46.1840950" lon="13.7051800">
    <ele>201.5</ele>
   </trkpt>
   <trkpt lat="46.1840670" lon="13.7052070">
    <ele>201.5</ele>
   </trkpt>
   <trkpt lat="46.1840370" lon="13.7052320">
    <ele>201.4</ele>
   </trkpt>
   <trkpt lat="46.1840120" lon="13.7052520">
    <ele>201.4</ele>
   </trkpt>
   <trkpt lat="46.1839730" lon="13.7052850">
    <ele>201.4</ele>
   </trkpt>
   <trkpt lat="46.1839420" lon="13.7053150">
    <ele>201.4</ele>
   </trkpt>
   <trkpt lat="46.1839120" lon="13.7053420">
    <ele>201.4</ele>
   </trkpt>
   <trkpt lat="46.1838800" lon="13.7053720">
    <ele>201.4</ele>
   </trkpt>
   <trkpt lat="46.1838470" lon="13.7054030">
    <ele>201.3</ele>
   </trkpt>
   <trkpt lat="46.1838170" lon="13.7054330">
    <ele>201.3</ele>
   </trkpt>
   <trkpt lat="46.1837850" lon="13.7054650">
    <ele>201.2</ele>
   </trkpt>
   <trkpt lat="46.1837550" lon="13.7054970">
    <ele>201.2</ele>
   </trkpt>
   <trkpt lat="46.1837300" lon="13.7055250">
    <ele>201.1</ele>
   </trkpt>
   <trkpt lat="46.1837030" lon="13.7055550">
    <ele>201.1</ele>
   </trkpt>
   <trkpt lat="46.1836730" lon="13.7055870">
    <ele>201.0</ele>
   </trkpt>
   <trkpt lat="46.1836450" lon="13.7056180">
    <ele>200.9</ele>
   </trkpt>
   <trkpt lat="46.1836170" lon="13.7056500">
    <ele>200.8</ele>
   </trkpt>
   <trkpt lat="46.1835900" lon="13.7056780">
    <ele>200.7</ele>
   </trkpt>
   <trkpt lat="46.1835600" lon="13.7057050">
    <ele>200.6</ele>
   </trkpt>
   <trkpt lat="46.1835300" lon="13.7057320">
    <ele>200.4</ele>
   </trkpt>
   <trkpt lat="46.1835020" lon="13.7057630">
    <ele>200.3</ele>
   </trkpt>
   <trkpt lat="46.1834720" lon="13.7057930">
    <ele>200.1</ele>
   </trkpt>
   <trkpt lat="46.1834450" lon="13.7058250">
    <ele>200.0</ele>
   </trkpt>
   <trkpt lat="46.1834180" lon="13.7058570">
    <ele>199.9</ele>
   </trkpt>
   <trkpt lat="46.1833920" lon="13.7058830">
    <ele>199.7</ele>
   </trkpt>
   <trkpt lat="46.1833650" lon="13.7059150">
    <ele>199.6</ele>
   </trkpt>
   <trkpt lat="46.1833350" lon="13.7059470">
    <ele>199.4</ele>
   </trkpt>
   <trkpt lat="46.1833080" lon="13.7059770">
    <ele>199.3</ele>
   </trkpt>
   <trkpt lat="46.1832800" lon="13.7060070">
    <ele>199.2</ele>
   </trkpt>
   <trkpt lat="46.1832520" lon="13.7060370">
    <ele>199.0</ele>
   </trkpt>
   <trkpt lat="46.1832230" lon="13.7060670">
    <ele>198.9</ele>
   </trkpt>
   <trkpt lat="46.1831920" lon="13.7060930">
    <ele>198.8</ele>
   </trkpt>
   <trkpt lat="46.1831600" lon="13.7061200">
    <ele>198.6</ele>
   </trkpt>
   <trkpt lat="46.1831280" lon="13.7061420">
    <ele>198.5</ele>
   </trkpt>
   <trkpt lat="46.1830950" lon="13.7061620">
    <ele>198.4</ele>
   </trkpt>
   <trkpt lat="46.1830620" lon="13.7061850">
    <ele>198.3</ele>
   </trkpt>
   <trkpt lat="46.1830280" lon="13.7062100">
    <ele>198.2</ele>
   </trkpt>
   <trkpt lat="46.1830000" lon="13.7062300">
    <ele>198.1</ele>
   </trkpt>
   <trkpt lat="46.1829680" lon="13.7062470">
    <ele>198.0</ele>
   </trkpt>
   <trkpt lat="46.1829350" lon="13.7062670">
    <ele>197.9</ele>
   </trkpt>
   <trkpt lat="46.1829020" lon="13.7062920">
    <ele>197.8</ele>
   </trkpt>
   <trkpt lat="46.1828670" lon="13.7063150">
    <ele>197.7</ele>
   </trkpt>
   <trkpt lat="46.1828280" lon="13.7063330">
    <ele>197.6</ele>
   </trkpt>
   <trkpt lat="46.1827880" lon="13.7063530">
    <ele>197.6</ele>
   </trkpt>
   <trkpt lat="46.1827470" lon="13.7063700">
    <ele>197.5</ele>
   </trkpt>
   <trkpt lat="46.1827050" lon="13.7063850">
    <ele>197.4</ele>
   </trkpt>
   <trkpt lat="46.1826650" lon="13.7063970">
    <ele>197.3</ele>
   </trkpt>
   <trkpt lat="46.1826180" lon="13.7064100">
    <ele>197.2</ele>
   </trkpt>
   <trkpt lat="46.1825750" lon="13.7064180">
    <ele>197.1</ele>
   </trkpt>
   <trkpt lat="46.1825350" lon="13.7064100">
    <ele>197.1</ele>
   </trkpt>
   <trkpt lat="46.1824980" lon="13.7063930">
    <ele>197.0</ele>
   </trkpt>
   <trkpt lat="46.1824650" lon="13.7063670">
    <ele>197.0</ele>
   </trkpt>
   <trkpt lat="46.1824370" lon="13.7063280">
    <ele>197.0</ele>
   </trkpt>
   <trkpt lat="46.1824100" lon="13.7062850">
    <ele>196.9</ele>
   </trkpt>
   <trkpt lat="46.1823830" lon="13.7062450">
    <ele>196.9</ele>
   </trkpt>
   <trkpt lat="46.1823550" lon="13.7062150">
    <ele>196.9</ele>
   </trkpt>
   <trkpt lat="46.1823270" lon="13.7061800">
    <ele>196.8</ele>
   </trkpt>
   <trkpt lat="46.1822970" lon="13.7061520">
    <ele>196.8</ele>
   </trkpt>
   <trkpt lat="46.1822620" lon="13.7061370">
    <ele>196.7</ele>
   </trkpt>
   <trkpt lat="46.1822280" lon="13.7061250">
    <ele>196.7</ele>
   </trkpt>
   <trkpt lat="46.1821950" lon="13.7061170">
    <ele>196.6</ele>
   </trkpt>
   <trkpt lat="46.1821600" lon="13.7061130">
    <ele>196.6</ele>
   </trkpt>
   <trkpt lat="46.1821230" lon="13.7061080">
    <ele>196.5</ele>
   </trkpt>
   <trkpt lat="46.1820850" lon="13.7061130">
    <ele>196.4</ele>
   </trkpt>
   <trkpt lat="46.1820420" lon="13.7061230">
    <ele>196.3</ele>
   </trkpt>
   <trkpt lat="46.1819980" lon="13.7061300">
    <ele>196.2</ele>
   </trkpt>
   <trkpt lat="46.1819570" lon="13.7061300">
    <ele>196.1</ele>
   </trkpt>
   <trkpt lat="46.1819170" lon="13.7061280">
    <ele>196.0</ele>
   </trkpt>
   <trkpt lat="46.1818780" lon="13.7061430">
    <ele>196.0</ele>
   </trkpt>
   <trkpt lat="46.1818400" lon="13.7061600">
    <ele>196.0</ele>
   </trkpt>
   <trkpt lat="46.1818050" lon="13.7061870">
    <ele>196.0</ele>
   </trkpt>
   <trkpt lat="46.1817720" lon="13.7062200">
    <ele>196.0</ele>
   </trkpt>
   <trkpt lat="46.1817430" lon="13.7062470">
    <ele>196.0</ele>
   </trkpt>
   <trkpt lat="46.1817150" lon="13.7062750">
    <ele>196.1</ele>
   </trkpt>
   <trkpt lat="46.1816870" lon="13.7063080">
    <ele>196.1</ele>
   </trkpt>
   <trkpt lat="46.1816620" lon="13.7063330">
    <ele>196.3</ele>
   </trkpt>
   <trkpt lat="46.1816330" lon="13.7063520">
    <ele>196.4</ele>
   </trkpt>
   <trkpt lat="46.1816070" lon="13.7063620">
    <ele>196.6</ele>
   </trkpt>
   <trkpt lat="46.1815770" lon="13.7063680">
    <ele>196.7</ele>
   </trkpt>
   <trkpt lat="46.1815480" lon="13.7063730">
    <ele>196.9</ele>
   </trkpt>
   <trkpt lat="46.1815130" lon="13.7063780">
    <ele>197.1</ele>
   </trkpt>
   <trkpt lat="46.1814800" lon="13.7063930">
    <ele>197.3</ele>
   </trkpt>
   <trkpt lat="46.1814480" lon="13.7064120">
    <ele>197.5</ele>
   </trkpt>
   <trkpt lat="46.1814180" lon="13.7064280">
    <ele>197.6</ele>
   </trkpt>
   <trkpt lat="46.1813870" lon="13.7064430">
    <ele>197.8</ele>
   </trkpt>
   <trkpt lat="46.1813550" lon="13.7064650">
    <ele>197.8</ele>
   </trkpt>
   <trkpt lat="46.1813250" lon="13.7064900">
    <ele>197.9</ele>
   </trkpt>
   <trkpt lat="46.1812970" lon="13.7065130">
    <ele>197.9</ele>
   </trkpt>
   <trkpt lat="46.1812680" lon="13.7065420">
    <ele>197.9</ele>
   </trkpt>
   <trkpt lat="46.1812400" lon="13.7065700">
    <ele>198.0</ele>
   </trkpt>
   <trkpt lat="46.1812100" lon="13.7065930">
    <ele>198.1</ele>
   </trkpt>
   <trkpt lat="46.1811780" lon="13.7066200">
    <ele>198.1</ele>
   </trkpt>
   <trkpt lat="46.1811480" lon="13.7066400">
    <ele>198.2</ele>
   </trkpt>
   <trkpt lat="46.1811170" lon="13.7066550">
    <ele>198.3</ele>
   </trkpt>
   <trkpt lat="46.1810850" lon="13.7066720">
    <ele>198.4</ele>
   </trkpt>
   <trkpt lat="46.1810520" lon="13.7066800">
    <ele>198.5</ele>
   </trkpt>
   <trkpt lat="46.1810170" lon="13.7066830">
    <ele>198.6</ele>
   </trkpt>
   <trkpt lat="46.1809830" lon="13.7066820">
    <ele>198.7</ele>
   </trkpt>
   <trkpt lat="46.1809500" lon="13.7066750">
    <ele>198.8</ele>
   </trkpt>
   <trkpt lat="46.1809180" lon="13.7066650">
    <ele>198.9</ele>
   </trkpt>
   <trkpt lat="46.1808880" lon="13.7066480">
    <ele>199.0</ele>
   </trkpt>
   <trkpt lat="46.1808580" lon="13.7066270">
    <ele>199.1</ele>
   </trkpt>
   <trkpt lat="46.1808280" lon="13.7066050">
    <ele>199.3</ele>
   </trkpt>
   <trkpt lat="46.1808000" lon="13.7065880">
    <ele>199.4</ele>
   </trkpt>
   <trkpt lat="46.1807720" lon="13.7065650">
    <ele>199.5</ele>
   </trkpt>
   <trkpt lat="46.1807430" lon="13.7065420">
    <ele>199.7</ele>
   </trkpt>
   <trkpt lat="46.1807150" lon="13.7065180">
    <ele>199.8</ele>
   </trkpt>
   <trkpt lat="46.1806880" lon="13.7064950">
    <ele>200.0</ele>
   </trkpt>
   <trkpt lat="46.1806580" lon="13.7064750">
    <ele>200.1</ele>
   </trkpt>
   <trkpt lat="46.1806270" lon="13.7064580">
    <ele>200.3</ele>
   </trkpt>
   <trkpt lat="46.1805950" lon="13.7064380">
    <ele>200.5</ele>
   </trkpt>
   <trkpt lat="46.1805680" lon="13.7064130">
    <ele>200.7</ele>
   </trkpt>
   <trkpt lat="46.1805400" lon="13.7063900">
    <ele>200.9</ele>
   </trkpt>
   <trkpt lat="46.1805080" lon="13.7063700">
    <ele>201.2</ele>
   </trkpt>
   <trkpt lat="46.1804800" lon="13.7063530">
    <ele>201.4</ele>
   </trkpt>
   <trkpt lat="46.1804530" lon="13.7063270">
    <ele>201.7</ele>
   </trkpt>
   <trkpt lat="46.1804280" lon="13.7063050">
    <ele>201.9</ele>
   </trkpt>
   <trkpt lat="46.1804000" lon="13.7062850">
    <ele>202.2</ele>
   </trkpt>
   <trkpt lat="46.1803750" lon="13.7062670">
    <ele>202.5</ele>
   </trkpt>
   <trkpt lat="46.1803500" lon="13.7062470">
    <ele>202.8</ele>
   </trkpt>
   <trkpt lat="46.1803270" lon="13.7062230">
    <ele>203.1</ele>
   </trkpt>
   <trkpt lat="46.1803030" lon="13.7062030">
    <ele>203.4</ele>
   </trkpt>
   <trkpt lat="46.1802800" lon="13.7061820">
    <ele>203.7</ele>
   </trkpt>
   <trkpt lat="46.1802570" lon="13.7061620">
    <ele>204.0</ele>
   </trkpt>
   <trkpt lat="46.1802300" lon="13.7061480">
    <ele>204.3</ele>
   </trkpt>
   <trkpt lat="46.1802050" lon="13.7061300">
    <ele>204.6</ele>
   </trkpt>
   <trkpt lat="46.1801820" lon="13.7061130">
    <ele>204.9</ele>
   </trkpt>
   <trkpt lat="46.1801580" lon="13.7060920">
    <ele>205.3</ele>
   </trkpt>
   <trkpt lat="46.1801400" lon="13.7060720">
    <ele>205.5</ele>
   </trkpt>
   <trkpt lat="46.1801200" lon="13.7060570">
    <ele>205.8</ele>
   </trkpt>
   <trkpt lat="46.1801000" lon="13.7060430">
    <ele>206.1</ele>
   </trkpt>
   <trkpt lat="46.1800800" lon="13.7060270">
    <ele>206.3</ele>
   </trkpt>
   <trkpt lat="46.1800580" lon="13.7060080">
    <ele>206.6</ele>
   </trkpt>
   <trkpt lat="46.1800350" lon="13.7059930">
    <ele>206.9</ele>
   </trkpt>
   <trkpt lat="46.1800100" lon="13.7059800">
    <ele>207.2</ele>
   </trkpt>
   <trkpt lat="46.1799870" lon="13.7059650">
    <ele>207.4</ele>
   </trkpt>
   <trkpt lat="46.1799680" lon="13.7059570">
    <ele>207.7</ele>
   </trkpt>
   <trkpt lat="46.1799450" lon="13.7059450">
    <ele>207.9</ele>
   </trkpt>
   <trkpt lat="46.1799180" lon="13.7059330">
    <ele>208.2</ele>
   </trkpt>
   <trkpt lat="46.1798870" lon="13.7059150">
    <ele>208.5</ele>
   </trkpt>
   <trkpt lat="46.1798650" lon="13.7059030">
    <ele>208.7</ele>
   </trkpt>
   <trkpt lat="46.1798420" lon="13.7058830">
    <ele>209.0</ele>
   </trkpt>
   <trkpt lat="46.1798170" lon="13.7058600">
    <ele>209.2</ele>
   </trkpt>
   <trkpt lat="46.1797920" lon="13.7058330">
    <ele>209.5</ele>
   </trkpt>
   <trkpt lat="46.1797700" lon="13.7058120">
    <ele>209.7</ele>
   </trkpt>
   <trkpt lat="46.1797480" lon="13.7057920">
    <ele>209.9</ele>
   </trkpt>
   <trkpt lat="46.1797270" lon="13.7057780">
    <ele>210.1</ele>
   </trkpt>
   <trkpt lat="46.1797000" lon="13.7057570">
    <ele>210.3</ele>
   </trkpt>
   <trkpt lat="46.1796670" lon="13.7057350">
    <ele>210.6</ele>
   </trkpt>
   <trkpt lat="46.1796430" lon="13.7057200">
    <ele>210.8</ele>
   </trkpt>
   <trkpt lat="46.1796120" lon="13.7057050">
    <ele>211.0</ele>
   </trkpt>
   <trkpt lat="46.1795750" lon="13.7056870">
    <ele>211.2</ele>
   </trkpt>
   <trkpt lat="46.1795500" lon="13.7056770">
    <ele>211.4</ele>
   </trkpt>
   <trkpt lat="46.1795170" lon="13.7056670">
    <ele>211.6</ele>
   </trkpt>
   <trkpt lat="46.1794830" lon="13.7056570">
    <ele>211.7</ele>
   </trkpt>
   <trkpt lat="46.1794500" lon="13.7056430">
    <ele>211.9</ele>
   </trkpt>
   <trkpt lat="46.1794200" lon="13.7056380">
    <ele>212.0</ele>
   </trkpt>
   <trkpt lat="46.1793920" lon="13.7056350">
    <ele>212.1</ele>
   </trkpt>
   <trkpt lat="46.1793630" lon="13.7056300">
    <ele>212.2</ele>
   </trkpt>
   <trkpt lat="46.1793350" lon="13.7056280">
    <ele>212.3</ele>
   </trkpt>
   <trkpt lat="46.1793050" lon="13.7056250">
    <ele>212.4</ele>
   </trkpt>
   <trkpt lat="46.1792750" lon="13.7056250">
    <ele>212.4</ele>
   </trkpt>
   <trkpt lat="46.1792380" lon="13.7056350">
    <ele>212.5</ele>
   </trkpt>
   <trkpt lat="46.1792030" lon="13.7056450">
    <ele>212.6</ele>
   </trkpt>
   <trkpt lat="46.1791680" lon="13.7056530">
    <ele>212.7</ele>
   </trkpt>
   <trkpt lat="46.1791350" lon="13.7056580">
    <ele>212.7</ele>
   </trkpt>
   <trkpt lat="46.1791030" lon="13.7056630">
    <ele>212.8</ele>
   </trkpt>
   <trkpt lat="46.1790700" lon="13.7056730">
    <ele>212.9</ele>
   </trkpt>
   <trkpt lat="46.1790330" lon="13.7056970">
    <ele>212.9</ele>
   </trkpt>
   <trkpt lat="46.1790000" lon="13.7057120">
    <ele>213.0</ele>
   </trkpt>
   <trkpt lat="46.1789600" lon="13.7057270">
    <ele>213.0</ele>
   </trkpt>
   <trkpt lat="46.1789220" lon="13.7057370">
    <ele>213.1</ele>
   </trkpt>
   <trkpt lat="46.1788850" lon="13.7057520">
    <ele>213.1</ele>
   </trkpt>
   <trkpt lat="46.1788480" lon="13.7057600">
    <ele>213.1</ele>
   </trkpt>
   <trkpt lat="46.1788150" lon="13.7057700">
    <ele>213.2</ele>
   </trkpt>
   <trkpt lat="46.1787830" lon="13.7057800">
    <ele>213.2</ele>
   </trkpt>
   <trkpt lat="46.1787530" lon="13.7057880">
    <ele>213.2</ele>
   </trkpt>
   <trkpt lat="46.1787200" lon="13.7058020">
    <ele>213.2</ele>
   </trkpt>
   <trkpt lat="46.1786920" lon="13.7058150">
    <ele>213.2</ele>
   </trkpt>
   <trkpt lat="46.1786600" lon="13.7058320">
    <ele>213.2</ele>
   </trkpt>
   <trkpt lat="46.1786270" lon="13.7058470">
    <ele>213.2</ele>
   </trkpt>
   <trkpt lat="46.1786000" lon="13.7058530">
    <ele>213.2</ele>
   </trkpt>
   <trkpt lat="46.1785770" lon="13.7058650">
    <ele>213.1</ele>
   </trkpt>
   <trkpt lat="46.1785450" lon="13.7058830">
    <ele>213.1</ele>
   </trkpt>
   <trkpt lat="46.1785150" lon="13.7059050">
    <ele>213.0</ele>
   </trkpt>
   <trkpt lat="46.1784850" lon="13.7059280">
    <ele>213.0</ele>
   </trkpt>
   <trkpt lat="46.1784550" lon="13.7059550">
    <ele>212.9</ele>
   </trkpt>
   <trkpt lat="46.1784200" lon="13.7059830">
    <ele>212.9</ele>
   </trkpt>
   <trkpt lat="46.1783920" lon="13.7060030">
    <ele>212.8</ele>
   </trkpt>
   <trkpt lat="46.1783630" lon="13.7060280">
    <ele>212.8</ele>
   </trkpt>
   <trkpt lat="46.1783370" lon="13.7060500">
    <ele>212.7</ele>
   </trkpt>
   <trkpt lat="46.1783070" lon="13.7060720">
    <ele>212.6</ele>
   </trkpt>
   <trkpt lat="46.1782770" lon="13.7060970">
    <ele>212.6</ele>
   </trkpt>
   <trkpt lat="46.1782450" lon="13.7061230">
    <ele>212.5</ele>
   </trkpt>
   <trkpt lat="46.1782130" lon="13.7061500">
    <ele>212.4</ele>
   </trkpt>
   <trkpt lat="46.1781800" lon="13.7061770">
    <ele>212.3</ele>
   </trkpt>
   <trkpt lat="46.1781480" lon="13.7062050">
    <ele>212.2</ele>
   </trkpt>
   <trkpt lat="46.1781180" lon="13.7062350">
    <ele>212.0</ele>
   </trkpt>
   <trkpt lat="46.1780880" lon="13.7062650">
    <ele>211.9</ele>
   </trkpt>
   <trkpt lat="46.1780580" lon="13.7062920">
    <ele>211.8</ele>
   </trkpt>
   <trkpt lat="46.1780250" lon="13.7063200">
    <ele>211.6</ele>
   </trkpt>
   <trkpt lat="46.1779930" lon="13.7063470">
    <ele>211.5</ele>
   </trkpt>
   <trkpt lat="46.1779680" lon="13.7063630">
    <ele>211.4</ele>
   </trkpt>
   <trkpt lat="46.1779420" lon="13.7063900">
    <ele>211.2</ele>
   </trkpt>
   <trkpt lat="46.1779120" lon="13.7064130">
    <ele>211.1</ele>
   </trkpt>
   <trkpt lat="46.1778800" lon="13.7064370">
    <ele>210.9</ele>
   </trkpt>
   <trkpt lat="46.1778450" lon="13.7064670">
    <ele>210.7</ele>
   </trkpt>
   <trkpt lat="46.1778120" lon="13.7065000">
    <ele>210.5</ele>
   </trkpt>
   <trkpt lat="46.1777800" lon="13.7065370">
    <ele>210.3</ele>
   </trkpt>
   <trkpt lat="46.1777430" lon="13.7065780">
    <ele>210.1</ele>
   </trkpt>
   <trkpt lat="46.1777100" lon="13.7066170">
    <ele>209.9</ele>
   </trkpt>
   <trkpt lat="46.1776730" lon="13.7066530">
    <ele>209.7</ele>
   </trkpt>
   <trkpt lat="46.1776420" lon="13.7066900">
    <ele>209.5</ele>
   </trkpt>
   <trkpt lat="46.1776120" lon="13.7067300">
    <ele>209.4</ele>
   </trkpt>
   <trkpt lat="46.1775830" lon="13.7067680">
    <ele>209.2</ele>
   </trkpt>
   <trkpt lat="46.1775530" lon="13.7068120">
    <ele>209.0</ele>
   </trkpt>
   <trkpt lat="46.1775220" lon="13.7068520">
    <ele>208.8</ele>
   </trkpt>
   <trkpt lat="46.1774950" lon="13.7068830">
    <ele>208.7</ele>
   </trkpt>
   <trkpt lat="46.1774720" lon="13.7069120">
    <ele>208.5</ele>
   </trkpt>
   <trkpt lat="46.1774550" lon="13.7069400">
    <ele>208.4</ele>
   </trkpt>
   <trkpt lat="46.1774300" lon="13.7069750">
    <ele>208.3</ele>
   </trkpt>
   <trkpt lat="46.1774050" lon="13.7070130">
    <ele>208.1</ele>
   </trkpt>
   <trkpt lat="46.1773780" lon="13.7070570">
    <ele>208.0</ele>
   </trkpt>
   <trkpt lat="46.1773500" lon="13.7070950">
    <ele>207.8</ele>
   </trkpt>
   <trkpt lat="46.1773180" lon="13.7071470">
    <ele>207.6</ele>
   </trkpt>
   <trkpt lat="46.1772880" lon="13.7071930">
    <ele>207.4</ele>
   </trkpt>
   <trkpt lat="46.1772620" lon="13.7072450">
    <ele>207.3</ele>
   </trkpt>
   <trkpt lat="46.1772370" lon="13.7072920">
    <ele>207.1</ele>
   </trkpt>
   <trkpt lat="46.1772120" lon="13.7073430">
    <ele>207.0</ele>
   </trkpt>
   <trkpt lat="46.1771880" lon="13.7073800">
    <ele>206.9</ele>
   </trkpt>
   <trkpt lat="46.1771630" lon="13.7074230">
    <ele>206.7</ele>
   </trkpt>
   <trkpt lat="46.1771400" lon="13.7074700">
    <ele>206.6</ele>
   </trkpt>
   <trkpt lat="46.1771130" lon="13.7075080">
    <ele>206.4</ele>
   </trkpt>
   <trkpt lat="46.1770870" lon="13.7075470">
    <ele>206.3</ele>
   </trkpt>
   <trkpt lat="46.1770550" lon="13.7075880">
    <ele>206.2</ele>
   </trkpt>
   <trkpt lat="46.1770270" lon="13.7076320">
    <ele>206.0</ele>
   </trkpt>
   <trkpt lat="46.1769970" lon="13.7076720">
    <ele>205.9</ele>
   </trkpt>
   <trkpt lat="46.1769720" lon="13.7077100">
    <ele>205.7</ele>
   </trkpt>
   <trkpt lat="46.1769550" lon="13.7077420">
    <ele>205.5</ele>
   </trkpt>
   <trkpt lat="46.1769270" lon="13.7077930">
    <ele>205.3</ele>
   </trkpt>
   <trkpt lat="46.1769100" lon="13.7078250">
    <ele>205.1</ele>
   </trkpt>
   <trkpt lat="46.1769070" lon="13.7078600">
    <ele>204.8</ele>
   </trkpt>
   <trkpt lat="46.1769120" lon="13.7078970">
    <ele>204.6</ele>
   </trkpt>
   <trkpt lat="46.1769300" lon="13.7079300">
    <ele>204.4</ele>
   </trkpt>
   <trkpt lat="46.1769470" lon="13.7079700">
    <ele>204.2</ele>
   </trkpt>
   <trkpt lat="46.1769680" lon="13.7080100">
    <ele>203.9</ele>
   </trkpt>
   <trkpt lat="46.1769700" lon="13.7080430">
    <ele>203.6</ele>
   </trkpt>
   <trkpt lat="46.1769570" lon="13.7080730">
    <ele>203.4</ele>
   </trkpt>
   <trkpt lat="46.1769470" lon="13.7080880">
    <ele>203.4</ele>
   </trkpt>
   <trkpt lat="46.1769480" lon="13.7081150">
    <ele>203.1</ele>
   </trkpt>
   <trkpt lat="46.1769600" lon="13.7081550">
    <ele>202.8</ele>
   </trkpt>
   <trkpt lat="46.1769700" lon="13.7081900">
    <ele>202.8</ele>
   </trkpt>
   <trkpt lat="46.1769750" lon="13.7082320">
    <ele>202.6</ele>
   </trkpt>
   <trkpt lat="46.1769850" lon="13.7082770">
    <ele>202.1</ele>
   </trkpt>
   <trkpt lat="46.1770000" lon="13.7083230">
    <ele>201.9</ele>
   </trkpt>
   <trkpt lat="46.1770130" lon="13.7083620">
    <ele>201.8</ele>
   </trkpt>
   <trkpt lat="46.1770350" lon="13.7084100">
    <ele>201.4</ele>
   </trkpt>
   <trkpt lat="46.1770580" lon="13.7084520">
    <ele>201.2</ele>
   </trkpt>
   <trkpt lat="46.1770770" lon="13.7084930">
    <ele>200.9</ele>
   </trkpt>
   <trkpt lat="46.1770930" lon="13.7085380">
    <ele>200.7</ele>
   </trkpt>
   <trkpt lat="46.1771030" lon="13.7085870">
    <ele>200.5</ele>
   </trkpt>
   <trkpt lat="46.1771080" lon="13.7086380">
    <ele>200.4</ele>
   </trkpt>
   <trkpt lat="46.1771050" lon="13.7086950">
    <ele>200.2</ele>
   </trkpt>
   <trkpt lat="46.1770950" lon="13.7087480">
    <ele>200.0</ele>
   </trkpt>
   <trkpt lat="46.1770830" lon="13.7087980">
    <ele>199.7</ele>
   </trkpt>
   <trkpt lat="46.1770720" lon="13.7088520">
    <ele>199.5</ele>
   </trkpt>
   <trkpt lat="46.1770580" lon="13.7089030">
    <ele>199.3</ele>
   </trkpt>
   <trkpt lat="46.1770470" lon="13.7089570">
    <ele>199.1</ele>
   </trkpt>
   <trkpt lat="46.1770400" lon="13.7090080">
    <ele>198.8</ele>
   </trkpt>
   <trkpt lat="46.1770350" lon="13.7090600">
    <ele>198.6</ele>
   </trkpt>
   <trkpt lat="46.1770350" lon="13.7091100">
    <ele>198.6</ele>
   </trkpt>
   <trkpt lat="46.1770430" lon="13.7091620">
    <ele>198.6</ele>
   </trkpt>
   <trkpt lat="46.1770520" lon="13.7092170">
    <ele>198.6</ele>
   </trkpt>
   <trkpt lat="46.1770570" lon="13.7092680">
    <ele>198.5</ele>
   </trkpt>
   <trkpt lat="46.1770550" lon="13.7093220">
    <ele>198.5</ele>
   </trkpt>
   <trkpt lat="46.1770530" lon="13.7093730">
    <ele>198.5</ele>
   </trkpt>
   <trkpt lat="46.1770530" lon="13.7094270">
    <ele>198.5</ele>
   </trkpt>
   <trkpt lat="46.1770500" lon="13.7094800">
    <ele>198.5</ele>
   </trkpt>
   <trkpt lat="46.1770420" lon="13.7095330">
    <ele>198.7</ele>
   </trkpt>
   <trkpt lat="46.1770320" lon="13.7095870">
    <ele>199.0</ele>
   </trkpt>
   <trkpt lat="46.1770230" lon="13.7096450">
    <ele>199.1</ele>
   </trkpt>
   <trkpt lat="46.1770230" lon="13.7097030">
    <ele>199.0</ele>
   </trkpt>
   <trkpt lat="46.1770300" lon="13.7097580">
    <ele>199.0</ele>
   </trkpt>
   <trkpt lat="46.1770470" lon="13.7098100">
    <ele>198.9</ele>
   </trkpt>
   <trkpt lat="46.1770670" lon="13.7098630">
    <ele>198.8</ele>
   </trkpt>
   <trkpt lat="46.1770830" lon="13.7099200">
    <ele>198.6</ele>
   </trkpt>
   <trkpt lat="46.1770950" lon="13.7099800">
    <ele>198.4</ele>
   </trkpt>
   <trkpt lat="46.1771020" lon="13.7100370">
    <ele>198.2</ele>
   </trkpt>
   <trkpt lat="46.1771050" lon="13.7100970">
    <ele>198.0</ele>
   </trkpt>
   <trkpt lat="46.1771050" lon="13.7101570">
    <ele>197.8</ele>
   </trkpt>
   <trkpt lat="46.1771050" lon="13.7102130">
    <ele>197.6</ele>
   </trkpt>
   <trkpt lat="46.1771030" lon="13.7102720">
    <ele>197.4</ele>
   </trkpt>
   <trkpt lat="46.1771050" lon="13.7103300">
    <ele>197.2</ele>
   </trkpt>
   <trkpt lat="46.1771100" lon="13.7103850">
    <ele>197.0</ele>
   </trkpt>
   <trkpt lat="46.1771150" lon="13.7104420">
    <ele>196.8</ele>
   </trkpt>
   <trkpt lat="46.1771180" lon="13.7105020">
    <ele>196.6</ele>
   </trkpt>
   <trkpt lat="46.1771200" lon="13.7105600">
    <ele>196.4</ele>
   </trkpt>
   <trkpt lat="46.1771220" lon="13.7106200">
    <ele>196.2</ele>
   </trkpt>
   <trkpt lat="46.1771250" lon="13.7106770">
    <ele>196.0</ele>
   </trkpt>
   <trkpt lat="46.1771280" lon="13.7107330">
    <ele>195.9</ele>
   </trkpt>
   <trkpt lat="46.1771320" lon="13.7107920">
    <ele>195.7</ele>
   </trkpt>
   <trkpt lat="46.1771330" lon="13.7108480">
    <ele>195.5</ele>
   </trkpt>
   <trkpt lat="46.1771350" lon="13.7109030">
    <ele>195.3</ele>
   </trkpt>
   <trkpt lat="46.1771370" lon="13.7109580">
    <ele>195.2</ele>
   </trkpt>
   <trkpt lat="46.1771370" lon="13.7110150">
    <ele>195.0</ele>
   </trkpt>
   <trkpt lat="46.1771370" lon="13.7110700">
    <ele>194.9</ele>
   </trkpt>
   <trkpt lat="46.1771380" lon="13.7111270">
    <ele>194.7</ele>
   </trkpt>
   <trkpt lat="46.1771400" lon="13.7111830">
    <ele>194.6</ele>
   </trkpt>
   <trkpt lat="46.1771380" lon="13.7112420">
    <ele>194.4</ele>
   </trkpt>
   <trkpt lat="46.1771380" lon="13.7113020">
    <ele>194.3</ele>
   </trkpt>
   <trkpt lat="46.1771400" lon="13.7113600">
    <ele>194.1</ele>
   </trkpt>
   <trkpt lat="46.1771430" lon="13.7114170">
    <ele>194.0</ele>
   </trkpt>
   <trkpt lat="46.1771450" lon="13.7114730">
    <ele>193.9</ele>
   </trkpt>
   <trkpt lat="46.1771430" lon="13.7115280">
    <ele>193.8</ele>
   </trkpt>
   <trkpt lat="46.1771370" lon="13.7115830">
    <ele>193.7</ele>
   </trkpt>
   <trkpt lat="46.1771250" lon="13.7116330">
    <ele>193.6</ele>
   </trkpt>
   <trkpt lat="46.1771100" lon="13.7116780">
    <ele>193.6</ele>
   </trkpt>
   <trkpt lat="46.1770930" lon="13.7117250">
    <ele>193.5</ele>
   </trkpt>
   <trkpt lat="46.1770750" lon="13.7117700">
    <ele>193.4</ele>
   </trkpt>
   <trkpt lat="46.1770550" lon="13.7118170">
    <ele>193.4</ele>
   </trkpt>
   <trkpt lat="46.1770330" lon="13.7118630">
    <ele>193.3</ele>
   </trkpt>
   <trkpt lat="46.1770130" lon="13.7119070">
    <ele>193.2</ele>
   </trkpt>
   <trkpt lat="46.1769930" lon="13.7119480">
    <ele>193.2</ele>
   </trkpt>
   <trkpt lat="46.1769730" lon="13.7119880">
    <ele>193.1</ele>
   </trkpt>
   <trkpt lat="46.1769550" lon="13.7120320">
    <ele>193.0</ele>
   </trkpt>
   <trkpt lat="46.1769370" lon="13.7120780">
    <ele>193.0</ele>
   </trkpt>
   <trkpt lat="46.1769170" lon="13.7121200">
    <ele>192.9</ele>
   </trkpt>
   <trkpt lat="46.1768950" lon="13.7121650">
    <ele>192.8</ele>
   </trkpt>
   <trkpt lat="46.1768730" lon="13.7122070">
    <ele>192.8</ele>
   </trkpt>
   <trkpt lat="46.1768550" lon="13.7122520">
    <ele>192.7</ele>
   </trkpt>
   <trkpt lat="46.1768350" lon="13.7122980">
    <ele>192.6</ele>
   </trkpt>
   <trkpt lat="46.1768170" lon="13.7123430">
    <ele>192.6</ele>
   </trkpt>
   <trkpt lat="46.1768000" lon="13.7123850">
    <ele>192.5</ele>
   </trkpt>
   <trkpt lat="46.1767850" lon="13.7124300">
    <ele>192.4</ele>
   </trkpt>
   <trkpt lat="46.1767700" lon="13.7124680">
    <ele>192.4</ele>
   </trkpt>
   <trkpt lat="46.1767520" lon="13.7125050">
    <ele>192.3</ele>
   </trkpt>
   <trkpt lat="46.1767320" lon="13.7125430">
    <ele>192.3</ele>
   </trkpt>
   <trkpt lat="46.1767180" lon="13.7125780">
    <ele>192.2</ele>
   </trkpt>
   <trkpt lat="46.1767080" lon="13.7126120">
    <ele>192.2</ele>
   </trkpt>
   <trkpt lat="46.1767070" lon="13.7126330">
    <ele>192.1</ele>
   </trkpt>
   <trkpt lat="46.1767070" lon="13.7126380">
    <ele>192.1</ele>
   </trkpt>
   <trkpt lat="46.1767050" lon="13.7126430">
    <ele>192.1</ele>
   </trkpt>
   <trkpt lat="46.1767050" lon="13.7126480">
    <ele>192.1</ele>
   </trkpt>
   <trkpt lat="46.1767030" lon="13.7126500">
    <ele>192.1</ele>
   </trkpt>
   <trkpt lat="46.1767020" lon="13.7126530">
    <ele>192.1</ele>
   </trkpt>
   <trkpt lat="46.1767030" lon="13.7126550">
    <ele>192.1</ele>
   </trkpt>
   <trkpt lat="46.1767030" lon="13.7126550">
    <ele>192.1</ele>
   </trkpt>
   <trkpt lat="46.1767020" lon="13.7126530">
    <ele>192.1</ele>
   </trkpt>
   <trkpt lat="46.1766950" lon="13.7126530">
    <ele>192.1</ele>
   </trkpt>
   <trkpt lat="46.1766870" lon="13.7126620">
    <ele>192.1</ele>
   </trkpt>
   <trkpt lat="46.1766800" lon="13.7126780">
    <ele>192.0</ele>
   </trkpt>
   <trkpt lat="46.1766670" lon="13.7127070">
    <ele>192.0</ele>
   </trkpt>
   <trkpt lat="46.1766480" lon="13.7127520">
    <ele>191.9</ele>
   </trkpt>
   <trkpt lat="46.1766280" lon="13.7127950">
    <ele>191.9</ele>
   </trkpt>
   <trkpt lat="46.1766120" lon="13.7128350">
    <ele>191.8</ele>
   </trkpt>
   <trkpt lat="46.1765920" lon="13.7128770">
    <ele>191.7</ele>
   </trkpt>
   <trkpt lat="46.1765730" lon="13.7129180">
    <ele>191.7</ele>
   </trkpt>
   <trkpt lat="46.1765500" lon="13.7129620">
    <ele>191.6</ele>
   </trkpt>
   <trkpt lat="46.1765280" lon="13.7130020">
    <ele>191.5</ele>
   </trkpt>
   <trkpt lat="46.1765080" lon="13.7130400">
    <ele>191.5</ele>
   </trkpt>
   <trkpt lat="46.1764870" lon="13.7130820">
    <ele>191.4</ele>
   </trkpt>
   <trkpt lat="46.1764670" lon="13.7131230">
    <ele>191.4</ele>
   </trkpt>
   <trkpt lat="46.1764480" lon="13.7131670">
    <ele>191.3</ele>
   </trkpt>
   <trkpt lat="46.1764270" lon="13.7132150">
    <ele>191.2</ele>
   </trkpt>
   <trkpt lat="46.1764070" lon="13.7132600">
    <ele>191.2</ele>
   </trkpt>
   <trkpt lat="46.1763870" lon="13.7133050">
    <ele>191.1</ele>
   </trkpt>
   <trkpt lat="46.1763680" lon="13.7133500">
    <ele>191.0</ele>
   </trkpt>
   <trkpt lat="46.1763480" lon="13.7133850">
    <ele>191.0</ele>
   </trkpt>
   <trkpt lat="46.1763270" lon="13.7134200">
    <ele>190.9</ele>
   </trkpt>
   <trkpt lat="46.1763020" lon="13.7134500">
    <ele>190.8</ele>
   </trkpt>
   <trkpt lat="46.1762750" lon="13.7134750">
    <ele>190.8</ele>
   </trkpt>
   <trkpt lat="46.1762470" lon="13.7135030">
    <ele>190.7</ele>
   </trkpt>
   <trkpt lat="46.1762170" lon="13.7135280">
    <ele>190.7</ele>
   </trkpt>
   <trkpt lat="46.1761850" lon="13.7135480">
    <ele>190.6</ele>
   </trkpt>
   <trkpt lat="46.1761530" lon="13.7135630">
    <ele>190.5</ele>
   </trkpt>
   <trkpt lat="46.1761200" lon="13.7135700">
    <ele>190.5</ele>
   </trkpt>
   <trkpt lat="46.1760920" lon="13.7135720">
    <ele>190.4</ele>
   </trkpt>
   <trkpt lat="46.1760580" lon="13.7135770">
    <ele>190.4</ele>
   </trkpt>
   <trkpt lat="46.1760270" lon="13.7135930">
    <ele>190.3</ele>
   </trkpt>
   <trkpt lat="46.1760030" lon="13.7136100">
    <ele>190.2</ele>
   </trkpt>
   <trkpt lat="46.1759730" lon="13.7136370">
    <ele>190.2</ele>
   </trkpt>
   <trkpt lat="46.1759550" lon="13.7136620">
    <ele>190.0</ele>
   </trkpt>
   <trkpt lat="46.1759300" lon="13.7137070">
    <ele>189.7</ele>
   </trkpt>
   <trkpt lat="46.1759200" lon="13.7137450">
    <ele>189.6</ele>
   </trkpt>
   <trkpt lat="46.1759070" lon="13.7137970">
    <ele>189.3</ele>
   </trkpt>
   <trkpt lat="46.1758980" lon="13.7138520">
    <ele>189.1</ele>
   </trkpt>
   <trkpt lat="46.1758980" lon="13.7139180">
    <ele>188.8</ele>
   </trkpt>
   <trkpt lat="46.1759020" lon="13.7139680">
    <ele>188.6</ele>
   </trkpt>
   <trkpt lat="46.1759080" lon="13.7140200">
    <ele>188.6</ele>
   </trkpt>
   <trkpt lat="46.1759180" lon="13.7140770">
    <ele>188.3</ele>
   </trkpt>
   <trkpt lat="46.1759300" lon="13.7141350">
    <ele>188.2</ele>
   </trkpt>
   <trkpt lat="46.1759470" lon="13.7141950">
    <ele>188.2</ele>
   </trkpt>
   <trkpt lat="46.1759600" lon="13.7142580">
    <ele>188.0</ele>
   </trkpt>
   <trkpt lat="46.1759770" lon="13.7143230">
    <ele>188.1</ele>
   </trkpt>
   <trkpt lat="46.1759920" lon="13.7143850">
    <ele>188.1</ele>
   </trkpt>
   <trkpt lat="46.1760080" lon="13.7144530">
    <ele>188.2</ele>
   </trkpt>
   <trkpt lat="46.1760250" lon="13.7145170">
    <ele>188.1</ele>
   </trkpt>
   <trkpt lat="46.1760420" lon="13.7145780">
    <ele>188.2</ele>
   </trkpt>
   <trkpt lat="46.1760580" lon="13.7146370">
    <ele>188.1</ele>
   </trkpt>
   <trkpt lat="46.1760730" lon="13.7146980">
    <ele>187.9</ele>
   </trkpt>
   <trkpt lat="46.1760900" lon="13.7147570">
    <ele>187.5</ele>
   </trkpt>
   <trkpt lat="46.1761050" lon="13.7148130">
    <ele>187.3</ele>
   </trkpt>
   <trkpt lat="46.1761150" lon="13.7148730">
    <ele>187.1</ele>
   </trkpt>
   <trkpt lat="46.1761300" lon="13.7149370">
    <ele>186.8</ele>
   </trkpt>
   <trkpt lat="46.1761400" lon="13.7149980">
    <ele>186.6</ele>
   </trkpt>
   <trkpt lat="46.1761520" lon="13.7150570">
    <ele>186.6</ele>
   </trkpt>
   <trkpt lat="46.1761620" lon="13.7151080">
    <ele>186.2</ele>
   </trkpt>
   <trkpt lat="46.1761700" lon="13.7151620">
    <ele>186.0</ele>
   </trkpt>
   <trkpt lat="46.1761770" lon="13.7152120">
    <ele>185.9</ele>
   </trkpt>
   <trkpt lat="46.1761800" lon="13.7152670">
    <ele>185.7</ele>
   </trkpt>
   <trkpt lat="46.1761880" lon="13.7153120">
    <ele>185.5</ele>
   </trkpt>
   <trkpt lat="46.1761930" lon="13.7153720">
    <ele>185.1</ele>
   </trkpt>
   <trkpt lat="46.1762000" lon="13.7154280">
    <ele>184.9</ele>
   </trkpt>
   <trkpt lat="46.1762180" lon="13.7154780">
    <ele>184.8</ele>
   </trkpt>
   <trkpt lat="46.1762370" lon="13.7155350">
    <ele>184.5</ele>
   </trkpt>
   <trkpt lat="46.1762480" lon="13.7155930">
    <ele>184.3</ele>
   </trkpt>
   <trkpt lat="46.1762580" lon="13.7156500">
    <ele>184.1</ele>
   </trkpt>
   <trkpt lat="46.1762700" lon="13.7157050">
    <ele>184.0</ele>
   </trkpt>
   <trkpt lat="46.1762770" lon="13.7157650">
    <ele>183.8</ele>
   </trkpt>
   <trkpt lat="46.1762670" lon="13.7158180">
    <ele>183.7</ele>
   </trkpt>
   <trkpt lat="46.1762430" lon="13.7158650">
    <ele>183.2</ele>
   </trkpt>
   <trkpt lat="46.1762030" lon="13.7158920">
    <ele>182.4</ele>
   </trkpt>
   <trkpt lat="46.1761570" lon="13.7158920">
    <ele>182.0</ele>
   </trkpt>
   <trkpt lat="46.1761130" lon="13.7158770">
    <ele>181.3</ele>
   </trkpt>
   <trkpt lat="46.1760730" lon="13.7158470">
    <ele>181.1</ele>
   </trkpt>
   <trkpt lat="46.1760370" lon="13.7158080">
    <ele>180.9</ele>
   </trkpt>
   <trkpt lat="46.1760100" lon="13.7157750">
    <ele>180.8</ele>
   </trkpt>
   <trkpt lat="46.1759800" lon="13.7157330">
    <ele>180.8</ele>
   </trkpt>
   <trkpt lat="46.1759450" lon="13.7156830">
    <ele>180.8</ele>
   </trkpt>
   <trkpt lat="46.1759200" lon="13.7156430">
    <ele>180.9</ele>
   </trkpt>
   <trkpt lat="46.1758870" lon="13.7155850">
    <ele>180.9</ele>
   </trkpt>
   <trkpt lat="46.1758600" lon="13.7155380">
    <ele>181.0</ele>
   </trkpt>
   <trkpt lat="46.1758330" lon="13.7154900">
    <ele>181.0</ele>
   </trkpt>
   <trkpt lat="46.1758080" lon="13.7154420">
    <ele>181.3</ele>
   </trkpt>
   <trkpt lat="46.1757800" lon="13.7153930">
    <ele>181.3</ele>
   </trkpt>
   <trkpt lat="46.1757480" lon="13.7153570">
    <ele>181.2</ele>
   </trkpt>
   <trkpt lat="46.1757100" lon="13.7153380">
    <ele>180.8</ele>
   </trkpt>
   <trkpt lat="46.1756720" lon="13.7153470">
    <ele>180.5</ele>
   </trkpt>
   <trkpt lat="46.1756370" lon="13.7153730">
    <ele>179.5</ele>
   </trkpt>
   <trkpt lat="46.1756050" lon="13.7154120">
    <ele>178.9</ele>
   </trkpt>
   <trkpt lat="46.1755750" lon="13.7154580">
    <ele>178.3</ele>
   </trkpt>
   <trkpt lat="46.1755470" lon="13.7155050">
    <ele>177.7</ele>
   </trkpt>
   <trkpt lat="46.1755200" lon="13.7155470">
    <ele>177.1</ele>
   </trkpt>
   <trkpt lat="46.1754950" lon="13.7155820">
    <ele>176.9</ele>
   </trkpt>
   <trkpt lat="46.1754750" lon="13.7156200">
    <ele>176.4</ele>
   </trkpt>
   <trkpt lat="46.1754480" lon="13.7156600">
    <ele>175.9</ele>
   </trkpt>
   <trkpt lat="46.1754180" lon="13.7156750">
    <ele>175.7</ele>
   </trkpt>
   <trkpt lat="46.1753850" lon="13.7156650">
    <ele>175.5</ele>
   </trkpt>
   <trkpt lat="46.1753530" lon="13.7156420">
    <ele>175.5</ele>
   </trkpt>
   <trkpt lat="46.1753280" lon="13.7156180">
    <ele>175.4</ele>
   </trkpt>
   <trkpt lat="46.1752950" lon="13.7155820">
    <ele>175.5</ele>
   </trkpt>
   <trkpt lat="46.1752780" lon="13.7155620">
    <ele>175.6</ele>
   </trkpt>
   <trkpt lat="46.1752520" lon="13.7155320">
    <ele>175.5</ele>
   </trkpt>
   <trkpt lat="46.1752180" lon="13.7154980">
    <ele>175.7</ele>
   </trkpt>
   <trkpt lat="46.1751980" lon="13.7154730">
    <ele>175.9</ele>
   </trkpt>
   <trkpt lat="46.1751730" lon="13.7154420">
    <ele>176.0</ele>
   </trkpt>
   <trkpt lat="46.1751420" lon="13.7154050">
    <ele>175.9</ele>
   </trkpt>
   <trkpt lat="46.1751130" lon="13.7153730">
    <ele>176.1</ele>
   </trkpt>
   <trkpt lat="46.1750870" lon="13.7153430">
    <ele>176.1</ele>
   </trkpt>
   <trkpt lat="46.1750580" lon="13.7153150">
    <ele>176.0</ele>
   </trkpt>
   <trkpt lat="46.1750320" lon="13.7152870">
    <ele>176.1</ele>
   </trkpt>
   <trkpt lat="46.1750030" lon="13.7152600">
    <ele>176.1</ele>
   </trkpt>
   <trkpt lat="46.1749770" lon="13.7152370">
    <ele>176.0</ele>
   </trkpt>
   <trkpt lat="46.1749470" lon="13.7152150">
    <ele>176.1</ele>
   </trkpt>
   <trkpt lat="46.1749170" lon="13.7151930">
    <ele>176.0</ele>
   </trkpt>
   <trkpt lat="46.1748880" lon="13.7151720">
    <ele>176.1</ele>
   </trkpt>
   <trkpt lat="46.1748620" lon="13.7151470">
    <ele>176.0</ele>
   </trkpt>
   <trkpt lat="46.1748330" lon="13.7151220">
    <ele>176.1</ele>
   </trkpt>
   <trkpt lat="46.1748050" lon="13.7150980">
    <ele>176.2</ele>
   </trkpt>
   <trkpt lat="46.1747780" lon="13.7150700">
    <ele>176.2</ele>
   </trkpt>
   <trkpt lat="46.1747500" lon="13.7150430">
    <ele>176.3</ele>
   </trkpt>
   <trkpt lat="46.1747230" lon="13.7150170">
    <ele>176.3</ele>
   </trkpt>
   <trkpt lat="46.1746980" lon="13.7149870">
    <ele>176.4</ele>
   </trkpt>
   <trkpt lat="46.1746750" lon="13.7149530">
    <ele>176.6</ele>
   </trkpt>
   <trkpt lat="46.1746520" lon="13.7149180">
    <ele>176.8</ele>
   </trkpt>
   <trkpt lat="46.1746300" lon="13.7148820">
    <ele>176.9</ele>
   </trkpt>
   <trkpt lat="46.1746080" lon="13.7148430">
    <ele>176.9</ele>
   </trkpt>
   <trkpt lat="46.1745870" lon="13.7148100">
    <ele>177.1</ele>
   </trkpt>
   <trkpt lat="46.1745650" lon="13.7147770">
    <ele>177.3</ele>
   </trkpt>
   <trkpt lat="46.1745430" lon="13.7147420">
    <ele>177.4</ele>
   </trkpt>
   <trkpt lat="46.1745280" lon="13.7147170">
    <ele>177.4</ele>
   </trkpt>
   <trkpt lat="46.1745070" lon="13.7146730">
    <ele>177.6</ele>
   </trkpt>
   <trkpt lat="46.1744880" lon="13.7146370">
    <ele>177.7</ele>
   </trkpt>
   <trkpt lat="46.1744680" lon="13.7146050">
    <ele>177.9</ele>
   </trkpt>
   <trkpt lat="46.1744520" lon="13.7145770">
    <ele>178.0</ele>
   </trkpt>
   <trkpt lat="46.1744320" lon="13.7145400">
    <ele>178.2</ele>
   </trkpt>
   <trkpt lat="46.1744130" lon="13.7145050">
    <ele>178.2</ele>
   </trkpt>
   <trkpt lat="46.1743970" lon="13.7144680">
    <ele>178.3</ele>
   </trkpt>
   <trkpt lat="46.1743770" lon="13.7144250">
    <ele>178.4</ele>
   </trkpt>
   <trkpt lat="46.1743580" lon="13.7143870">
    <ele>178.5</ele>
   </trkpt>
   <trkpt lat="46.1743400" lon="13.7143500">
    <ele>178.6</ele>
   </trkpt>
   <trkpt lat="46.1743180" lon="13.7143130">
    <ele>178.7</ele>
   </trkpt>
   <trkpt lat="46.1742980" lon="13.7142780">
    <ele>178.7</ele>
   </trkpt>
   <trkpt lat="46.1742780" lon="13.7142380">
    <ele>178.9</ele>
   </trkpt>
   <trkpt lat="46.1742580" lon="13.7142000">
    <ele>178.8</ele>
   </trkpt>
   <trkpt lat="46.1742430" lon="13.7141620">
    <ele>178.8</ele>
   </trkpt>
   <trkpt lat="46.1742280" lon="13.7141230">
    <ele>178.9</ele>
   </trkpt>
   <trkpt lat="46.1742130" lon="13.7140830">
    <ele>178.9</ele>
   </trkpt>
   <trkpt lat="46.1741970" lon="13.7140430">
    <ele>179.1</ele>
   </trkpt>
   <trkpt lat="46.1741780" lon="13.7140030">
    <ele>179.1</ele>
   </trkpt>
   <trkpt lat="46.1741620" lon="13.7139620">
    <ele>179.2</ele>
   </trkpt>
   <trkpt lat="46.1741450" lon="13.7139200">
    <ele>179.3</ele>
   </trkpt>
   <trkpt lat="46.1741300" lon="13.7138770">
    <ele>179.4</ele>
   </trkpt>
   <trkpt lat="46.1741170" lon="13.7138330">
    <ele>179.6</ele>
   </trkpt>
   <trkpt lat="46.1741030" lon="13.7137900">
    <ele>179.7</ele>
   </trkpt>
   <trkpt lat="46.1740930" lon="13.7137450">
    <ele>179.9</ele>
   </trkpt>
   <trkpt lat="46.1740830" lon="13.7137030">
    <ele>180.0</ele>
   </trkpt>
   <trkpt lat="46.1740720" lon="13.7136620">
    <ele>180.2</ele>
   </trkpt>
   <trkpt lat="46.1740600" lon="13.7136180">
    <ele>180.4</ele>
   </trkpt>
   <trkpt lat="46.1740480" lon="13.7135780">
    <ele>180.5</ele>
   </trkpt>
   <trkpt lat="46.1740330" lon="13.7135400">
    <ele>180.7</ele>
   </trkpt>
   <trkpt lat="46.1740150" lon="13.7135070">
    <ele>180.8</ele>
   </trkpt>
   <trkpt lat="46.1739980" lon="13.7134800">
    <ele>181.0</ele>
   </trkpt>
   <trkpt lat="46.1739770" lon="13.7134580">
    <ele>181.1</ele>
   </trkpt>
   <trkpt lat="46.1739480" lon="13.7134330">
    <ele>181.3</ele>
   </trkpt>
   <trkpt lat="46.1739180" lon="13.7134100">
    <ele>181.8</ele>
   </trkpt>
   <trkpt lat="46.1738880" lon="13.7133900">
    <ele>182.2</ele>
   </trkpt>
   <trkpt lat="46.1738580" lon="13.7133650">
    <ele>182.8</ele>
   </trkpt>
   <trkpt lat="46.1738320" lon="13.7133370">
    <ele>183.4</ele>
   </trkpt>
   <trkpt lat="46.1738080" lon="13.7133050">
    <ele>183.8</ele>
   </trkpt>
   <trkpt lat="46.1737870" lon="13.7132800">
    <ele>184.4</ele>
   </trkpt>
   <trkpt lat="46.1737620" lon="13.7132520">
    <ele>185.0</ele>
   </trkpt>
   <trkpt lat="46.1737370" lon="13.7132180">
    <ele>185.4</ele>
   </trkpt>
   <trkpt lat="46.1737080" lon="13.7131880">
    <ele>186.1</ele>
   </trkpt>
   <trkpt lat="46.1736820" lon="13.7131550">
    <ele>186.2</ele>
   </trkpt>
   <trkpt lat="46.1736620" lon="13.7131250">
    <ele>186.9</ele>
   </trkpt>
   <trkpt lat="46.1736380" lon="13.7131000">
    <ele>187.5</ele>
   </trkpt>
   <trkpt lat="46.1736150" lon="13.7130800">
    <ele>188.4</ele>
   </trkpt>
   <trkpt lat="46.1735980" lon="13.7130680">
    <ele>188.4</ele>
   </trkpt>
   <trkpt lat="46.1735830" lon="13.7130620">
    <ele>189.0</ele>
   </trkpt>
   <trkpt lat="46.1735700" lon="13.7130580">
    <ele>189.0</ele>
   </trkpt>
   <trkpt lat="46.1735530" lon="13.7130550">
    <ele>189.7</ele>
   </trkpt>
   <trkpt lat="46.1735400" lon="13.7130550">
    <ele>189.7</ele>
   </trkpt>
   <trkpt lat="46.1735230" lon="13.7130570">
    <ele>190.4</ele>
   </trkpt>
   <trkpt lat="46.1735100" lon="13.7130570">
    <ele>190.4</ele>
   </trkpt>
   <trkpt lat="46.1734970" lon="13.7130530">
    <ele>191.1</ele>
   </trkpt>
   <trkpt lat="46.1734880" lon="13.7130500">
    <ele>191.1</ele>
   </trkpt>
   <trkpt lat="46.1734800" lon="13.7130520">
    <ele>191.1</ele>
   </trkpt>
   <trkpt lat="46.1734730" lon="13.7130570">
    <ele>191.1</ele>
   </trkpt>
   <trkpt lat="46.1734670" lon="13.7130580">
    <ele>191.8</ele>
   </trkpt>
   <trkpt lat="46.1734570" lon="13.7130620">
    <ele>191.8</ele>
   </trkpt>
   <trkpt lat="46.1734530" lon="13.7130570">
    <ele>191.8</ele>
   </trkpt>
   <trkpt lat="46.1734500" lon="13.7130500">
    <ele>191.8</ele>
   </trkpt>
   <trkpt lat="46.1734380" lon="13.7130650">
    <ele>192.6</ele>
   </trkpt>
   <trkpt lat="46.1734250" lon="13.7130670">
    <ele>192.6</ele>
   </trkpt>
   <trkpt lat="46.1734170" lon="13.7130700">
    <ele>192.6</ele>
   </trkpt>
   <trkpt lat="46.1734070" lon="13.7130800">
    <ele>192.6</ele>
   </trkpt>
   <trkpt lat="46.1733970" lon="13.7130930">
    <ele>192.7</ele>
   </trkpt>
   <trkpt lat="46.1733900" lon="13.7131100">
    <ele>192.7</ele>
   </trkpt>
   <trkpt lat="46.1733850" lon="13.7131230">
    <ele>192.8</ele>
   </trkpt>
   <trkpt lat="46.1733770" lon="13.7131300">
    <ele>192.8</ele>
   </trkpt>
   <trkpt lat="46.1733630" lon="13.7131400">
    <ele>192.9</ele>
   </trkpt>
   <trkpt lat="46.1733480" lon="13.7131550">
    <ele>192.9</ele>
   </trkpt>
   <trkpt lat="46.1733320" lon="13.7131680">
    <ele>193.0</ele>
   </trkpt>
   <trkpt lat="46.1733120" lon="13.7131830">
    <ele>193.0</ele>
   </trkpt>
   <trkpt lat="46.1732920" lon="13.7132080">
    <ele>193.1</ele>
   </trkpt>
   <trkpt lat="46.1732720" lon="13.7132350">
    <ele>193.2</ele>
   </trkpt>
   <trkpt lat="46.1732570" lon="13.7132550">
    <ele>193.2</ele>
   </trkpt>
   <trkpt lat="46.1732350" lon="13.7132880">
    <ele>193.3</ele>
   </trkpt>
   <trkpt lat="46.1732150" lon="13.7133220">
    <ele>193.4</ele>
   </trkpt>
   <trkpt lat="46.1732000" lon="13.7133500">
    <ele>193.4</ele>
   </trkpt>
   <trkpt lat="46.1731870" lon="13.7133800">
    <ele>193.5</ele>
   </trkpt>
   <trkpt lat="46.1731750" lon="13.7134100">
    <ele>193.6</ele>
   </trkpt>
   <trkpt lat="46.1731620" lon="13.7134520">
    <ele>193.7</ele>
   </trkpt>
   <trkpt lat="46.1731530" lon="13.7134880">
    <ele>193.7</ele>
   </trkpt>
   <trkpt lat="46.1731500" lon="13.7135480">
    <ele>193.9</ele>
   </trkpt>
   <trkpt lat="46.1731480" lon="13.7135950">
    <ele>194.0</ele>
   </trkpt>
   <trkpt lat="46.1731470" lon="13.7136400">
    <ele>194.1</ele>
   </trkpt>
   <trkpt lat="46.1731400" lon="13.7136900">
    <ele>194.2</ele>
   </trkpt>
   <trkpt lat="46.1731300" lon="13.7137450">
    <ele>194.4</ele>
   </trkpt>
   <trkpt lat="46.1731200" lon="13.7138000">
    <ele>194.5</ele>
   </trkpt>
   <trkpt lat="46.1731130" lon="13.7138520">
    <ele>194.7</ele>
   </trkpt>
   <trkpt lat="46.1731100" lon="13.7138950">
    <ele>194.8</ele>
   </trkpt>
   <trkpt lat="46.1731070" lon="13.7139350">
    <ele>194.9</ele>
   </trkpt>
   <trkpt lat="46.1731000" lon="13.7139770">
    <ele>195.1</ele>
   </trkpt>
   <trkpt lat="46.1731020" lon="13.7140130">
    <ele>195.2</ele>
   </trkpt>
   <trkpt lat="46.1731050" lon="13.7140430">
    <ele>195.3</ele>
   </trkpt>
   <trkpt lat="46.1731020" lon="13.7140770">
    <ele>195.4</ele>
   </trkpt>
   <trkpt lat="46.1730900" lon="13.7141080">
    <ele>195.5</ele>
   </trkpt>
   <trkpt lat="46.1730820" lon="13.7141380">
    <ele>195.6</ele>
   </trkpt>
   <trkpt lat="46.1730820" lon="13.7141680">
    <ele>195.7</ele>
   </trkpt>
   <trkpt lat="46.1730820" lon="13.7142070">
    <ele>195.8</ele>
   </trkpt>
   <trkpt lat="46.1730820" lon="13.7142480">
    <ele>195.9</ele>
   </trkpt>
   <trkpt lat="46.1730830" lon="13.7142820">
    <ele>195.9</ele>
   </trkpt>
   <trkpt lat="46.1730820" lon="13.7143150">
    <ele>196.0</ele>
   </trkpt>
   <trkpt lat="46.1730770" lon="13.7143500">
    <ele>196.1</ele>
   </trkpt>
   <trkpt lat="46.1730720" lon="13.7143900">
    <ele>196.2</ele>
   </trkpt>
   <trkpt lat="46.1730630" lon="13.7144330">
    <ele>196.3</ele>
   </trkpt>
   <trkpt lat="46.1730570" lon="13.7144700">
    <ele>196.4</ele>
   </trkpt>
   <trkpt lat="46.1730470" lon="13.7145170">
    <ele>196.6</ele>
   </trkpt>
   <trkpt lat="46.1730420" lon="13.7145580">
    <ele>196.7</ele>
   </trkpt>
   <trkpt lat="46.1730330" lon="13.7145970">
    <ele>196.8</ele>
   </trkpt>
   <trkpt lat="46.1730300" lon="13.7146320">
    <ele>197.0</ele>
   </trkpt>
   <trkpt lat="46.1730300" lon="13.7146650">
    <ele>197.1</ele>
   </trkpt>
   <trkpt lat="46.1730320" lon="13.7146980">
    <ele>197.2</ele>
   </trkpt>
   <trkpt lat="46.1730320" lon="13.7147320">
    <ele>197.3</ele>
   </trkpt>
   <trkpt lat="46.1730320" lon="13.7147700">
    <ele>197.5</ele>
   </trkpt>
   <trkpt lat="46.1730250" lon="13.7148170">
    <ele>197.6</ele>
   </trkpt>
   <trkpt lat="46.1730130" lon="13.7148650">
    <ele>197.8</ele>
   </trkpt>
   <trkpt lat="46.1730080" lon="13.7149150">
    <ele>198.0</ele>
   </trkpt>
   <trkpt lat="46.1730020" lon="13.7149630">
    <ele>198.2</ele>
   </trkpt>
   <trkpt lat="46.1729930" lon="13.7150120">
    <ele>198.3</ele>
   </trkpt>
   <trkpt lat="46.1729780" lon="13.7150630">
    <ele>198.4</ele>
   </trkpt>
   <trkpt lat="46.1729670" lon="13.7151150">
    <ele>198.5</ele>
   </trkpt>
   <trkpt lat="46.1729600" lon="13.7151700">
    <ele>198.6</ele>
   </trkpt>
   <trkpt lat="46.1729530" lon="13.7152200">
    <ele>198.6</ele>
   </trkpt>
   <trkpt lat="46.1729500" lon="13.7152700">
    <ele>198.7</ele>
   </trkpt>
   <trkpt lat="46.1729470" lon="13.7153230">
    <ele>198.8</ele>
   </trkpt>
   <trkpt lat="46.1729480" lon="13.7153730">
    <ele>198.8</ele>
   </trkpt>
   <trkpt lat="46.1729450" lon="13.7154270">
    <ele>198.9</ele>
   </trkpt>
   <trkpt lat="46.1729370" lon="13.7154770">
    <ele>198.9</ele>
   </trkpt>
   <trkpt lat="46.1729280" lon="13.7155250">
    <ele>199.0</ele>
   </trkpt>
   <trkpt lat="46.1729280" lon="13.7155750">
    <ele>199.1</ele>
   </trkpt>
   <trkpt lat="46.1729270" lon="13.7156250">
    <ele>199.2</ele>
   </trkpt>
   <trkpt lat="46.1729200" lon="13.7156680">
    <ele>199.3</ele>
   </trkpt>
   <trkpt lat="46.1729130" lon="13.7157120">
    <ele>199.4</ele>
   </trkpt>
   <trkpt lat="46.1729070" lon="13.7157550">
    <ele>199.5</ele>
   </trkpt>
   <trkpt lat="46.1729020" lon="13.7157930">
    <ele>199.6</ele>
   </trkpt>
   <trkpt lat="46.1728980" lon="13.7158270">
    <ele>199.6</ele>
   </trkpt>
   <trkpt lat="46.1728930" lon="13.7158620">
    <ele>199.7</ele>
   </trkpt>
   <trkpt lat="46.1728920" lon="13.7159020">
    <ele>199.8</ele>
   </trkpt>
   <trkpt lat="46.1728880" lon="13.7159430">
    <ele>199.8</ele>
   </trkpt>
   <trkpt lat="46.1728880" lon="13.7159920">
    <ele>199.8</ele>
   </trkpt>
   <trkpt lat="46.1728950" lon="13.7160500">
    <ele>199.8</ele>
   </trkpt>
   <trkpt lat="46.1729080" lon="13.7161070">
    <ele>199.7</ele>
   </trkpt>
   <trkpt lat="46.1729180" lon="13.7161580">
    <ele>199.6</ele>
   </trkpt>
   <trkpt lat="46.1729300" lon="13.7162030">
    <ele>199.5</ele>
   </trkpt>
   <trkpt lat="46.1729420" lon="13.7162570">
    <ele>199.4</ele>
   </trkpt>
   <trkpt lat="46.1729600" lon="13.7163120">
    <ele>199.3</ele>
   </trkpt>
   <trkpt lat="46.1729800" lon="13.7163630">
    <ele>199.2</ele>
   </trkpt>
   <trkpt lat="46.1730020" lon="13.7164100">
    <ele>199.1</ele>
   </trkpt>
   <trkpt lat="46.1730280" lon="13.7164520">
    <ele>199.0</ele>
   </trkpt>
   <trkpt lat="46.1730580" lon="13.7164970">
    <ele>199.0</ele>
   </trkpt>
   <trkpt lat="46.1730870" lon="13.7165380">
    <ele>199.0</ele>
   </trkpt>
   <trkpt lat="46.1731150" lon="13.7165830">
    <ele>199.0</ele>
   </trkpt>
   <trkpt lat="46.1731430" lon="13.7166230">
    <ele>199.0</ele>
   </trkpt>
   <trkpt lat="46.1731620" lon="13.7166670">
    <ele>199.0</ele>
   </trkpt>
   <trkpt lat="46.1731800" lon="13.7167080">
    <ele>199.1</ele>
   </trkpt>
   <trkpt lat="46.1731970" lon="13.7167470">
    <ele>199.1</ele>
   </trkpt>
   <trkpt lat="46.1732170" lon="13.7167880">
    <ele>199.1</ele>
   </trkpt>
   <trkpt lat="46.1732370" lon="13.7168330">
    <ele>199.2</ele>
   </trkpt>
   <trkpt lat="46.1732530" lon="13.7168770">
    <ele>199.2</ele>
   </trkpt>
   <trkpt lat="46.1732700" lon="13.7169220">
    <ele>199.2</ele>
   </trkpt>
   <trkpt lat="46.1732980" lon="13.7169670">
    <ele>199.2</ele>
   </trkpt>
   <trkpt lat="46.1733200" lon="13.7170130">
    <ele>199.2</ele>
   </trkpt>
   <trkpt lat="46.1733400" lon="13.7170630">
    <ele>199.2</ele>
   </trkpt>
   <trkpt lat="46.1733570" lon="13.7171120">
    <ele>199.2</ele>
   </trkpt>
   <trkpt lat="46.1733720" lon="13.7171600">
    <ele>199.2</ele>
   </trkpt>
   <trkpt lat="46.1733880" lon="13.7172080">
    <ele>199.2</ele>
   </trkpt>
   <trkpt lat="46.1734020" lon="13.7172550">
    <ele>199.2</ele>
   </trkpt>
   <trkpt lat="46.1734120" lon="13.7173020">
    <ele>199.2</ele>
   </trkpt>
   <trkpt lat="46.1734270" lon="13.7173480">
    <ele>199.1</ele>
   </trkpt>
   <trkpt lat="46.1734430" lon="13.7173930">
    <ele>199.0</ele>
   </trkpt>
   <trkpt lat="46.1734630" lon="13.7174350">
    <ele>198.9</ele>
   </trkpt>
   <trkpt lat="46.1734870" lon="13.7174770">
    <ele>198.8</ele>
   </trkpt>
   <trkpt lat="46.1735100" lon="13.7175170">
    <ele>198.6</ele>
   </trkpt>
   <trkpt lat="46.1735370" lon="13.7175580">
    <ele>198.4</ele>
   </trkpt>
   <trkpt lat="46.1735650" lon="13.7176030">
    <ele>198.2</ele>
   </trkpt>
   <trkpt lat="46.1735870" lon="13.7176380">
    <ele>198.0</ele>
   </trkpt>
   <trkpt lat="46.1736130" lon="13.7176920">
    <ele>197.7</ele>
   </trkpt>
   <trkpt lat="46.1736300" lon="13.7177380">
    <ele>197.5</ele>
   </trkpt>
   <trkpt lat="46.1736470" lon="13.7177870">
    <ele>197.3</ele>
   </trkpt>
   <trkpt lat="46.1736630" lon="13.7178370">
    <ele>197.0</ele>
   </trkpt>
   <trkpt lat="46.1736830" lon="13.7178870">
    <ele>196.8</ele>
   </trkpt>
   <trkpt lat="46.1737020" lon="13.7179330">
    <ele>196.6</ele>
   </trkpt>
   <trkpt lat="46.1737180" lon="13.7179820">
    <ele>196.4</ele>
   </trkpt>
   <trkpt lat="46.1737380" lon="13.7180300">
    <ele>196.2</ele>
   </trkpt>
   <trkpt lat="46.1737620" lon="13.7180780">
    <ele>196.0</ele>
   </trkpt>
   <trkpt lat="46.1737800" lon="13.7181270">
    <ele>195.8</ele>
   </trkpt>
   <trkpt lat="46.1737930" lon="13.7181780">
    <ele>195.7</ele>
   </trkpt>
   <trkpt lat="46.1738080" lon="13.7182300">
    <ele>195.6</ele>
   </trkpt>
   <trkpt lat="46.1738230" lon="13.7182830">
    <ele>195.5</ele>
   </trkpt>
   <trkpt lat="46.1738420" lon="13.7183370">
    <ele>195.5</ele>
   </trkpt>
   <trkpt lat="46.1738570" lon="13.7183830">
    <ele>195.5</ele>
   </trkpt>
   <trkpt lat="46.1738670" lon="13.7184180">
    <ele>195.6</ele>
   </trkpt>
   <trkpt lat="46.1738870" lon="13.7184620">
    <ele>195.6</ele>
   </trkpt>
   <trkpt lat="46.1739130" lon="13.7185070">
    <ele>195.7</ele>
   </trkpt>
   <trkpt lat="46.1739320" lon="13.7185480">
    <ele>195.8</ele>
   </trkpt>
   <trkpt lat="46.1739470" lon="13.7185900">
    <ele>195.9</ele>
   </trkpt>
   <trkpt lat="46.1739570" lon="13.7186330">
    <ele>195.9</ele>
   </trkpt>
   <trkpt lat="46.1739620" lon="13.7186770">
    <ele>196.0</ele>
   </trkpt>
   <trkpt lat="46.1739670" lon="13.7187220">
    <ele>196.0</ele>
   </trkpt>
   <trkpt lat="46.1739720" lon="13.7187680">
    <ele>196.1</ele>
   </trkpt>
   <trkpt lat="46.1739600" lon="13.7188030">
    <ele>196.6</ele>
   </trkpt>
   <trkpt lat="46.1739520" lon="13.7188280">
    <ele>196.9</ele>
   </trkpt>
   <trkpt lat="46.1739420" lon="13.7188480">
    <ele>197.2</ele>
   </trkpt>
   <trkpt lat="46.1739250" lon="13.7188680">
    <ele>197.6</ele>
   </trkpt>
   <trkpt lat="46.1739030" lon="13.7188830">
    <ele>198.1</ele>
   </trkpt>
   <trkpt lat="46.1738880" lon="13.7188920">
    <ele>198.4</ele>
   </trkpt>
   <trkpt lat="46.1738750" lon="13.7188920">
    <ele>198.6</ele>
   </trkpt>
   <trkpt lat="46.1738600" lon="13.7188850">
    <ele>199.0</ele>
   </trkpt>
   <trkpt lat="46.1738450" lon="13.7188770">
    <ele>199.3</ele>
   </trkpt>
   <trkpt lat="46.1738330" lon="13.7188700">
    <ele>199.6</ele>
   </trkpt>
   <trkpt lat="46.1738220" lon="13.7188630">
    <ele>199.8</ele>
   </trkpt>
   <trkpt lat="46.1738100" lon="13.7188580">
    <ele>200.1</ele>
   </trkpt>
   <trkpt lat="46.1737980" lon="13.7188580">
    <ele>200.4</ele>
   </trkpt>
   <trkpt lat="46.1737850" lon="13.7188500">
    <ele>200.7</ele>
   </trkpt>
   <trkpt lat="46.1737720" lon="13.7188400">
    <ele>201.1</ele>
   </trkpt>
   <trkpt lat="46.1737550" lon="13.7188270">
    <ele>201.6</ele>
   </trkpt>
   <trkpt lat="46.1737380" lon="13.7188150">
    <ele>202.0</ele>
   </trkpt>
   <trkpt lat="46.1737230" lon="13.7188030">
    <ele>202.5</ele>
   </trkpt>
   <trkpt lat="46.1737020" lon="13.7187970">
    <ele>203.1</ele>
   </trkpt>
   <trkpt lat="46.1736830" lon="13.7187880">
    <ele>203.6</ele>
   </trkpt>
   <trkpt lat="46.1736680" lon="13.7187880">
    <ele>204.1</ele>
   </trkpt>
   <trkpt lat="46.1736520" lon="13.7187920">
    <ele>204.5</ele>
   </trkpt>
   <trkpt lat="46.1736400" lon="13.7187930">
    <ele>204.9</ele>
   </trkpt>
   <trkpt lat="46.1736320" lon="13.7188000">
    <ele>205.2</ele>
   </trkpt>
   <trkpt lat="46.1736250" lon="13.7188100">
    <ele>205.4</ele>
   </trkpt>
   <trkpt lat="46.1736220" lon="13.7188230">
    <ele>205.7</ele>
   </trkpt>
   <trkpt lat="46.1736180" lon="13.7188300">
    <ele>205.9</ele>
   </trkpt>
   <trkpt lat="46.1736180" lon="13.7188400">
    <ele>206.1</ele>
   </trkpt>
   <trkpt lat="46.1736180" lon="13.7188470">
    <ele>206.2</ele>
   </trkpt>
   <trkpt lat="46.1736220" lon="13.7188550">
    <ele>206.4</ele>
   </trkpt>
   <trkpt lat="46.1736280" lon="13.7188650">
    <ele>206.7</ele>
   </trkpt>
   <trkpt lat="46.1736320" lon="13.7188770">
    <ele>207.0</ele>
   </trkpt>
   <trkpt lat="46.1736320" lon="13.7188900">
    <ele>207.2</ele>
   </trkpt>
   <trkpt lat="46.1736330" lon="13.7189050">
    <ele>207.5</ele>
   </trkpt>
   <trkpt lat="46.1736350" lon="13.7189230">
    <ele>207.9</ele>
   </trkpt>
   <trkpt lat="46.1736370" lon="13.7189420">
    <ele>208.3</ele>
   </trkpt>
   <trkpt lat="46.1736420" lon="13.7189570">
    <ele>208.6</ele>
   </trkpt>
   <trkpt lat="46.1736450" lon="13.7189700">
    <ele>208.9</ele>
   </trkpt>
   <trkpt lat="46.1736400" lon="13.7189900">
    <ele>209.4</ele>
   </trkpt>
   <trkpt lat="46.1736330" lon="13.7190080">
    <ele>209.8</ele>
   </trkpt>
   <trkpt lat="46.1736230" lon="13.7190320">
    <ele>210.4</ele>
   </trkpt>
   <trkpt lat="46.1736250" lon="13.7190500">
    <ele>210.7</ele>
   </trkpt>
   <trkpt lat="46.1736230" lon="13.7190620">
    <ele>211.0</ele>
   </trkpt>
   <trkpt lat="46.1736230" lon="13.7190720">
    <ele>211.2</ele>
   </trkpt>
   <trkpt lat="46.1736270" lon="13.7190820">
    <ele>211.4</ele>
   </trkpt>
   <trkpt lat="46.1736320" lon="13.7190900">
    <ele>211.7</ele>
   </trkpt>
   <trkpt lat="46.1736320" lon="13.7191020">
    <ele>211.9</ele>
   </trkpt>
   <trkpt lat="46.1736320" lon="13.7191170">
    <ele>212.2</ele>
   </trkpt>
   <trkpt lat="46.1736330" lon="13.7191330">
    <ele>212.6</ele>
   </trkpt>
   <trkpt lat="46.1736430" lon="13.7191500">
    <ele>213.0</ele>
   </trkpt>
   <trkpt lat="46.1736520" lon="13.7191650">
    <ele>213.4</ele>
   </trkpt>
   <trkpt lat="46.1736550" lon="13.7191830">
    <ele>213.8</ele>
   </trkpt>
   <trkpt lat="46.1736580" lon="13.7192030">
    <ele>214.2</ele>
   </trkpt>
   <trkpt lat="46.1736620" lon="13.7192250">
    <ele>214.6</ele>
   </trkpt>
   <trkpt lat="46.1736650" lon="13.7192470">
    <ele>215.1</ele>
   </trkpt>
   <trkpt lat="46.1736700" lon="13.7192620">
    <ele>215.4</ele>
   </trkpt>
   <trkpt lat="46.1736720" lon="13.7192780">
    <ele>215.7</ele>
   </trkpt>
   <trkpt lat="46.1736750" lon="13.7192970">
    <ele>216.0</ele>
   </trkpt>
   <trkpt lat="46.1736800" lon="13.7193150">
    <ele>216.3</ele>
   </trkpt>
   <trkpt lat="46.1736820" lon="13.7193320">
    <ele>216.6</ele>
   </trkpt>
   <trkpt lat="46.1736800" lon="13.7193520">
    <ele>217.0</ele>
   </trkpt>
   <trkpt lat="46.1736750" lon="13.7193720">
    <ele>217.3</ele>
   </trkpt>
   <trkpt lat="46.1736650" lon="13.7193880">
    <ele>217.7</ele>
   </trkpt>
   <trkpt lat="46.1736550" lon="13.7193950">
    <ele>217.9</ele>
   </trkpt>
   <trkpt lat="46.1736450" lon="13.7193980">
    <ele>218.2</ele>
   </trkpt>
   <trkpt lat="46.1736300" lon="13.7194000">
    <ele>218.5</ele>
   </trkpt>
   <trkpt lat="46.1736180" lon="13.7194020">
    <ele>218.8</ele>
   </trkpt>
   <trkpt lat="46.1736050" lon="13.7194070">
    <ele>219.2</ele>
   </trkpt>
   <trkpt lat="46.1735970" lon="13.7194120">
    <ele>219.4</ele>
   </trkpt>
   <trkpt lat="46.1735870" lon="13.7194200">
    <ele>219.6</ele>
   </trkpt>
   <trkpt lat="46.1735750" lon="13.7194220">
    <ele>219.9</ele>
   </trkpt>
   <trkpt lat="46.1735670" lon="13.7194270">
    <ele>220.2</ele>
   </trkpt>
   <trkpt lat="46.1735520" lon="13.7194320">
    <ele>220.6</ele>
   </trkpt>
   <trkpt lat="46.1735380" lon="13.7194400">
    <ele>221.0</ele>
   </trkpt>
   <trkpt lat="46.1735250" lon="13.7194430">
    <ele>221.3</ele>
   </trkpt>
   <trkpt lat="46.1735150" lon="13.7194500">
    <ele>221.6</ele>
   </trkpt>
   <trkpt lat="46.1734950" lon="13.7194620">
    <ele>222.2</ele>
   </trkpt>
   <trkpt lat="46.1734830" lon="13.7194780">
    <ele>222.7</ele>
   </trkpt>
   <trkpt lat="46.1734730" lon="13.7194920">
    <ele>223.1</ele>
   </trkpt>
   <trkpt lat="46.1734670" lon="13.7195030">
    <ele>223.4</ele>
   </trkpt>
   <trkpt lat="46.1734550" lon="13.7195200">
    <ele>223.8</ele>
   </trkpt>
   <trkpt lat="46.1734420" lon="13.7195350">
    <ele>224.3</ele>
   </trkpt>
   <trkpt lat="46.1734320" lon="13.7195420">
    <ele>224.6</ele>
   </trkpt>
   <trkpt lat="46.1734200" lon="13.7195500">
    <ele>225.0</ele>
   </trkpt>
   <trkpt lat="46.1734070" lon="13.7195500">
    <ele>225.3</ele>
   </trkpt>
   <trkpt lat="46.1733970" lon="13.7195520">
    <ele>225.6</ele>
   </trkpt>
   <trkpt lat="46.1733900" lon="13.7195580">
    <ele>225.8</ele>
   </trkpt>
   <trkpt lat="46.1733820" lon="13.7195570">
    <ele>226.0</ele>
   </trkpt>
   <trkpt lat="46.1733730" lon="13.7195570">
    <ele>226.3</ele>
   </trkpt>
   <trkpt lat="46.1733630" lon="13.7195620">
    <ele>226.6</ele>
   </trkpt>
   <trkpt lat="46.1733530" lon="13.7195650">
    <ele>226.8</ele>
   </trkpt>
   <trkpt lat="46.1733420" lon="13.7195670">
    <ele>227.1</ele>
   </trkpt>
   <trkpt lat="46.1733270" lon="13.7195680">
    <ele>227.5</ele>
   </trkpt>
   <trkpt lat="46.1733150" lon="13.7195680">
    <ele>227.9</ele>
   </trkpt>
   <trkpt lat="46.1733030" lon="13.7195700">
    <ele>228.2</ele>
   </trkpt>
   <trkpt lat="46.1732900" lon="13.7195720">
    <ele>228.5</ele>
   </trkpt>
   <trkpt lat="46.1732820" lon="13.7195730">
    <ele>228.8</ele>
   </trkpt>
   <trkpt lat="46.1732800" lon="13.7195670">
    <ele>228.9</ele>
   </trkpt>
   <trkpt lat="46.1732780" lon="13.7195630">
    <ele>229.0</ele>
   </trkpt>
   <trkpt lat="46.1732730" lon="13.7195650">
    <ele>229.1</ele>
   </trkpt>
   <trkpt lat="46.1732650" lon="13.7195680">
    <ele>229.3</ele>
   </trkpt>
   <trkpt lat="46.1732520" lon="13.7195770">
    <ele>229.7</ele>
   </trkpt>
   <trkpt lat="46.1732420" lon="13.7195880">
    <ele>230.1</ele>
   </trkpt>
   <trkpt lat="46.1732350" lon="13.7196000">
    <ele>230.4</ele>
   </trkpt>
   <trkpt lat="46.1732300" lon="13.7196100">
    <ele>230.6</ele>
   </trkpt>
   <trkpt lat="46.1732270" lon="13.7196220">
    <ele>230.8</ele>
   </trkpt>
   <trkpt lat="46.1732250" lon="13.7196350">
    <ele>231.1</ele>
   </trkpt>
   <trkpt lat="46.1732200" lon="13.7196470">
    <ele>231.3</ele>
   </trkpt>
   <trkpt lat="46.1732130" lon="13.7196580">
    <ele>231.6</ele>
   </trkpt>
   <trkpt lat="46.1732080" lon="13.7196630">
    <ele>231.8</ele>
   </trkpt>
   <trkpt lat="46.1732020" lon="13.7196730">
    <ele>232.0</ele>
   </trkpt>
   <trkpt lat="46.1731950" lon="13.7196830">
    <ele>232.3</ele>
   </trkpt>
   <trkpt lat="46.1731900" lon="13.7196980">
    <ele>232.6</ele>
   </trkpt>
   <trkpt lat="46.1731870" lon="13.7197150">
    <ele>233.0</ele>
   </trkpt>
   <trkpt lat="46.1731830" lon="13.7197280">
    <ele>233.3</ele>
   </trkpt>
   <trkpt lat="46.1731830" lon="13.7197450">
    <ele>233.6</ele>
   </trkpt>
   <trkpt lat="46.1731800" lon="13.7197600">
    <ele>233.9</ele>
   </trkpt>
   <trkpt lat="46.1731750" lon="13.7197770">
    <ele>234.3</ele>
   </trkpt>
   <trkpt lat="46.1731650" lon="13.7197930">
    <ele>234.7</ele>
   </trkpt>
   <trkpt lat="46.1731600" lon="13.7198050">
    <ele>234.9</ele>
   </trkpt>
   <trkpt lat="46.1731500" lon="13.7198230">
    <ele>235.4</ele>
   </trkpt>
   <trkpt lat="46.1731380" lon="13.7198450">
    <ele>235.9</ele>
   </trkpt>
   <trkpt lat="46.1731270" lon="13.7198630">
    <ele>236.4</ele>
   </trkpt>
   <trkpt lat="46.1731200" lon="13.7198800">
    <ele>236.8</ele>
   </trkpt>
   <trkpt lat="46.1731130" lon="13.7198980">
    <ele>237.2</ele>
   </trkpt>
   <trkpt lat="46.1731120" lon="13.7199100">
    <ele>237.4</ele>
   </trkpt>
   <trkpt lat="46.1731070" lon="13.7199150">
    <ele>237.6</ele>
   </trkpt>
   <trkpt lat="46.1731050" lon="13.7199200">
    <ele>237.7</ele>
   </trkpt>
   <trkpt lat="46.1731000" lon="13.7199280">
    <ele>237.9</ele>
   </trkpt>
   <trkpt lat="46.1730900" lon="13.7199420">
    <ele>238.2</ele>
   </trkpt>
   <trkpt lat="46.1730820" lon="13.7199520">
    <ele>238.5</ele>
   </trkpt>
   <trkpt lat="46.1730730" lon="13.7199580">
    <ele>238.8</ele>
   </trkpt>
   <trkpt lat="46.1730630" lon="13.7199620">
    <ele>239.0</ele>
   </trkpt>
   <trkpt lat="46.1730530" lon="13.7199700">
    <ele>239.3</ele>
   </trkpt>
   <trkpt lat="46.1730470" lon="13.7199730">
    <ele>239.5</ele>
   </trkpt>
   <trkpt lat="46.1730350" lon="13.7199730">
    <ele>239.8</ele>
   </trkpt>
   <trkpt lat="46.1730230" lon="13.7199780">
    <ele>240.1</ele>
   </trkpt>
   <trkpt lat="46.1730080" lon="13.7199800">
    <ele>240.4</ele>
   </trkpt>
   <trkpt lat="46.1729970" lon="13.7199800">
    <ele>240.7</ele>
   </trkpt>
   <trkpt lat="46.1729800" lon="13.7199780">
    <ele>241.1</ele>
   </trkpt>
   <trkpt lat="46.1729650" lon="13.7199780">
    <ele>241.5</ele>
   </trkpt>
   <trkpt lat="46.1729500" lon="13.7199780">
    <ele>241.9</ele>
   </trkpt>
   <trkpt lat="46.1729330" lon="13.7199770">
    <ele>242.4</ele>
   </trkpt>
   <trkpt lat="46.1729180" lon="13.7199780">
    <ele>242.8</ele>
   </trkpt>
   <trkpt lat="46.1729050" lon="13.7199850">
    <ele>243.2</ele>
   </trkpt>
   <trkpt lat="46.1728950" lon="13.7199930">
    <ele>243.5</ele>
   </trkpt>
   <trkpt lat="46.1728900" lon="13.7199920">
    <ele>243.6</ele>
   </trkpt>
   <trkpt lat="46.1728780" lon="13.7200100">
    <ele>244.1</ele>
   </trkpt>
   <trkpt lat="46.1728770" lon="13.7200120">
    <ele>244.2</ele>
   </trkpt>
   <trkpt lat="46.1728680" lon="13.7200180">
    <ele>244.5</ele>
   </trkpt>
   <trkpt lat="46.1728620" lon="13.7200220">
    <ele>244.7</ele>
   </trkpt>
   <trkpt lat="46.1728520" lon="13.7200270">
    <ele>245.0</ele>
   </trkpt>
   <trkpt lat="46.1728400" lon="13.7200300">
    <ele>245.3</ele>
   </trkpt>
   <trkpt lat="46.1728300" lon="13.7200320">
    <ele>245.6</ele>
   </trkpt>
   <trkpt lat="46.1728220" lon="13.7200330">
    <ele>245.8</ele>
   </trkpt>
   <trkpt lat="46.1728170" lon="13.7200380">
    <ele>246.0</ele>
   </trkpt>
   <trkpt lat="46.1728080" lon="13.7200370">
    <ele>246.3</ele>
   </trkpt>
   <trkpt lat="46.1727980" lon="13.7200350">
    <ele>246.6</ele>
   </trkpt>
   <trkpt lat="46.1727850" lon="13.7200370">
    <ele>246.9</ele>
   </trkpt>
   <trkpt lat="46.1727680" lon="13.7200450">
    <ele>247.4</ele>
   </trkpt>
   <trkpt lat="46.1727570" lon="13.7200470">
    <ele>247.7</ele>
   </trkpt>
   <trkpt lat="46.1727420" lon="13.7200480">
    <ele>248.2</ele>
   </trkpt>
   <trkpt lat="46.1727250" lon="13.7200530">
    <ele>248.6</ele>
   </trkpt>
   <trkpt lat="46.1727100" lon="13.7200570">
    <ele>249.1</ele>
   </trkpt>
   <trkpt lat="46.1727000" lon="13.7200520">
    <ele>249.4</ele>
   </trkpt>
   <trkpt lat="46.1726930" lon="13.7200520">
    <ele>249.6</ele>
   </trkpt>
   <trkpt lat="46.1726850" lon="13.7200530">
    <ele>249.8</ele>
   </trkpt>
   <trkpt lat="46.1726750" lon="13.7200580">
    <ele>250.1</ele>
   </trkpt>
   <trkpt lat="46.1726650" lon="13.7200570">
    <ele>250.4</ele>
   </trkpt>
   <trkpt lat="46.1726580" lon="13.7200530">
    <ele>250.6</ele>
   </trkpt>
   <trkpt lat="46.1726530" lon="13.7200600">
    <ele>250.8</ele>
   </trkpt>
   <trkpt lat="46.1726470" lon="13.7200680">
    <ele>251.0</ele>
   </trkpt>
   <trkpt lat="46.1726420" lon="13.7200770">
    <ele>251.2</ele>
   </trkpt>
   <trkpt lat="46.1726330" lon="13.7200830">
    <ele>251.5</ele>
   </trkpt>
   <trkpt lat="46.1726250" lon="13.7200920">
    <ele>251.8</ele>
   </trkpt>
   <trkpt lat="46.1726230" lon="13.7201080">
    <ele>252.1</ele>
   </trkpt>
   <trkpt lat="46.1726280" lon="13.7201230">
    <ele>252.5</ele>
   </trkpt>
   <trkpt lat="46.1726330" lon="13.7201380">
    <ele>252.8</ele>
   </trkpt>
   <trkpt lat="46.1726320" lon="13.7201530">
    <ele>253.1</ele>
   </trkpt>
   <trkpt lat="46.1726370" lon="13.7201750">
    <ele>253.6</ele>
   </trkpt>
   <trkpt lat="46.1726400" lon="13.7201900">
    <ele>253.9</ele>
   </trkpt>
   <trkpt lat="46.1726380" lon="13.7202030">
    <ele>254.2</ele>
   </trkpt>
   <trkpt lat="46.1726380" lon="13.7202150">
    <ele>254.4</ele>
   </trkpt>
   <trkpt lat="46.1726380" lon="13.7202270">
    <ele>254.7</ele>
   </trkpt>
   <trkpt lat="46.1726380" lon="13.7202350">
    <ele>254.9</ele>
   </trkpt>
   <trkpt lat="46.1726320" lon="13.7202370">
    <ele>255.0</ele>
   </trkpt>
   <trkpt lat="46.1726350" lon="13.7202430">
    <ele>255.2</ele>
   </trkpt>
   <trkpt lat="46.1726370" lon="13.7202530">
    <ele>255.4</ele>
   </trkpt>
   <trkpt lat="46.1726400" lon="13.7202630">
    <ele>255.6</ele>
   </trkpt>
   <trkpt lat="46.1726400" lon="13.7202750">
    <ele>255.9</ele>
   </trkpt>
   <trkpt lat="46.1726430" lon="13.7202880">
    <ele>256.2</ele>
   </trkpt>
   <trkpt lat="46.1726450" lon="13.7203020">
    <ele>256.5</ele>
   </trkpt>
   <trkpt lat="46.1726480" lon="13.7203070">
    <ele>256.6</ele>
   </trkpt>
   <trkpt lat="46.1726480" lon="13.7203150">
    <ele>256.8</ele>
   </trkpt>
   <trkpt lat="46.1726500" lon="13.7203250">
    <ele>257.0</ele>
   </trkpt>
   <trkpt lat="46.1726520" lon="13.7203350">
    <ele>257.3</ele>
   </trkpt>
   <trkpt lat="46.1726500" lon="13.7203480">
    <ele>257.5</ele>
   </trkpt>
   <trkpt lat="46.1726500" lon="13.7203550">
    <ele>257.7</ele>
   </trkpt>
   <trkpt lat="46.1726530" lon="13.7203630">
    <ele>257.9</ele>
   </trkpt>
   <trkpt lat="46.1726570" lon="13.7203750">
    <ele>258.2</ele>
   </trkpt>
   <trkpt lat="46.1726620" lon="13.7203870">
    <ele>258.5</ele>
   </trkpt>
   <trkpt lat="46.1726750" lon="13.7204000">
    <ele>259.0</ele>
   </trkpt>
   <trkpt lat="46.1726880" lon="13.7204150">
    <ele>259.5</ele>
   </trkpt>
   <trkpt lat="46.1726980" lon="13.7204250">
    <ele>259.9</ele>
   </trkpt>
   <trkpt lat="46.1727020" lon="13.7204300">
    <ele>260.1</ele>
   </trkpt>
   <trkpt lat="46.1727130" lon="13.7204420">
    <ele>260.5</ele>
   </trkpt>
   <trkpt lat="46.1727270" lon="13.7204570">
    <ele>261.1</ele>
   </trkpt>
   <trkpt lat="46.1727400" lon="13.7204630">
    <ele>261.5</ele>
   </trkpt>
   <trkpt lat="46.1727420" lon="13.7204700">
    <ele>261.7</ele>
   </trkpt>
   <trkpt lat="46.1727450" lon="13.7204780">
    <ele>261.9</ele>
   </trkpt>
   <trkpt lat="46.1727520" lon="13.7204870">
    <ele>262.1</ele>
   </trkpt>
   <trkpt lat="46.1727620" lon="13.7204930">
    <ele>262.5</ele>
   </trkpt>
   <trkpt lat="46.1727670" lon="13.7205050">
    <ele>262.8</ele>
   </trkpt>
   <trkpt lat="46.1727720" lon="13.7205120">
    <ele>263.0</ele>
   </trkpt>
   <trkpt lat="46.1727750" lon="13.7205200">
    <ele>263.2</ele>
   </trkpt>
   <trkpt lat="46.1727770" lon="13.7205280">
    <ele>263.4</ele>
   </trkpt>
   <trkpt lat="46.1727780" lon="13.7205400">
    <ele>263.7</ele>
   </trkpt>
   <trkpt lat="46.1727800" lon="13.7205520">
    <ele>263.9</ele>
   </trkpt>
   <trkpt lat="46.1727800" lon="13.7205600">
    <ele>264.1</ele>
   </trkpt>
   <trkpt lat="46.1727800" lon="13.7205700">
    <ele>264.3</ele>
   </trkpt>
   <trkpt lat="46.1727830" lon="13.7205770">
    <ele>264.5</ele>
   </trkpt>
   <trkpt lat="46.1727850" lon="13.7205870">
    <ele>264.7</ele>
   </trkpt>
   <trkpt lat="46.1727880" lon="13.7205970">
    <ele>265.0</ele>
   </trkpt>
   <trkpt lat="46.1727880" lon="13.7206050">
    <ele>265.1</ele>
   </trkpt>
   <trkpt lat="46.1727930" lon="13.7206130">
    <ele>265.4</ele>
   </trkpt>
   <trkpt lat="46.1727930" lon="13.7206200">
    <ele>265.5</ele>
   </trkpt>
   <trkpt lat="46.1728030" lon="13.7206300">
    <ele>265.9</ele>
   </trkpt>
   <trkpt lat="46.1728100" lon="13.7206420">
    <ele>266.2</ele>
   </trkpt>
   <trkpt lat="46.1728180" lon="13.7206520">
    <ele>266.6</ele>
   </trkpt>
   <trkpt lat="46.1728280" lon="13.7206620">
    <ele>266.9</ele>
   </trkpt>
   <trkpt lat="46.1728380" lon="13.7206720">
    <ele>267.3</ele>
   </trkpt>
   <trkpt lat="46.1728470" lon="13.7206870">
    <ele>267.7</ele>
   </trkpt>
   <trkpt lat="46.1728550" lon="13.7207020">
    <ele>268.1</ele>
   </trkpt>
   <trkpt lat="46.1728670" lon="13.7207170">
    <ele>268.6</ele>
   </trkpt>
   <trkpt lat="46.1728820" lon="13.7207370">
    <ele>269.2</ele>
   </trkpt>
   <trkpt lat="46.1728930" lon="13.7207520">
    <ele>269.6</ele>
   </trkpt>
   <trkpt lat="46.1728980" lon="13.7207720">
    <ele>270.1</ele>
   </trkpt>
   <trkpt lat="46.1729070" lon="13.7207920">
    <ele>270.6</ele>
   </trkpt>
   <trkpt lat="46.1729130" lon="13.7208100">
    <ele>271.0</ele>
   </trkpt>
   <trkpt lat="46.1729250" lon="13.7208220">
    <ele>271.4</ele>
   </trkpt>
   <trkpt lat="46.1729370" lon="13.7208330">
    <ele>271.9</ele>
   </trkpt>
   <trkpt lat="46.1729420" lon="13.7208400">
    <ele>272.1</ele>
   </trkpt>
   <trkpt lat="46.1729470" lon="13.7208500">
    <ele>272.3</ele>
   </trkpt>
   <trkpt lat="46.1729520" lon="13.7208630">
    <ele>272.6</ele>
   </trkpt>
   <trkpt lat="46.1729530" lon="13.7208750">
    <ele>272.9</ele>
   </trkpt>
   <trkpt lat="46.1729600" lon="13.7208870">
    <ele>273.2</ele>
   </trkpt>
   <trkpt lat="46.1729720" lon="13.7208980">
    <ele>273.7</ele>
   </trkpt>
   <trkpt lat="46.1729850" lon="13.7209100">
    <ele>274.1</ele>
   </trkpt>
   <trkpt lat="46.1729930" lon="13.7209200">
    <ele>274.5</ele>
   </trkpt>
   <trkpt lat="46.1730030" lon="13.7209300">
    <ele>274.8</ele>
   </trkpt>
   <trkpt lat="46.1730080" lon="13.7209450">
    <ele>275.2</ele>
   </trkpt>
   <trkpt lat="46.1730150" lon="13.7209630">
    <ele>275.6</ele>
   </trkpt>
   <trkpt lat="46.1730270" lon="13.7209780">
    <ele>276.1</ele>
   </trkpt>
   <trkpt lat="46.1730400" lon="13.7209850">
    <ele>276.5</ele>
   </trkpt>
   <trkpt lat="46.1730470" lon="13.7209900">
    <ele>276.7</ele>
   </trkpt>
   <trkpt lat="46.1730500" lon="13.7209970">
    <ele>276.8</ele>
   </trkpt>
   <trkpt lat="46.1730550" lon="13.7210070">
    <ele>277.1</ele>
   </trkpt>
   <trkpt lat="46.1730580" lon="13.7210100">
    <ele>277.2</ele>
   </trkpt>
   <trkpt lat="46.1730630" lon="13.7210180">
    <ele>277.4</ele>
   </trkpt>
   <trkpt lat="46.1730700" lon="13.7210300">
    <ele>277.7</ele>
   </trkpt>
   <trkpt lat="46.1730770" lon="13.7210420">
    <ele>277.9</ele>
   </trkpt>
   <trkpt lat="46.1730880" lon="13.7210500">
    <ele>278.3</ele>
   </trkpt>
   <trkpt lat="46.1730980" lon="13.7210600">
    <ele>278.6</ele>
   </trkpt>
   <trkpt lat="46.1731070" lon="13.7210720">
    <ele>278.9</ele>
   </trkpt>
   <trkpt lat="46.1731130" lon="13.7210850">
    <ele>279.2</ele>
   </trkpt>
   <trkpt lat="46.1731170" lon="13.7210980">
    <ele>279.4</ele>
   </trkpt>
   <trkpt lat="46.1731200" lon="13.7211120">
    <ele>279.7</ele>
   </trkpt>
   <trkpt lat="46.1731270" lon="13.7211250">
    <ele>279.9</ele>
   </trkpt>
   <trkpt lat="46.1731350" lon="13.7211430">
    <ele>280.3</ele>
   </trkpt>
   <trkpt lat="46.1731470" lon="13.7211580">
    <ele>280.7</ele>
   </trkpt>
   <trkpt lat="46.1731570" lon="13.7211680">
    <ele>281.0</ele>
   </trkpt>
   <trkpt lat="46.1731700" lon="13.7211770">
    <ele>281.4</ele>
   </trkpt>
   <trkpt lat="46.1731820" lon="13.7211870">
    <ele>281.7</ele>
   </trkpt>
   <trkpt lat="46.1731950" lon="13.7211930">
    <ele>282.0</ele>
   </trkpt>
   <trkpt lat="46.1732070" lon="13.7212080">
    <ele>282.4</ele>
   </trkpt>
   <trkpt lat="46.1732100" lon="13.7212230">
    <ele>282.7</ele>
   </trkpt>
   <trkpt lat="46.1732150" lon="13.7212330">
    <ele>282.9</ele>
   </trkpt>
   <trkpt lat="46.1732200" lon="13.7212450">
    <ele>283.1</ele>
   </trkpt>
   <trkpt lat="46.1732200" lon="13.7212700">
    <ele>283.5</ele>
   </trkpt>
   <trkpt lat="46.1732230" lon="13.7212870">
    <ele>283.8</ele>
   </trkpt>
   <trkpt lat="46.1732250" lon="13.7213030">
    <ele>284.1</ele>
   </trkpt>
   <trkpt lat="46.1732280" lon="13.7213170">
    <ele>284.3</ele>
   </trkpt>
   <trkpt lat="46.1732370" lon="13.7213280">
    <ele>284.5</ele>
   </trkpt>
   <trkpt lat="46.1732430" lon="13.7213430">
    <ele>284.8</ele>
   </trkpt>
   <trkpt lat="46.1732480" lon="13.7213620">
    <ele>285.1</ele>
   </trkpt>
   <trkpt lat="46.1732480" lon="13.7213820">
    <ele>285.4</ele>
   </trkpt>
   <trkpt lat="46.1732480" lon="13.7213980">
    <ele>285.6</ele>
   </trkpt>
   <trkpt lat="46.1732500" lon="13.7214130">
    <ele>285.8</ele>
   </trkpt>
   <trkpt lat="46.1732570" lon="13.7214230">
    <ele>285.9</ele>
   </trkpt>
   <trkpt lat="46.1732620" lon="13.7214320">
    <ele>286.1</ele>
   </trkpt>
   <trkpt lat="46.1732670" lon="13.7214420">
    <ele>286.2</ele>
   </trkpt>
   <trkpt lat="46.1732700" lon="13.7214550">
    <ele>286.3</ele>
   </trkpt>
   <trkpt lat="46.1732720" lon="13.7214680">
    <ele>286.5</ele>
   </trkpt>
   <trkpt lat="46.1732700" lon="13.7214820">
    <ele>286.6</ele>
   </trkpt>
   <trkpt lat="46.1732680" lon="13.7214950">
    <ele>286.8</ele>
   </trkpt>
   <trkpt lat="46.1732630" lon="13.7215100">
    <ele>286.9</ele>
   </trkpt>
   <trkpt lat="46.1732620" lon="13.7215250">
    <ele>287.1</ele>
   </trkpt>
   <trkpt lat="46.1732580" lon="13.7215350">
    <ele>287.2</ele>
   </trkpt>
   <trkpt lat="46.1732530" lon="13.7215430">
    <ele>287.3</ele>
   </trkpt>
   <trkpt lat="46.1732450" lon="13.7215450">
    <ele>287.3</ele>
   </trkpt>
   <trkpt lat="46.1732370" lon="13.7215320">
    <ele>287.3</ele>
   </trkpt>
   <trkpt lat="46.1732280" lon="13.7215150">
    <ele>287.3</ele>
   </trkpt>
   <trkpt lat="46.1732170" lon="13.7214880">
    <ele>287.4</ele>
   </trkpt>
   <trkpt lat="46.1732000" lon="13.7214580">
    <ele>287.4</ele>
   </trkpt>
   <trkpt lat="46.1731820" lon="13.7214270">
    <ele>287.5</ele>
   </trkpt>
   <trkpt lat="46.1731600" lon="13.7213920">
    <ele>287.6</ele>
   </trkpt>
   <trkpt lat="46.1731370" lon="13.7213600">
    <ele>287.6</ele>
   </trkpt>
   <trkpt lat="46.1731130" lon="13.7213330">
    <ele>287.7</ele>
   </trkpt>
   <trkpt lat="46.1730900" lon="13.7213100">
    <ele>287.9</ele>
   </trkpt>
   <trkpt lat="46.1730670" lon="13.7212880">
    <ele>288.0</ele>
   </trkpt>
   <trkpt lat="46.1730420" lon="13.7212670">
    <ele>288.2</ele>
   </trkpt>
   <trkpt lat="46.1730180" lon="13.7212520">
    <ele>288.3</ele>
   </trkpt>
   <trkpt lat="46.1729970" lon="13.7212370">
    <ele>288.5</ele>
   </trkpt>
   <trkpt lat="46.1729720" lon="13.7212170">
    <ele>288.7</ele>
   </trkpt>
   <trkpt lat="46.1729480" lon="13.7211970">
    <ele>289.0</ele>
   </trkpt>
   <trkpt lat="46.1729230" lon="13.7211800">
    <ele>289.3</ele>
   </trkpt>
   <trkpt lat="46.1729020" lon="13.7211670">
    <ele>289.7</ele>
   </trkpt>
   <trkpt lat="46.1728800" lon="13.7211580">
    <ele>290.0</ele>
   </trkpt>
   <trkpt lat="46.1728580" lon="13.7211580">
    <ele>290.3</ele>
   </trkpt>
   <trkpt lat="46.1728400" lon="13.7211550">
    <ele>290.7</ele>
   </trkpt>
   <trkpt lat="46.1728250" lon="13.7211520">
    <ele>290.9</ele>
   </trkpt>
   <trkpt lat="46.1728070" lon="13.7211520">
    <ele>291.3</ele>
   </trkpt>
   <trkpt lat="46.1727870" lon="13.7211520">
    <ele>291.7</ele>
   </trkpt>
   <trkpt lat="46.1727680" lon="13.7211500">
    <ele>292.1</ele>
   </trkpt>
   <trkpt lat="46.1727530" lon="13.7211450">
    <ele>292.4</ele>
   </trkpt>
   <trkpt lat="46.1727430" lon="13.7211420">
    <ele>292.6</ele>
   </trkpt>
   <trkpt lat="46.1727300" lon="13.7211420">
    <ele>292.9</ele>
   </trkpt>
   <trkpt lat="46.1727120" lon="13.7211420">
    <ele>293.3</ele>
   </trkpt>
   <trkpt lat="46.1726920" lon="13.7211380">
    <ele>293.7</ele>
   </trkpt>
   <trkpt lat="46.1726700" lon="13.7211430">
    <ele>294.1</ele>
   </trkpt>
   <trkpt lat="46.1726520" lon="13.7211520">
    <ele>294.5</ele>
   </trkpt>
   <trkpt lat="46.1726320" lon="13.7211520">
    <ele>294.9</ele>
   </trkpt>
   <trkpt lat="46.1726120" lon="13.7211570">
    <ele>295.2</ele>
   </trkpt>
   <trkpt lat="46.1725920" lon="13.7211600">
    <ele>295.5</ele>
   </trkpt>
   <trkpt lat="46.1725700" lon="13.7211570">
    <ele>295.9</ele>
   </trkpt>
   <trkpt lat="46.1725480" lon="13.7211550">
    <ele>296.2</ele>
   </trkpt>
   <trkpt lat="46.1725230" lon="13.7211530">
    <ele>296.5</ele>
   </trkpt>
   <trkpt lat="46.1725000" lon="13.7211520">
    <ele>296.8</ele>
   </trkpt>
   <trkpt lat="46.1724770" lon="13.7211450">
    <ele>297.2</ele>
   </trkpt>
   <trkpt lat="46.1724530" lon="13.7211370">
    <ele>297.5</ele>
   </trkpt>
   <trkpt lat="46.1724320" lon="13.7211320">
    <ele>297.8</ele>
   </trkpt>
   <trkpt lat="46.1724070" lon="13.7211320">
    <ele>298.1</ele>
   </trkpt>
   <trkpt lat="46.1723830" lon="13.7211300">
    <ele>298.4</ele>
   </trkpt>
   <trkpt lat="46.1723620" lon="13.7211280">
    <ele>298.7</ele>
   </trkpt>
   <trkpt lat="46.1723450" lon="13.7211280">
    <ele>299.0</ele>
   </trkpt>
   <trkpt lat="46.1723250" lon="13.7211270">
    <ele>299.4</ele>
   </trkpt>
   <trkpt lat="46.1723070" lon="13.7211250">
    <ele>299.7</ele>
   </trkpt>
   <trkpt lat="46.1722880" lon="13.7211170">
    <ele>300.0</ele>
   </trkpt>
   <trkpt lat="46.1722670" lon="13.7211100">
    <ele>300.5</ele>
   </trkpt>
   <trkpt lat="46.1722430" lon="13.7211050">
    <ele>300.9</ele>
   </trkpt>
   <trkpt lat="46.1722180" lon="13.7211030">
    <ele>301.5</ele>
   </trkpt>
   <trkpt lat="46.1721920" lon="13.7211000">
    <ele>302.0</ele>
   </trkpt>
   <trkpt lat="46.1721670" lon="13.7211000">
    <ele>302.5</ele>
   </trkpt>
   <trkpt lat="46.1721330" lon="13.7211170">
    <ele>303.1</ele>
   </trkpt>
   <trkpt lat="46.1721120" lon="13.7211270">
    <ele>303.5</ele>
   </trkpt>
   <trkpt lat="46.1720830" lon="13.7211280">
    <ele>304.0</ele>
   </trkpt>
   <trkpt lat="46.1720580" lon="13.7211230">
    <ele>304.3</ele>
   </trkpt>
   <trkpt lat="46.1720380" lon="13.7211250">
    <ele>304.6</ele>
   </trkpt>
   <trkpt lat="46.1720170" lon="13.7211330">
    <ele>304.8</ele>
   </trkpt>
   <trkpt lat="46.1719930" lon="13.7211430">
    <ele>305.1</ele>
   </trkpt>
   <trkpt lat="46.1719650" lon="13.7211600">
    <ele>305.4</ele>
   </trkpt>
   <trkpt lat="46.1719350" lon="13.7211680">
    <ele>305.6</ele>
   </trkpt>
   <trkpt lat="46.1719050" lon="13.7211650">
    <ele>305.9</ele>
   </trkpt>
   <trkpt lat="46.1718770" lon="13.7211670">
    <ele>306.1</ele>
   </trkpt>
   <trkpt lat="46.1718400" lon="13.7211730">
    <ele>306.4</ele>
   </trkpt>
   <trkpt lat="46.1718120" lon="13.7211730">
    <ele>306.7</ele>
   </trkpt>
   <trkpt lat="46.1717800" lon="13.7211770">
    <ele>307.0</ele>
   </trkpt>
   <trkpt lat="46.1717470" lon="13.7211700">
    <ele>307.3</ele>
   </trkpt>
   <trkpt lat="46.1717100" lon="13.7211600">
    <ele>307.7</ele>
   </trkpt>
   <trkpt lat="46.1716780" lon="13.7211530">
    <ele>308.1</ele>
   </trkpt>
   <trkpt lat="46.1716470" lon="13.7211420">
    <ele>308.5</ele>
   </trkpt>
   <trkpt lat="46.1716180" lon="13.7211320">
    <ele>308.9</ele>
   </trkpt>
   <trkpt lat="46.1715930" lon="13.7211230">
    <ele>309.2</ele>
   </trkpt>
   <trkpt lat="46.1715720" lon="13.7211050">
    <ele>309.6</ele>
   </trkpt>
   <trkpt lat="46.1715430" lon="13.7210980">
    <ele>309.9</ele>
   </trkpt>
   <trkpt lat="46.1715180" lon="13.7210870">
    <ele>310.3</ele>
   </trkpt>
   <trkpt lat="46.1714930" lon="13.7210730">
    <ele>310.6</ele>
   </trkpt>
   <trkpt lat="46.1714700" lon="13.7210630">
    <ele>311.0</ele>
   </trkpt>
   <trkpt lat="46.1714450" lon="13.7210530">
    <ele>311.3</ele>
   </trkpt>
   <trkpt lat="46.1714230" lon="13.7210380">
    <ele>311.7</ele>
   </trkpt>
   <trkpt lat="46.1714050" lon="13.7210220">
    <ele>312.0</ele>
   </trkpt>
   <trkpt lat="46.1713880" lon="13.7210000">
    <ele>312.3</ele>
   </trkpt>
   <trkpt lat="46.1713720" lon="13.7209770">
    <ele>312.6</ele>
   </trkpt>
   <trkpt lat="46.1713550" lon="13.7209620">
    <ele>312.8</ele>
   </trkpt>
   <trkpt lat="46.1713330" lon="13.7209400">
    <ele>313.1</ele>
   </trkpt>
   <trkpt lat="46.1713130" lon="13.7209130">
    <ele>313.4</ele>
   </trkpt>
   <trkpt lat="46.1712980" lon="13.7208700">
    <ele>313.7</ele>
   </trkpt>
   <trkpt lat="46.1712850" lon="13.7208350">
    <ele>313.8</ele>
   </trkpt>
   <trkpt lat="46.1712700" lon="13.7208120">
    <ele>313.9</ele>
   </trkpt>
   <trkpt lat="46.1712500" lon="13.7207880">
    <ele>314.0</ele>
   </trkpt>
   <trkpt lat="46.1712270" lon="13.7207600">
    <ele>314.1</ele>
   </trkpt>
   <trkpt lat="46.1712080" lon="13.7207380">
    <ele>314.1</ele>
   </trkpt>
   <trkpt lat="46.1711850" lon="13.7207120">
    <ele>314.0</ele>
   </trkpt>
   <trkpt lat="46.1711670" lon="13.7206820">
    <ele>314.0</ele>
   </trkpt>
   <trkpt lat="46.1711480" lon="13.7206470">
    <ele>313.9</ele>
   </trkpt>
   <trkpt lat="46.1711280" lon="13.7206070">
    <ele>313.7</ele>
   </trkpt>
   <trkpt lat="46.1711100" lon="13.7205730">
    <ele>313.5</ele>
   </trkpt>
   <trkpt lat="46.1710930" lon="13.7205420">
    <ele>313.3</ele>
   </trkpt>
   <trkpt lat="46.1710730" lon="13.7205070">
    <ele>313.1</ele>
   </trkpt>
   <trkpt lat="46.1710450" lon="13.7204770">
    <ele>312.9</ele>
   </trkpt>
   <trkpt lat="46.1710100" lon="13.7204480">
    <ele>313.0</ele>
   </trkpt>
   <trkpt lat="46.1709670" lon="13.7204150">
    <ele>313.3</ele>
   </trkpt>
   <trkpt lat="46.1709270" lon="13.7203820">
    <ele>314.1</ele>
   </trkpt>
   <trkpt lat="46.1708920" lon="13.7203500">
    <ele>315.0</ele>
   </trkpt>
   <trkpt lat="46.1708550" lon="13.7203200">
    <ele>316.2</ele>
   </trkpt>
   <trkpt lat="46.1708200" lon="13.7202880">
    <ele>317.4</ele>
   </trkpt>
   <trkpt lat="46.1707900" lon="13.7202580">
    <ele>318.5</ele>
   </trkpt>
   <trkpt lat="46.1707680" lon="13.7202400">
    <ele>319.2</ele>
   </trkpt>
   <trkpt lat="46.1707500" lon="13.7202230">
    <ele>319.7</ele>
   </trkpt>
   <trkpt lat="46.1707350" lon="13.7202080">
    <ele>320.2</ele>
   </trkpt>
   <trkpt lat="46.1707230" lon="13.7201920">
    <ele>320.5</ele>
   </trkpt>
   <trkpt lat="46.1707080" lon="13.7201780">
    <ele>320.9</ele>
   </trkpt>
   <trkpt lat="46.1706930" lon="13.7201730">
    <ele>321.2</ele>
   </trkpt>
   <trkpt lat="46.1706770" lon="13.7201650">
    <ele>321.5</ele>
   </trkpt>
   <trkpt lat="46.1706620" lon="13.7201550">
    <ele>321.8</ele>
   </trkpt>
   <trkpt lat="46.1706480" lon="13.7201520">
    <ele>322.1</ele>
   </trkpt>
   <trkpt lat="46.1706270" lon="13.7201470">
    <ele>322.5</ele>
   </trkpt>
   <trkpt lat="46.1706070" lon="13.7201350">
    <ele>322.9</ele>
   </trkpt>
   <trkpt lat="46.1705930" lon="13.7201270">
    <ele>323.1</ele>
   </trkpt>
   <trkpt lat="46.1705800" lon="13.7201230">
    <ele>323.4</ele>
   </trkpt>
   <trkpt lat="46.1705670" lon="13.7201130">
    <ele>323.7</ele>
   </trkpt>
   <trkpt lat="46.1705550" lon="13.7200980">
    <ele>324.0</ele>
   </trkpt>
   <trkpt lat="46.1705430" lon="13.7200800">
    <ele>324.4</ele>
   </trkpt>
   <trkpt lat="46.1705330" lon="13.7200580">
    <ele>324.8</ele>
   </trkpt>
   <trkpt lat="46.1705220" lon="13.7200330">
    <ele>325.3</ele>
   </trkpt>
   <trkpt lat="46.1705070" lon="13.7200070">
    <ele>325.9</ele>
   </trkpt>
   <trkpt lat="46.1704880" lon="13.7199780">
    <ele>326.6</ele>
   </trkpt>
   <trkpt lat="46.1704670" lon="13.7199480">
    <ele>327.5</ele>
   </trkpt>
   <trkpt lat="46.1704580" lon="13.7199270">
    <ele>327.9</ele>
   </trkpt>
   <trkpt lat="46.1704480" lon="13.7199030">
    <ele>328.5</ele>
   </trkpt>
   <trkpt lat="46.1704300" lon="13.7198730">
    <ele>329.2</ele>
   </trkpt>
   <trkpt lat="46.1704180" lon="13.7198470">
    <ele>329.8</ele>
   </trkpt>
   <trkpt lat="46.1704130" lon="13.7198280">
    <ele>330.1</ele>
   </trkpt>
   <trkpt lat="46.1704070" lon="13.7198100">
    <ele>330.5</ele>
   </trkpt>
   <trkpt lat="46.1704050" lon="13.7198030">
    <ele>330.6</ele>
   </trkpt>
   <trkpt lat="46.1704030" lon="13.7198000">
    <ele>330.7</ele>
   </trkpt>
   <trkpt lat="46.1703930" lon="13.7197970">
    <ele>330.9</ele>
   </trkpt>
   <trkpt lat="46.1703880" lon="13.7197980">
    <ele>331.0</ele>
   </trkpt>
   <trkpt lat="46.1703850" lon="13.7197970">
    <ele>331.1</ele>
   </trkpt>
   <trkpt lat="46.1703820" lon="13.7197970">
    <ele>331.2</ele>
   </trkpt>
   <trkpt lat="46.1703850" lon="13.7198080">
    <ele>331.4</ele>
   </trkpt>
   <trkpt lat="46.1703900" lon="13.7198270">
    <ele>331.7</ele>
   </trkpt>
   <trkpt lat="46.1703930" lon="13.7198480">
    <ele>332.1</ele>
   </trkpt>
   <trkpt lat="46.1703980" lon="13.7198720">
    <ele>332.5</ele>
   </trkpt>
   <trkpt lat="46.1704030" lon="13.7198970">
    <ele>332.9</ele>
   </trkpt>
   <trkpt lat="46.1704070" lon="13.7199180">
    <ele>333.3</ele>
   </trkpt>
   <trkpt lat="46.1704080" lon="13.7199380">
    <ele>333.6</ele>
   </trkpt>
   <trkpt lat="46.1704100" lon="13.7199630">
    <ele>334.0</ele>
   </trkpt>
   <trkpt lat="46.1704120" lon="13.7199900">
    <ele>334.5</ele>
   </trkpt>
   <trkpt lat="46.1704120" lon="13.7200130">
    <ele>334.9</ele>
   </trkpt>
   <trkpt lat="46.1704120" lon="13.7200300">
    <ele>335.2</ele>
   </trkpt>
   <trkpt lat="46.1704100" lon="13.7200530">
    <ele>335.6</ele>
   </trkpt>
   <trkpt lat="46.1704070" lon="13.7200720">
    <ele>336.0</ele>
   </trkpt>
   <trkpt lat="46.1704070" lon="13.7200980">
    <ele>336.5</ele>
   </trkpt>
   <trkpt lat="46.1704120" lon="13.7201180">
    <ele>336.9</ele>
   </trkpt>
   <trkpt lat="46.1704150" lon="13.7201380">
    <ele>337.2</ele>
   </trkpt>
   <trkpt lat="46.1704180" lon="13.7201550">
    <ele>337.5</ele>
   </trkpt>
   <trkpt lat="46.1704230" lon="13.7201700">
    <ele>337.9</ele>
   </trkpt>
   <trkpt lat="46.1704320" lon="13.7201880">
    <ele>338.2</ele>
   </trkpt>
   <trkpt lat="46.1704380" lon="13.7202120">
    <ele>338.7</ele>
   </trkpt>
   <trkpt lat="46.1704420" lon="13.7202370">
    <ele>339.2</ele>
   </trkpt>
   <trkpt lat="46.1704430" lon="13.7202630">
    <ele>339.6</ele>
   </trkpt>
   <trkpt lat="46.1704430" lon="13.7202900">
    <ele>340.1</ele>
   </trkpt>
   <trkpt lat="46.1704400" lon="13.7203100">
    <ele>340.5</ele>
   </trkpt>
   <trkpt lat="46.1704370" lon="13.7203330">
    <ele>340.9</ele>
   </trkpt>
   <trkpt lat="46.1704450" lon="13.7203430">
    <ele>341.1</ele>
   </trkpt>
   <trkpt lat="46.1704480" lon="13.7203600">
    <ele>341.5</ele>
   </trkpt>
   <trkpt lat="46.1704500" lon="13.7203800">
    <ele>341.8</ele>
   </trkpt>
   <trkpt lat="46.1704500" lon="13.7203950">
    <ele>342.1</ele>
   </trkpt>
   <trkpt lat="46.1704520" lon="13.7204120">
    <ele>342.4</ele>
   </trkpt>
   <trkpt lat="46.1704600" lon="13.7204280">
    <ele>342.8</ele>
   </trkpt>
   <trkpt lat="46.1704680" lon="13.7204420">
    <ele>343.2</ele>
   </trkpt>
   <trkpt lat="46.1704780" lon="13.7204620">
    <ele>343.6</ele>
   </trkpt>
   <trkpt lat="46.1704780" lon="13.7204780">
    <ele>343.9</ele>
   </trkpt>
   <trkpt lat="46.1704780" lon="13.7204930">
    <ele>344.2</ele>
   </trkpt>
   <trkpt lat="46.1704750" lon="13.7205130">
    <ele>344.6</ele>
   </trkpt>
   <trkpt lat="46.1704750" lon="13.7205350">
    <ele>345.1</ele>
   </trkpt>
   <trkpt lat="46.1704750" lon="13.7205520">
    <ele>345.4</ele>
   </trkpt>
   <trkpt lat="46.1704770" lon="13.7205680">
    <ele>345.7</ele>
   </trkpt>
   <trkpt lat="46.1704750" lon="13.7205850">
    <ele>346.1</ele>
   </trkpt>
   <trkpt lat="46.1704730" lon="13.7206050">
    <ele>346.5</ele>
   </trkpt>
   <trkpt lat="46.1704700" lon="13.7206250">
    <ele>346.9</ele>
   </trkpt>
   <trkpt lat="46.1704680" lon="13.7206450">
    <ele>347.3</ele>
   </trkpt>
   <trkpt lat="46.1704700" lon="13.7206600">
    <ele>347.5</ele>
   </trkpt>
   <trkpt lat="46.1704700" lon="13.7206820">
    <ele>347.9</ele>
   </trkpt>
   <trkpt lat="46.1704720" lon="13.7207020">
    <ele>348.3</ele>
   </trkpt>
   <trkpt lat="46.1704700" lon="13.7207220">
    <ele>348.7</ele>
   </trkpt>
   <trkpt lat="46.1704680" lon="13.7207450">
    <ele>349.1</ele>
   </trkpt>
   <trkpt lat="46.1704700" lon="13.7207700">
    <ele>349.5</ele>
   </trkpt>
   <trkpt lat="46.1704720" lon="13.7207930">
    <ele>349.8</ele>
   </trkpt>
   <trkpt lat="46.1704780" lon="13.7208180">
    <ele>350.3</ele>
   </trkpt>
   <trkpt lat="46.1704850" lon="13.7208430">
    <ele>350.7</ele>
   </trkpt>
   <trkpt lat="46.1704930" lon="13.7208750">
    <ele>351.2</ele>
   </trkpt>
   <trkpt lat="46.1704970" lon="13.7209120">
    <ele>351.8</ele>
   </trkpt>
   <trkpt lat="46.1705000" lon="13.7209480">
    <ele>352.4</ele>
   </trkpt>
   <trkpt lat="46.1704970" lon="13.7209770">
    <ele>352.8</ele>
   </trkpt>
   <trkpt lat="46.1704920" lon="13.7210030">
    <ele>353.3</ele>
   </trkpt>
   <trkpt lat="46.1704830" lon="13.7210280">
    <ele>353.7</ele>
   </trkpt>
   <trkpt lat="46.1704750" lon="13.7210570">
    <ele>354.2</ele>
   </trkpt>
   <trkpt lat="46.1704670" lon="13.7210830">
    <ele>354.7</ele>
   </trkpt>
   <trkpt lat="46.1704620" lon="13.7211050">
    <ele>355.1</ele>
   </trkpt>
   <trkpt lat="46.1704580" lon="13.7211170">
    <ele>355.3</ele>
   </trkpt>
   <trkpt lat="46.1704550" lon="13.7211350">
    <ele>355.6</ele>
   </trkpt>
   <trkpt lat="46.1704500" lon="13.7211550">
    <ele>356.0</ele>
   </trkpt>
   <trkpt lat="46.1704470" lon="13.7211750">
    <ele>356.3</ele>
   </trkpt>
   <trkpt lat="46.1704450" lon="13.7211980">
    <ele>356.7</ele>
   </trkpt>
   <trkpt lat="46.1704470" lon="13.7212180">
    <ele>357.1</ele>
   </trkpt>
   <trkpt lat="46.1704480" lon="13.7212320">
    <ele>357.3</ele>
   </trkpt>
   <trkpt lat="46.1704470" lon="13.7212470">
    <ele>357.6</ele>
   </trkpt>
   <trkpt lat="46.1704480" lon="13.7212630">
    <ele>357.8</ele>
   </trkpt>
   <trkpt lat="46.1704500" lon="13.7212870">
    <ele>358.2</ele>
   </trkpt>
   <trkpt lat="46.1704450" lon="13.7213120">
    <ele>358.7</ele>
   </trkpt>
   <trkpt lat="46.1704400" lon="13.7213350">
    <ele>359.1</ele>
   </trkpt>
   <trkpt lat="46.1704280" lon="13.7213630">
    <ele>359.6</ele>
   </trkpt>
   <trkpt lat="46.1704130" lon="13.7214000">
    <ele>360.4</ele>
   </trkpt>
   <trkpt lat="46.1704070" lon="13.7214300">
    <ele>360.9</ele>
   </trkpt>
   <trkpt lat="46.1704020" lon="13.7214530">
    <ele>361.3</ele>
   </trkpt>
   <trkpt lat="46.1704020" lon="13.7214770">
    <ele>361.8</ele>
   </trkpt>
   <trkpt lat="46.1704050" lon="13.7215020">
    <ele>362.2</ele>
   </trkpt>
   <trkpt lat="46.1704080" lon="13.7215250">
    <ele>362.7</ele>
   </trkpt>
   <trkpt lat="46.1704070" lon="13.7215470">
    <ele>363.1</ele>
   </trkpt>
   <trkpt lat="46.1704050" lon="13.7215680">
    <ele>363.5</ele>
   </trkpt>
   <trkpt lat="46.1704050" lon="13.7215870">
    <ele>363.9</ele>
   </trkpt>
   <trkpt lat="46.1704080" lon="13.7216100">
    <ele>364.3</ele>
   </trkpt>
   <trkpt lat="46.1704120" lon="13.7216350">
    <ele>364.8</ele>
   </trkpt>
   <trkpt lat="46.1704070" lon="13.7216550">
    <ele>365.3</ele>
   </trkpt>
   <trkpt lat="46.1703950" lon="13.7216770">
    <ele>365.8</ele>
   </trkpt>
   <trkpt lat="46.1703820" lon="13.7216980">
    <ele>366.4</ele>
   </trkpt>
   <trkpt lat="46.1703720" lon="13.7217180">
    <ele>367.0</ele>
   </trkpt>
   <trkpt lat="46.1703670" lon="13.7217370">
    <ele>367.4</ele>
   </trkpt>
   <trkpt lat="46.1703650" lon="13.7217570">
    <ele>367.8</ele>
   </trkpt>
   <trkpt lat="46.1703680" lon="13.7217770">
    <ele>368.2</ele>
   </trkpt>
   <trkpt lat="46.1703700" lon="13.7217950">
    <ele>368.6</ele>
   </trkpt>
   <trkpt lat="46.1703730" lon="13.7218150">
    <ele>369.1</ele>
   </trkpt>
   <trkpt lat="46.1703800" lon="13.7218370">
    <ele>369.6</ele>
   </trkpt>
   <trkpt lat="46.1703830" lon="13.7218580">
    <ele>370.1</ele>
   </trkpt>
   <trkpt lat="46.1703820" lon="13.7218780">
    <ele>370.5</ele>
   </trkpt>
   <trkpt lat="46.1703780" lon="13.7218980">
    <ele>371.0</ele>
   </trkpt>
   <trkpt lat="46.1703730" lon="13.7219170">
    <ele>371.5</ele>
   </trkpt>
   <trkpt lat="46.1703680" lon="13.7219380">
    <ele>371.9</ele>
   </trkpt>
   <trkpt lat="46.1703700" lon="13.7219600">
    <ele>372.4</ele>
   </trkpt>
   <trkpt lat="46.1703680" lon="13.7219820">
    <ele>372.9</ele>
   </trkpt>
   <trkpt lat="46.1703680" lon="13.7220020">
    <ele>373.4</ele>
   </trkpt>
   <trkpt lat="46.1703680" lon="13.7220180">
    <ele>373.7</ele>
   </trkpt>
   <trkpt lat="46.1703670" lon="13.7220350">
    <ele>374.1</ele>
   </trkpt>
   <trkpt lat="46.1703670" lon="13.7220570">
    <ele>374.6</ele>
   </trkpt>
   <trkpt lat="46.1703630" lon="13.7220800">
    <ele>375.1</ele>
   </trkpt>
   <trkpt lat="46.1703580" lon="13.7221020">
    <ele>375.6</ele>
   </trkpt>
   <trkpt lat="46.1703550" lon="13.7221170">
    <ele>375.9</ele>
   </trkpt>
   <trkpt lat="46.1703580" lon="13.7221300">
    <ele>376.2</ele>
   </trkpt>
   <trkpt lat="46.1703580" lon="13.7221450">
    <ele>376.5</ele>
   </trkpt>
   <trkpt lat="46.1703600" lon="13.7221580">
    <ele>376.7</ele>
   </trkpt>
   <trkpt lat="46.1703580" lon="13.7221730">
    <ele>377.0</ele>
   </trkpt>
   <trkpt lat="46.1703530" lon="13.7221950">
    <ele>377.5</ele>
   </trkpt>
   <trkpt lat="46.1703530" lon="13.7222130">
    <ele>377.8</ele>
   </trkpt>
   <trkpt lat="46.1703550" lon="13.7222320">
    <ele>378.2</ele>
   </trkpt>
   <trkpt lat="46.1703580" lon="13.7222550">
    <ele>378.6</ele>
   </trkpt>
   <trkpt lat="46.1703630" lon="13.7222770">
    <ele>379.0</ele>
   </trkpt>
   <trkpt lat="46.1703650" lon="13.7222950">
    <ele>379.3</ele>
   </trkpt>
   <trkpt lat="46.1703670" lon="13.7223100">
    <ele>379.6</ele>
   </trkpt>
   <trkpt lat="46.1703730" lon="13.7223300">
    <ele>380.0</ele>
   </trkpt>
   <trkpt lat="46.1703830" lon="13.7223500">
    <ele>380.4</ele>
   </trkpt>
   <trkpt lat="46.1703880" lon="13.7223720">
    <ele>380.8</ele>
   </trkpt>
   <trkpt lat="46.1703900" lon="13.7223930">
    <ele>381.2</ele>
   </trkpt>
   <trkpt lat="46.1703950" lon="13.7224170">
    <ele>381.6</ele>
   </trkpt>
   <trkpt lat="46.1704020" lon="13.7224230">
    <ele>381.8</ele>
   </trkpt>
   <trkpt lat="46.1704070" lon="13.7224380">
    <ele>382.1</ele>
   </trkpt>
   <trkpt lat="46.1704100" lon="13.7224530">
    <ele>382.4</ele>
   </trkpt>
   <trkpt lat="46.1704130" lon="13.7224680">
    <ele>382.6</ele>
   </trkpt>
   <trkpt lat="46.1704200" lon="13.7224870">
    <ele>383.0</ele>
   </trkpt>
   <trkpt lat="46.1704300" lon="13.7225070">
    <ele>383.4</ele>
   </trkpt>
   <trkpt lat="46.1704380" lon="13.7225270">
    <ele>383.8</ele>
   </trkpt>
   <trkpt lat="46.1704480" lon="13.7225450">
    <ele>384.1</ele>
   </trkpt>
   <trkpt lat="46.1704580" lon="13.7225630">
    <ele>384.5</ele>
   </trkpt>
   <trkpt lat="46.1704670" lon="13.7225820">
    <ele>384.8</ele>
   </trkpt>
   <trkpt lat="46.1704730" lon="13.7226000">
    <ele>385.1</ele>
   </trkpt>
   <trkpt lat="46.1704800" lon="13.7226200">
    <ele>385.4</ele>
   </trkpt>
   <trkpt lat="46.1704800" lon="13.7226380">
    <ele>385.6</ele>
   </trkpt>
   <trkpt lat="46.1704780" lon="13.7226550">
    <ele>385.8</ele>
   </trkpt>
   <trkpt lat="46.1704780" lon="13.7226730">
    <ele>386.0</ele>
   </trkpt>
   <trkpt lat="46.1704780" lon="13.7226880">
    <ele>386.0</ele>
   </trkpt>
   <trkpt lat="46.1704750" lon="13.7227030">
    <ele>385.9</ele>
   </trkpt>
   <trkpt lat="46.1704650" lon="13.7227150">
    <ele>385.7</ele>
   </trkpt>
   <trkpt lat="46.1704530" lon="13.7227230">
    <ele>385.5</ele>
   </trkpt>
   <trkpt lat="46.1704400" lon="13.7227250">
    <ele>385.4</ele>
   </trkpt>
   <trkpt lat="46.1704120" lon="13.7227220">
    <ele>384.9</ele>
   </trkpt>
   <trkpt lat="46.1703870" lon="13.7227070">
    <ele>384.5</ele>
   </trkpt>
   <trkpt lat="46.1703600" lon="13.7226800">
    <ele>383.9</ele>
   </trkpt>
   <trkpt lat="46.1703370" lon="13.7226530">
    <ele>383.4</ele>
   </trkpt>
   <trkpt lat="46.1703200" lon="13.7226270">
    <ele>382.9</ele>
   </trkpt>
   <trkpt lat="46.1702920" lon="13.7226050">
    <ele>382.3</ele>
   </trkpt>
   <trkpt lat="46.1702700" lon="13.7225800">
    <ele>381.8</ele>
   </trkpt>
   <trkpt lat="46.1702450" lon="13.7225480">
    <ele>381.1</ele>
   </trkpt>
   <trkpt lat="46.1702220" lon="13.7225150">
    <ele>380.5</ele>
   </trkpt>
   <trkpt lat="46.1702030" lon="13.7224830">
    <ele>379.9</ele>
   </trkpt>
   <trkpt lat="46.1701820" lon="13.7224570">
    <ele>379.3</ele>
   </trkpt>
   <trkpt lat="46.1701580" lon="13.7224280">
    <ele>378.7</ele>
   </trkpt>
   <trkpt lat="46.1701370" lon="13.7223930">
    <ele>378.0</ele>
   </trkpt>
   <trkpt lat="46.1701170" lon="13.7223530">
    <ele>377.3</ele>
   </trkpt>
   <trkpt lat="46.1700930" lon="13.7223130">
    <ele>376.5</ele>
   </trkpt>
   <trkpt lat="46.1700670" lon="13.7222800">
    <ele>375.6</ele>
   </trkpt>
   <trkpt lat="46.1700400" lon="13.7222420">
    <ele>374.7</ele>
   </trkpt>
   <trkpt lat="46.1700150" lon="13.7221980">
    <ele>376.3</ele>
   </trkpt>
   <trkpt lat="46.1699930" lon="13.7221530">
    <ele>377.9</ele>
   </trkpt>
   <trkpt lat="46.1699750" lon="13.7221080">
    <ele>378.4</ele>
   </trkpt>
   <trkpt lat="46.1699550" lon="13.7220620">
    <ele>380.0</ele>
   </trkpt>
   <trkpt lat="46.1699420" lon="13.7220170">
    <ele>380.5</ele>
   </trkpt>
   <trkpt lat="46.1699320" lon="13.7219700">
    <ele>382.1</ele>
   </trkpt>
   <trkpt lat="46.1699230" lon="13.7219220">
    <ele>382.2</ele>
   </trkpt>
   <trkpt lat="46.1699170" lon="13.7218700">
    <ele>382.5</ele>
   </trkpt>
   <trkpt lat="46.1699220" lon="13.7218300">
    <ele>382.8</ele>
   </trkpt>
   <trkpt lat="46.1699270" lon="13.7218030">
    <ele>383.3</ele>
   </trkpt>
   <trkpt lat="46.1699320" lon="13.7217670">
    <ele>383.5</ele>
   </trkpt>
   <trkpt lat="46.1699300" lon="13.7217320">
    <ele>383.8</ele>
   </trkpt>
   <trkpt lat="46.1699250" lon="13.7216920">
    <ele>384.0</ele>
   </trkpt>
   <trkpt lat="46.1699200" lon="13.7216550">
    <ele>384.2</ele>
   </trkpt>
   <trkpt lat="46.1699200" lon="13.7216170">
    <ele>384.4</ele>
   </trkpt>
   <trkpt lat="46.1699180" lon="13.7215670">
    <ele>384.6</ele>
   </trkpt>
   <trkpt lat="46.1699230" lon="13.7215200">
    <ele>384.8</ele>
   </trkpt>
   <trkpt lat="46.1699270" lon="13.7214800">
    <ele>384.9</ele>
   </trkpt>
   <trkpt lat="46.1699300" lon="13.7214130">
    <ele>385.0</ele>
   </trkpt>
   <trkpt lat="46.1699330" lon="13.7213530">
    <ele>384.8</ele>
   </trkpt>
   <trkpt lat="46.1699330" lon="13.7213050">
    <ele>385.0</ele>
   </trkpt>
   <trkpt lat="46.1699370" lon="13.7212630">
    <ele>383.8</ele>
   </trkpt>
   <trkpt lat="46.1699380" lon="13.7212270">
    <ele>384.1</ele>
   </trkpt>
   <trkpt lat="46.1699380" lon="13.7211650">
    <ele>384.3</ele>
   </trkpt>
   <trkpt lat="46.1699400" lon="13.7211180">
    <ele>384.5</ele>
   </trkpt>
   <trkpt lat="46.1699480" lon="13.7210580">
    <ele>384.3</ele>
   </trkpt>
   <trkpt lat="46.1699570" lon="13.7210120">
    <ele>384.5</ele>
   </trkpt>
   <trkpt lat="46.1699550" lon="13.7209650">
    <ele>384.6</ele>
   </trkpt>
   <trkpt lat="46.1699530" lon="13.7209120">
    <ele>384.7</ele>
   </trkpt>
   <trkpt lat="46.1699480" lon="13.7208600">
    <ele>384.8</ele>
   </trkpt>
   <trkpt lat="46.1699400" lon="13.7208050">
    <ele>384.4</ele>
   </trkpt>
   <trkpt lat="46.1699400" lon="13.7207600">
    <ele>384.4</ele>
   </trkpt>
   <trkpt lat="46.1699470" lon="13.7207170">
    <ele>384.4</ele>
   </trkpt>
   <trkpt lat="46.1699500" lon="13.7206520">
    <ele>384.4</ele>
   </trkpt>
   <trkpt lat="46.1699480" lon="13.7206030">
    <ele>384.3</ele>
   </trkpt>
   <trkpt lat="46.1699420" lon="13.7205650">
    <ele>384.1</ele>
   </trkpt>
   <trkpt lat="46.1699370" lon="13.7205320">
    <ele>384.0</ele>
   </trkpt>
   <trkpt lat="46.1699350" lon="13.7205000">
    <ele>383.8</ele>
   </trkpt>
   <trkpt lat="46.1699280" lon="13.7204650">
    <ele>386.1</ele>
   </trkpt>
   <trkpt lat="46.1699200" lon="13.7204200">
    <ele>385.4</ele>
   </trkpt>
   <trkpt lat="46.1699050" lon="13.7203750">
    <ele>385.3</ele>
   </trkpt>
   <trkpt lat="46.1698900" lon="13.7203280">
    <ele>386.8</ele>
   </trkpt>
   <trkpt lat="46.1698870" lon="13.7202880">
    <ele>386.7</ele>
   </trkpt>
   <trkpt lat="46.1698820" lon="13.7202470">
    <ele>386.6</ele>
   </trkpt>
   <trkpt lat="46.1698730" lon="13.7202030">
    <ele>388.0</ele>
   </trkpt>
   <trkpt lat="46.1698700" lon="13.7201550">
    <ele>387.8</ele>
   </trkpt>
   <trkpt lat="46.1698770" lon="13.7201030">
    <ele>386.1</ele>
   </trkpt>
   <trkpt lat="46.1698780" lon="13.7200370">
    <ele>385.9</ele>
   </trkpt>
   <trkpt lat="46.1698880" lon="13.7199730">
    <ele>385.1</ele>
   </trkpt>
   <trkpt lat="46.1698950" lon="13.7199320">
    <ele>385.0</ele>
   </trkpt>
   <trkpt lat="46.1698900" lon="13.7198470">
    <ele>384.4</ele>
   </trkpt>
   <trkpt lat="46.1698750" lon="13.7197650">
    <ele>385.3</ele>
   </trkpt>
   <trkpt lat="46.1698630" lon="13.7196770">
    <ele>384.4</ele>
   </trkpt>
   <trkpt lat="46.1698580" lon="13.7196070">
    <ele>384.1</ele>
   </trkpt>
   <trkpt lat="46.1698550" lon="13.7195400">
    <ele>382.9</ele>
   </trkpt>
   <trkpt lat="46.1698480" lon="13.7194670">
    <ele>381.7</ele>
   </trkpt>
   <trkpt lat="46.1698420" lon="13.7193920">
    <ele>382.9</ele>
   </trkpt>
   <trkpt lat="46.1698530" lon="13.7193430">
    <ele>379.9</ele>
   </trkpt>
   <trkpt lat="46.1698580" lon="13.7192970">
    <ele>379.3</ele>
   </trkpt>
   <trkpt lat="46.1698580" lon="13.7192500">
    <ele>378.8</ele>
   </trkpt>
   <trkpt lat="46.1698630" lon="13.7192050">
    <ele>378.2</ele>
   </trkpt>
   <trkpt lat="46.1698680" lon="13.7191570">
    <ele>377.7</ele>
   </trkpt>
   <trkpt lat="46.1698750" lon="13.7191030">
    <ele>377.1</ele>
   </trkpt>
   <trkpt lat="46.1698780" lon="13.7190500">
    <ele>375.1</ele>
   </trkpt>
   <trkpt lat="46.1698780" lon="13.7189970">
    <ele>374.0</ele>
   </trkpt>
   <trkpt lat="46.1698780" lon="13.7189620">
    <ele>373.7</ele>
   </trkpt>
   <trkpt lat="46.1698680" lon="13.7189200">
    <ele>375.6</ele>
   </trkpt>
   <trkpt lat="46.1698520" lon="13.7188770">
    <ele>375.2</ele>
   </trkpt>
   <trkpt lat="46.1698300" lon="13.7188370">
    <ele>376.2</ele>
   </trkpt>
   <trkpt lat="46.1698070" lon="13.7188180">
    <ele>377.1</ele>
   </trkpt>
   <trkpt lat="46.1697830" lon="13.7188100">
    <ele>378.9</ele>
   </trkpt>
   <trkpt lat="46.1697720" lon="13.7188020">
    <ele>379.3</ele>
   </trkpt>
   <trkpt lat="46.1697600" lon="13.7187950">
    <ele>379.8</ele>
   </trkpt>
   <trkpt lat="46.1697500" lon="13.7188000">
    <ele>380.0</ele>
   </trkpt>
   <trkpt lat="46.1697370" lon="13.7188000">
    <ele>380.4</ele>
   </trkpt>
   <trkpt lat="46.1697280" lon="13.7187970">
    <ele>380.6</ele>
   </trkpt>
   <trkpt lat="46.1697170" lon="13.7187970">
    <ele>380.9</ele>
   </trkpt>
   <trkpt lat="46.1696980" lon="13.7187920">
    <ele>381.4</ele>
   </trkpt>
   <trkpt lat="46.1696750" lon="13.7187800">
    <ele>382.0</ele>
   </trkpt>
   <trkpt lat="46.1696420" lon="13.7187700">
    <ele>382.8</ele>
   </trkpt>
   <trkpt lat="46.1696050" lon="13.7187600">
    <ele>383.8</ele>
   </trkpt>
   <trkpt lat="46.1695820" lon="13.7187550">
    <ele>384.3</ele>
   </trkpt>
   <trkpt lat="46.1695630" lon="13.7187480">
    <ele>384.8</ele>
   </trkpt>
   <trkpt lat="46.1695350" lon="13.7187450">
    <ele>385.5</ele>
   </trkpt>
   <trkpt lat="46.1694980" lon="13.7187400">
    <ele>386.4</ele>
   </trkpt>
   <trkpt lat="46.1694820" lon="13.7187420">
    <ele>386.8</ele>
   </trkpt>
   <trkpt lat="46.1694500" lon="13.7187000">
    <ele>387.8</ele>
   </trkpt>
   <trkpt lat="46.1694180" lon="13.7186620">
    <ele>388.9</ele>
   </trkpt>
   <trkpt lat="46.1693870" lon="13.7186480">
    <ele>389.7</ele>
   </trkpt>
   <trkpt lat="46.1693530" lon="13.7186220">
    <ele>390.7</ele>
   </trkpt>
   <trkpt lat="46.1693430" lon="13.7186100">
    <ele>391.0</ele>
   </trkpt>
   <trkpt lat="46.1693480" lon="13.7185980">
    <ele>391.3</ele>
   </trkpt>
   <trkpt lat="46.1693470" lon="13.7185850">
    <ele>391.5</ele>
   </trkpt>
   <trkpt lat="46.1693370" lon="13.7185750">
    <ele>391.8</ele>
   </trkpt>
   <trkpt lat="46.1693300" lon="13.7185580">
    <ele>392.2</ele>
   </trkpt>
   <trkpt lat="46.1693250" lon="13.7185550">
    <ele>392.3</ele>
   </trkpt>
   <trkpt lat="46.1693270" lon="13.7185580">
    <ele>392.4</ele>
   </trkpt>
   <trkpt lat="46.1693220" lon="13.7185630">
    <ele>392.6</ele>
   </trkpt>
   <trkpt lat="46.1693030" lon="13.7185630">
    <ele>393.1</ele>
   </trkpt>
   <trkpt lat="46.1692900" lon="13.7185570">
    <ele>393.4</ele>
   </trkpt>
   <trkpt lat="46.1692650" lon="13.7185730">
    <ele>394.1</ele>
   </trkpt>
   <trkpt lat="46.1692470" lon="13.7185820">
    <ele>394.6</ele>
   </trkpt>
   <trkpt lat="46.1692350" lon="13.7185870">
    <ele>394.9</ele>
   </trkpt>
   <trkpt lat="46.1692250" lon="13.7186050">
    <ele>395.3</ele>
   </trkpt>
   <trkpt lat="46.1692070" lon="13.7186320">
    <ele>396.0</ele>
   </trkpt>
   <trkpt lat="46.1691930" lon="13.7186370">
    <ele>396.3</ele>
   </trkpt>
   <trkpt lat="46.1691800" lon="13.7186350">
    <ele>396.6</ele>
   </trkpt>
   <trkpt lat="46.1691720" lon="13.7186330">
    <ele>396.8</ele>
   </trkpt>
   <trkpt lat="46.1691630" lon="13.7186250">
    <ele>397.1</ele>
   </trkpt>
   <trkpt lat="46.1691530" lon="13.7186320">
    <ele>397.3</ele>
   </trkpt>
   <trkpt lat="46.1691430" lon="13.7186400">
    <ele>397.6</ele>
   </trkpt>
   <trkpt lat="46.1691350" lon="13.7186480">
    <ele>397.8</ele>
   </trkpt>
   <trkpt lat="46.1691250" lon="13.7186630">
    <ele>398.1</ele>
   </trkpt>
   <trkpt lat="46.1691130" lon="13.7186750">
    <ele>398.4</ele>
   </trkpt>
   <trkpt lat="46.1691080" lon="13.7186750">
    <ele>398.6</ele>
   </trkpt>
   <trkpt lat="46.1691050" lon="13.7186750">
    <ele>398.6</ele>
   </trkpt>
   <trkpt lat="46.1690950" lon="13.7186830">
    <ele>398.9</ele>
   </trkpt>
   <trkpt lat="46.1690870" lon="13.7186920">
    <ele>399.1</ele>
   </trkpt>
   <trkpt lat="46.1690750" lon="13.7187050">
    <ele>399.4</ele>
   </trkpt>
   <trkpt lat="46.1690670" lon="13.7187130">
    <ele>399.6</ele>
   </trkpt>
   <trkpt lat="46.1690580" lon="13.7187270">
    <ele>399.9</ele>
   </trkpt>
   <trkpt lat="46.1690530" lon="13.7187370">
    <ele>400.1</ele>
   </trkpt>
   <trkpt lat="46.1690420" lon="13.7187430">
    <ele>400.4</ele>
   </trkpt>
   <trkpt lat="46.1690350" lon="13.7187520">
    <ele>400.6</ele>
   </trkpt>
   <trkpt lat="46.1690270" lon="13.7187550">
    <ele>400.8</ele>
   </trkpt>
   <trkpt lat="46.1690220" lon="13.7187570">
    <ele>400.9</ele>
   </trkpt>
   <trkpt lat="46.1690080" lon="13.7187570">
    <ele>401.2</ele>
   </trkpt>
   <trkpt lat="46.1690000" lon="13.7187600">
    <ele>401.4</ele>
   </trkpt>
   <trkpt lat="46.1689900" lon="13.7187670">
    <ele>401.6</ele>
   </trkpt>
   <trkpt lat="46.1689820" lon="13.7187720">
    <ele>401.8</ele>
   </trkpt>
   <trkpt lat="46.1689730" lon="13.7187800">
    <ele>402.1</ele>
   </trkpt>
   <trkpt lat="46.1689670" lon="13.7187870">
    <ele>402.2</ele>
   </trkpt>
   <trkpt lat="46.1689530" lon="13.7187930">
    <ele>402.5</ele>
   </trkpt>
   <trkpt lat="46.1689370" lon="13.7188030">
    <ele>402.9</ele>
   </trkpt>
   <trkpt lat="46.1689180" lon="13.7188050">
    <ele>403.3</ele>
   </trkpt>
   <trkpt lat="46.1689020" lon="13.7188080">
    <ele>403.6</ele>
   </trkpt>
   <trkpt lat="46.1688800" lon="13.7188320">
    <ele>404.1</ele>
   </trkpt>
   <trkpt lat="46.1688600" lon="13.7188580">
    <ele>404.5</ele>
   </trkpt>
   <trkpt lat="46.1688400" lon="13.7188780">
    <ele>404.9</ele>
   </trkpt>
   <trkpt lat="46.1688170" lon="13.7189070">
    <ele>405.4</ele>
   </trkpt>
   <trkpt lat="46.1687950" lon="13.7189450">
    <ele>405.9</ele>
   </trkpt>
   <trkpt lat="46.1687730" lon="13.7189850">
    <ele>406.5</ele>
   </trkpt>
   <trkpt lat="46.1687670" lon="13.7190130">
    <ele>406.8</ele>
   </trkpt>
   <trkpt lat="46.1687550" lon="13.7190500">
    <ele>407.3</ele>
   </trkpt>
   <trkpt lat="46.1687580" lon="13.7191100">
    <ele>408.0</ele>
   </trkpt>
   <trkpt lat="46.1687420" lon="13.7191600">
    <ele>408.7</ele>
   </trkpt>
   <trkpt lat="46.1687130" lon="13.7191870">
    <ele>409.2</ele>
   </trkpt>
   <trkpt lat="46.1686850" lon="13.7192130">
    <ele>409.7</ele>
   </trkpt>
   <trkpt lat="46.1686630" lon="13.7192270">
    <ele>410.0</ele>
   </trkpt>
   <trkpt lat="46.1686450" lon="13.7192330">
    <ele>410.3</ele>
   </trkpt>
   <trkpt lat="46.1686280" lon="13.7192580">
    <ele>410.5</ele>
   </trkpt>
   <trkpt lat="46.1686330" lon="13.7192530">
    <ele>410.6</ele>
   </trkpt>
   <trkpt lat="46.1686230" lon="13.7192550">
    <ele>410.7</ele>
   </trkpt>
   <trkpt lat="46.1686120" lon="13.7192470">
    <ele>410.8</ele>
   </trkpt>
   <trkpt lat="46.1685900" lon="13.7192570">
    <ele>411.0</ele>
   </trkpt>
   <trkpt lat="46.1685780" lon="13.7192650">
    <ele>411.1</ele>
   </trkpt>
   <trkpt lat="46.1685750" lon="13.7192800">
    <ele>411.2</ele>
   </trkpt>
   <trkpt lat="46.1685680" lon="13.7192920">
    <ele>411.3</ele>
   </trkpt>
   <trkpt lat="46.1685730" lon="13.7193020">
    <ele>411.4</ele>
   </trkpt>
   <trkpt lat="46.1685720" lon="13.7193100">
    <ele>411.4</ele>
   </trkpt>
   <trkpt lat="46.1685700" lon="13.7193220">
    <ele>411.5</ele>
   </trkpt>
   <trkpt lat="46.1685630" lon="13.7193320">
    <ele>411.6</ele>
   </trkpt>
   <trkpt lat="46.1685580" lon="13.7193430">
    <ele>411.6</ele>
   </trkpt>
   <trkpt lat="46.1685500" lon="13.7193600">
    <ele>411.6</ele>
   </trkpt>
   <trkpt lat="46.1685450" lon="13.7193770">
    <ele>411.5</ele>
   </trkpt>
   <trkpt lat="46.1685370" lon="13.7193970">
    <ele>411.4</ele>
   </trkpt>
   <trkpt lat="46.1685300" lon="13.7194200">
    <ele>411.3</ele>
   </trkpt>
   <trkpt lat="46.1685200" lon="13.7194430">
    <ele>411.2</ele>
   </trkpt>
   <trkpt lat="46.1685070" lon="13.7194650">
    <ele>411.1</ele>
   </trkpt>
   <trkpt lat="46.1684930" lon="13.7194930">
    <ele>410.9</ele>
   </trkpt>
   <trkpt lat="46.1684800" lon="13.7195270">
    <ele>410.7</ele>
   </trkpt>
   <trkpt lat="46.1684670" lon="13.7195530">
    <ele>410.5</ele>
   </trkpt>
   <trkpt lat="46.1684520" lon="13.7195770">
    <ele>410.4</ele>
   </trkpt>
   <trkpt lat="46.1684370" lon="13.7195980">
    <ele>410.2</ele>
   </trkpt>
   <trkpt lat="46.1684170" lon="13.7196170">
    <ele>410.1</ele>
   </trkpt>
   <trkpt lat="46.1683900" lon="13.7196300">
    <ele>409.9</ele>
   </trkpt>
   <trkpt lat="46.1683600" lon="13.7196430">
    <ele>409.7</ele>
   </trkpt>
   <trkpt lat="46.1683300" lon="13.7196550">
    <ele>409.6</ele>
   </trkpt>
   <trkpt lat="46.1683000" lon="13.7196630">
    <ele>409.4</ele>
   </trkpt>
   <trkpt lat="46.1682680" lon="13.7196680">
    <ele>409.4</ele>
   </trkpt>
   <trkpt lat="46.1682420" lon="13.7196770">
    <ele>409.3</ele>
   </trkpt>
   <trkpt lat="46.1682130" lon="13.7196920">
    <ele>409.3</ele>
   </trkpt>
   <trkpt lat="46.1681880" lon="13.7197150">
    <ele>409.2</ele>
   </trkpt>
   <trkpt lat="46.1681630" lon="13.7197450">
    <ele>409.1</ele>
   </trkpt>
   <trkpt lat="46.1681280" lon="13.7197800">
    <ele>408.9</ele>
   </trkpt>
   <trkpt lat="46.1680970" lon="13.7198200">
    <ele>408.6</ele>
   </trkpt>
   <trkpt lat="46.1680680" lon="13.7198680">
    <ele>408.3</ele>
   </trkpt>
   <trkpt lat="46.1680450" lon="13.7199200">
    <ele>408.0</ele>
   </trkpt>
   <trkpt lat="46.1680270" lon="13.7199620">
    <ele>407.8</ele>
   </trkpt>
   <trkpt lat="46.1680020" lon="13.7200000">
    <ele>407.5</ele>
   </trkpt>
   <trkpt lat="46.1679730" lon="13.7200400">
    <ele>407.3</ele>
   </trkpt>
   <trkpt lat="46.1679470" lon="13.7200780">
    <ele>407.2</ele>
   </trkpt>
   <trkpt lat="46.1679200" lon="13.7201180">
    <ele>407.1</ele>
   </trkpt>
   <trkpt lat="46.1678920" lon="13.7201650">
    <ele>407.0</ele>
   </trkpt>
   <trkpt lat="46.1678670" lon="13.7202050">
    <ele>407.0</ele>
   </trkpt>
   <trkpt lat="46.1678450" lon="13.7202350">
    <ele>407.0</ele>
   </trkpt>
   <trkpt lat="46.1678220" lon="13.7202530">
    <ele>407.0</ele>
   </trkpt>
   <trkpt lat="46.1677900" lon="13.7202870">
    <ele>407.2</ele>
   </trkpt>
   <trkpt lat="46.1677570" lon="13.7203150">
    <ele>407.4</ele>
   </trkpt>
   <trkpt lat="46.1677270" lon="13.7203450">
    <ele>407.6</ele>
   </trkpt>
   <trkpt lat="46.1676930" lon="13.7203800">
    <ele>407.9</ele>
   </trkpt>
   <trkpt lat="46.1676720" lon="13.7204020">
    <ele>408.2</ele>
   </trkpt>
   <trkpt lat="46.1676520" lon="13.7204280">
    <ele>408.5</ele>
   </trkpt>
   <trkpt lat="46.1676370" lon="13.7204480">
    <ele>408.7</ele>
   </trkpt>
   <trkpt lat="46.1676220" lon="13.7204700">
    <ele>409.0</ele>
   </trkpt>
   <trkpt lat="46.1676120" lon="13.7204870">
    <ele>409.1</ele>
   </trkpt>
   <trkpt lat="46.1675970" lon="13.7205070">
    <ele>409.4</ele>
   </trkpt>
   <trkpt lat="46.1675830" lon="13.7205280">
    <ele>409.6</ele>
   </trkpt>
   <trkpt lat="46.1675720" lon="13.7205500">
    <ele>409.9</ele>
   </trkpt>
   <trkpt lat="46.1675550" lon="13.7205670">
    <ele>410.1</ele>
   </trkpt>
   <trkpt lat="46.1675370" lon="13.7205780">
    <ele>410.4</ele>
   </trkpt>
   <trkpt lat="46.1675300" lon="13.7205850">
    <ele>410.5</ele>
   </trkpt>
   <trkpt lat="46.1675230" lon="13.7205950">
    <ele>410.7</ele>
   </trkpt>
   <trkpt lat="46.1675220" lon="13.7206120">
    <ele>410.9</ele>
   </trkpt>
   <trkpt lat="46.1675180" lon="13.7206280">
    <ele>411.1</ele>
   </trkpt>
   <trkpt lat="46.1675170" lon="13.7206480">
    <ele>411.4</ele>
   </trkpt>
   <trkpt lat="46.1675130" lon="13.7206680">
    <ele>411.6</ele>
   </trkpt>
   <trkpt lat="46.1675080" lon="13.7206870">
    <ele>411.9</ele>
   </trkpt>
   <trkpt lat="46.1675050" lon="13.7207070">
    <ele>412.1</ele>
   </trkpt>
   <trkpt lat="46.1675050" lon="13.7207270">
    <ele>412.4</ele>
   </trkpt>
   <trkpt lat="46.1675030" lon="13.7207480">
    <ele>412.7</ele>
   </trkpt>
   <trkpt lat="46.1675050" lon="13.7207730">
    <ele>413.0</ele>
   </trkpt>
   <trkpt lat="46.1675050" lon="13.7207980">
    <ele>413.3</ele>
   </trkpt>
   <trkpt lat="46.1675050" lon="13.7208250">
    <ele>413.6</ele>
   </trkpt>
   <trkpt lat="46.1675080" lon="13.7208500">
    <ele>414.0</ele>
   </trkpt>
   <trkpt lat="46.1675130" lon="13.7208750">
    <ele>414.3</ele>
   </trkpt>
   <trkpt lat="46.1675180" lon="13.7209080">
    <ele>414.8</ele>
   </trkpt>
   <trkpt lat="46.1675250" lon="13.7209380">
    <ele>415.3</ele>
   </trkpt>
   <trkpt lat="46.1675330" lon="13.7209720">
    <ele>415.8</ele>
   </trkpt>
   <trkpt lat="46.1675430" lon="13.7210050">
    <ele>416.3</ele>
   </trkpt>
   <trkpt lat="46.1675480" lon="13.7210470">
    <ele>417.4</ele>
   </trkpt>
   <trkpt lat="46.1675550" lon="13.7210820">
    <ele>418.3</ele>
   </trkpt>
   <trkpt lat="46.1675620" lon="13.7211170">
    <ele>419.3</ele>
   </trkpt>
   <trkpt lat="46.1675700" lon="13.7211500">
    <ele>420.3</ele>
   </trkpt>
   <trkpt lat="46.1675730" lon="13.7211850">
    <ele>421.2</ele>
   </trkpt>
   <trkpt lat="46.1675780" lon="13.7212170">
    <ele>422.1</ele>
   </trkpt>
   <trkpt lat="46.1675820" lon="13.7212470">
    <ele>423.0</ele>
   </trkpt>
   <trkpt lat="46.1675830" lon="13.7212750">
    <ele>423.7</ele>
   </trkpt>
   <trkpt lat="46.1675880" lon="13.7213120">
    <ele>424.7</ele>
   </trkpt>
   <trkpt lat="46.1675950" lon="13.7213500">
    <ele>425.7</ele>
   </trkpt>
   <trkpt lat="46.1676050" lon="13.7213870">
    <ele>426.7</ele>
   </trkpt>
   <trkpt lat="46.1676080" lon="13.7214250">
    <ele>427.7</ele>
   </trkpt>
   <trkpt lat="46.1676120" lon="13.7214620">
    <ele>428.7</ele>
   </trkpt>
   <trkpt lat="46.1676100" lon="13.7215000">
    <ele>429.6</ele>
   </trkpt>
   <trkpt lat="46.1676120" lon="13.7215370">
    <ele>430.6</ele>
   </trkpt>
   <trkpt lat="46.1676180" lon="13.7215750">
    <ele>430.5</ele>
   </trkpt>
   <trkpt lat="46.1676300" lon="13.7216150">
    <ele>430.1</ele>
   </trkpt>
   <trkpt lat="46.1676420" lon="13.7216530">
    <ele>429.8</ele>
   </trkpt>
   <trkpt lat="46.1676500" lon="13.7216950">
    <ele>429.9</ele>
   </trkpt>
   <trkpt lat="46.1676550" lon="13.7217370">
    <ele>429.7</ele>
   </trkpt>
   <trkpt lat="46.1676530" lon="13.7217730">
    <ele>429.6</ele>
   </trkpt>
   <trkpt lat="46.1676520" lon="13.7218070">
    <ele>429.4</ele>
   </trkpt>
   <trkpt lat="46.1676570" lon="13.7218420">
    <ele>429.3</ele>
   </trkpt>
   <trkpt lat="46.1676580" lon="13.7218820">
    <ele>429.1</ele>
   </trkpt>
   <trkpt lat="46.1676580" lon="13.7219230">
    <ele>428.5</ele>
   </trkpt>
   <trkpt lat="46.1676620" lon="13.7219680">
    <ele>428.5</ele>
   </trkpt>
   <trkpt lat="46.1676630" lon="13.7220130">
    <ele>427.8</ele>
   </trkpt>
   <trkpt lat="46.1676550" lon="13.7220500">
    <ele>427.2</ele>
   </trkpt>
   <trkpt lat="46.1676450" lon="13.7220870">
    <ele>426.3</ele>
   </trkpt>
   <trkpt lat="46.1676400" lon="13.7221170">
    <ele>425.3</ele>
   </trkpt>
   <trkpt lat="46.1676330" lon="13.7221480">
    <ele>424.2</ele>
   </trkpt>
   <trkpt lat="46.1676280" lon="13.7221800">
    <ele>423.6</ele>
   </trkpt>
   <trkpt lat="46.1676250" lon="13.7222070">
    <ele>422.4</ele>
   </trkpt>
   <trkpt lat="46.1676200" lon="13.7222350">
    <ele>421.0</ele>
   </trkpt>
   <trkpt lat="46.1676130" lon="13.7222770">
    <ele>419.7</ele>
   </trkpt>
   <trkpt lat="46.1676050" lon="13.7223230">
    <ele>418.4</ele>
   </trkpt>
   <trkpt lat="46.1675950" lon="13.7223800">
    <ele>417.1</ele>
   </trkpt>
   <trkpt lat="46.1675900" lon="13.7224370">
    <ele>415.9</ele>
   </trkpt>
   <trkpt lat="46.1675900" lon="13.7224930">
    <ele>414.4</ele>
   </trkpt>
   <trkpt lat="46.1675930" lon="13.7225450">
    <ele>413.4</ele>
   </trkpt>
   <trkpt lat="46.1675970" lon="13.7226000">
    <ele>412.4</ele>
   </trkpt>
   <trkpt lat="46.1675930" lon="13.7226570">
    <ele>411.2</ele>
   </trkpt>
   <trkpt lat="46.1675980" lon="13.7227150">
    <ele>410.2</ele>
   </trkpt>
   <trkpt lat="46.1676170" lon="13.7227500">
    <ele>409.1</ele>
   </trkpt>
   <trkpt lat="46.1676450" lon="13.7227730">
    <ele>409.6</ele>
   </trkpt>
   <trkpt lat="46.1676670" lon="13.7227850">
    <ele>409.9</ele>
   </trkpt>
   <trkpt lat="46.1676850" lon="13.7227930">
    <ele>410.1</ele>
   </trkpt>
   <trkpt lat="46.1676950" lon="13.7228070">
    <ele>410.3</ele>
   </trkpt>
   <trkpt lat="46.1677080" lon="13.7228320">
    <ele>410.5</ele>
   </trkpt>
   <trkpt lat="46.1677220" lon="13.7228630">
    <ele>410.8</ele>
   </trkpt>
   <trkpt lat="46.1677370" lon="13.7228970">
    <ele>411.1</ele>
   </trkpt>
   <trkpt lat="46.1677400" lon="13.7229320">
    <ele>411.3</ele>
   </trkpt>
   <trkpt lat="46.1677450" lon="13.7229680">
    <ele>411.6</ele>
   </trkpt>
   <trkpt lat="46.1677470" lon="13.7230080">
    <ele>411.9</ele>
   </trkpt>
   <trkpt lat="46.1677480" lon="13.7230480">
    <ele>412.2</ele>
   </trkpt>
   <trkpt lat="46.1677500" lon="13.7230870">
    <ele>412.5</ele>
   </trkpt>
   <trkpt lat="46.1677530" lon="13.7231300">
    <ele>412.9</ele>
   </trkpt>
   <trkpt lat="46.1677700" lon="13.7231720">
    <ele>413.2</ele>
   </trkpt>
   <trkpt lat="46.1677800" lon="13.7232050">
    <ele>413.5</ele>
   </trkpt>
   <trkpt lat="46.1677880" lon="13.7232450">
    <ele>413.6</ele>
   </trkpt>
   <trkpt lat="46.1677870" lon="13.7232800">
    <ele>413.7</ele>
   </trkpt>
   <trkpt lat="46.1677870" lon="13.7233150">
    <ele>413.7</ele>
   </trkpt>
   <trkpt lat="46.1677850" lon="13.7233500">
    <ele>413.6</ele>
   </trkpt>
   <trkpt lat="46.1677780" lon="13.7233830">
    <ele>413.4</ele>
   </trkpt>
   <trkpt lat="46.1677750" lon="13.7234300">
    <ele>413.0</ele>
   </trkpt>
   <trkpt lat="46.1677730" lon="13.7234730">
    <ele>412.6</ele>
   </trkpt>
   <trkpt lat="46.1677650" lon="13.7235230">
    <ele>412.1</ele>
   </trkpt>
   <trkpt lat="46.1677570" lon="13.7235850">
    <ele>411.4</ele>
   </trkpt>
   <trkpt lat="46.1677450" lon="13.7236470">
    <ele>410.7</ele>
   </trkpt>
   <trkpt lat="46.1677320" lon="13.7237130">
    <ele>410.1</ele>
   </trkpt>
   <trkpt lat="46.1677250" lon="13.7237750">
    <ele>409.6</ele>
   </trkpt>
   <trkpt lat="46.1677330" lon="13.7238220">
    <ele>409.4</ele>
   </trkpt>
   <trkpt lat="46.1677430" lon="13.7238600">
    <ele>409.2</ele>
   </trkpt>
   <trkpt lat="46.1677600" lon="13.7238950">
    <ele>409.1</ele>
   </trkpt>
   <trkpt lat="46.1677720" lon="13.7239230">
    <ele>409.0</ele>
   </trkpt>
   <trkpt lat="46.1677830" lon="13.7239470">
    <ele>408.9</ele>
   </trkpt>
   <trkpt lat="46.1678000" lon="13.7239700">
    <ele>408.8</ele>
   </trkpt>
   <trkpt lat="46.1678180" lon="13.7239850">
    <ele>408.8</ele>
   </trkpt>
   <trkpt lat="46.1678400" lon="13.7239950">
    <ele>408.7</ele>
   </trkpt>
   <trkpt lat="46.1678630" lon="13.7240070">
    <ele>408.7</ele>
   </trkpt>
   <trkpt lat="46.1678900" lon="13.7240200">
    <ele>408.6</ele>
   </trkpt>
   <trkpt lat="46.1679120" lon="13.7240230">
    <ele>408.6</ele>
   </trkpt>
   <trkpt lat="46.1679330" lon="13.7240030">
    <ele>408.5</ele>
   </trkpt>
   <trkpt lat="46.1679530" lon="13.7239840">
    <ele>408.5</ele>
   </trkpt>
   <trkpt lat="46.1679750" lon="13.7239630">
    <ele>408.4</ele>
   </trkpt>
   <trkpt lat="46.1680160" lon="13.7239250">
    <ele>408.4</ele>
   </trkpt>
   <trkpt lat="46.1680160" lon="13.7239250">
    <ele>408.4</ele>
   </trkpt>
   <trkpt lat="46.1680160" lon="13.7239250">
    <ele>408.4</ele>
   </trkpt>
   <trkpt lat="46.1680160" lon="13.7239250">
    <ele>408.4</ele>
   </trkpt>
   <trkpt lat="46.1680420" lon="13.7239000">
    <ele>408.4</ele>
   </trkpt>
   <trkpt lat="46.1680700" lon="13.7238730">
    <ele>408.4</ele>
   </trkpt>
   <trkpt lat="46.1680990" lon="13.7238460">
    <ele>408.4</ele>
   </trkpt>
   <trkpt lat="46.1681270" lon="13.7238200">
    <ele>408.4</ele>
   </trkpt>
   <trkpt lat="46.1681550" lon="13.7237930">
    <ele>408.6</ele>
   </trkpt>
   <trkpt lat="46.1681830" lon="13.7237670">
    <ele>408.7</ele>
   </trkpt>
   <trkpt lat="46.1682100" lon="13.7237410">
    <ele>408.9</ele>
   </trkpt>
   <trkpt lat="46.1682460" lon="13.7237070">
    <ele>409.2</ele>
   </trkpt>
   <trkpt lat="46.1682770" lon="13.7236780">
    <ele>409.5</ele>
   </trkpt>
   <trkpt lat="46.1683080" lon="13.7236490">
    <ele>409.8</ele>
   </trkpt>
   <trkpt lat="46.1683400" lon="13.7236180">
    <ele>410.2</ele>
   </trkpt>
   <trkpt lat="46.1683870" lon="13.7237550">
    <ele>411.0</ele>
   </trkpt>
   <trkpt lat="46.1684130" lon="13.7237760">
    <ele>410.4</ele>
   </trkpt>
   <trkpt lat="46.1684390" lon="13.7237960">
    <ele>409.9</ele>
   </trkpt>
   <trkpt lat="46.1684650" lon="13.7238170">
    <ele>409.3</ele>
   </trkpt>
   <trkpt lat="46.1685030" lon="13.7238500">
    <ele>408.4</ele>
   </trkpt>
   <trkpt lat="46.1685520" lon="13.7238920">
    <ele>407.3</ele>
   </trkpt>
   <trkpt lat="46.1685800" lon="13.7239330">
    <ele>406.6</ele>
   </trkpt>
   <trkpt lat="46.1686050" lon="13.7239820">
    <ele>405.8</ele>
   </trkpt>
   <trkpt lat="46.1686320" lon="13.7240270">
    <ele>405.1</ele>
   </trkpt>
   <trkpt lat="46.1686530" lon="13.7240680">
    <ele>404.4</ele>
   </trkpt>
   <trkpt lat="46.1686800" lon="13.7241000">
    <ele>403.7</ele>
   </trkpt>
   <trkpt lat="46.1687120" lon="13.7241220">
    <ele>402.9</ele>
   </trkpt>
   <trkpt lat="46.1687480" lon="13.7241320">
    <ele>402.1</ele>
   </trkpt>
   <trkpt lat="46.1687820" lon="13.7241370">
    <ele>401.4</ele>
   </trkpt>
   <trkpt lat="46.1688120" lon="13.7241430">
    <ele>400.7</ele>
   </trkpt>
   <trkpt lat="46.1688330" lon="13.7241480">
    <ele>400.2</ele>
   </trkpt>
   <trkpt lat="46.1688570" lon="13.7241500">
    <ele>399.6</ele>
   </trkpt>
   <trkpt lat="46.1688820" lon="13.7241430">
    <ele>399.0</ele>
   </trkpt>
   <trkpt lat="46.1689000" lon="13.7241270">
    <ele>398.5</ele>
   </trkpt>
   <trkpt lat="46.1689250" lon="13.7241080">
    <ele>397.8</ele>
   </trkpt>
   <trkpt lat="46.1689430" lon="13.7240870">
    <ele>397.3</ele>
   </trkpt>
   <trkpt lat="46.1689650" lon="13.7240520">
    <ele>398.3</ele>
   </trkpt>
   <trkpt lat="46.1689930" lon="13.7240180">
    <ele>399.2</ele>
   </trkpt>
   <trkpt lat="46.1690250" lon="13.7239800">
    <ele>400.0</ele>
   </trkpt>
   <trkpt lat="46.1690530" lon="13.7239450">
    <ele>400.1</ele>
   </trkpt>
   <trkpt lat="46.1690800" lon="13.7239070">
    <ele>400.8</ele>
   </trkpt>
   <trkpt lat="46.1691070" lon="13.7238720">
    <ele>401.5</ele>
   </trkpt>
   <trkpt lat="46.1691300" lon="13.7238330">
    <ele>402.2</ele>
   </trkpt>
   <trkpt lat="46.1691530" lon="13.7238000">
    <ele>402.9</ele>
   </trkpt>
   <trkpt lat="46.1691750" lon="13.7237800">
    <ele>403.0</ele>
   </trkpt>
   <trkpt lat="46.1691950" lon="13.7237670">
    <ele>403.7</ele>
   </trkpt>
   <trkpt lat="46.1692150" lon="13.7237550">
    <ele>403.8</ele>
   </trkpt>
   <trkpt lat="46.1692330" lon="13.7237380">
    <ele>404.0</ele>
   </trkpt>
   <trkpt lat="46.1692500" lon="13.7237230">
    <ele>404.7</ele>
   </trkpt>
   <trkpt lat="46.1692670" lon="13.7237120">
    <ele>404.8</ele>
   </trkpt>
   <trkpt lat="46.1692820" lon="13.7236970">
    <ele>405.0</ele>
   </trkpt>
   <trkpt lat="46.1692930" lon="13.7236850">
    <ele>405.1</ele>
   </trkpt>
   <trkpt lat="46.1693070" lon="13.7236780">
    <ele>405.8</ele>
   </trkpt>
   <trkpt lat="46.1693230" lon="13.7236730">
    <ele>405.9</ele>
   </trkpt>
   <trkpt lat="46.1693470" lon="13.7236730">
    <ele>406.1</ele>
   </trkpt>
   <trkpt lat="46.1693670" lon="13.7236800">
    <ele>406.2</ele>
   </trkpt>
   <trkpt lat="46.1693850" lon="13.7236950">
    <ele>405.9</ele>
   </trkpt>
   <trkpt lat="46.1694050" lon="13.7237080">
    <ele>406.0</ele>
   </trkpt>
   <trkpt lat="46.1694270" lon="13.7237230">
    <ele>406.2</ele>
   </trkpt>
   <trkpt lat="46.1694470" lon="13.7237380">
    <ele>405.9</ele>
   </trkpt>
   <trkpt lat="46.1694670" lon="13.7237480">
    <ele>406.0</ele>
   </trkpt>
   <trkpt lat="46.1694870" lon="13.7237530">
    <ele>406.2</ele>
   </trkpt>
   <trkpt lat="46.1695080" lon="13.7237600">
    <ele>406.3</ele>
   </trkpt>
   <trkpt lat="46.1695270" lon="13.7237700">
    <ele>406.0</ele>
   </trkpt>
   <trkpt lat="46.1695420" lon="13.7237820">
    <ele>406.2</ele>
   </trkpt>
   <trkpt lat="46.1695600" lon="13.7237900">
    <ele>406.3</ele>
   </trkpt>
   <trkpt lat="46.1695770" lon="13.7237980">
    <ele>406.5</ele>
   </trkpt>
   <trkpt lat="46.1695880" lon="13.7238130">
    <ele>406.2</ele>
   </trkpt>
   <trkpt lat="46.1695970" lon="13.7238330">
    <ele>406.0</ele>
   </trkpt>
   <trkpt lat="46.1696080" lon="13.7238620">
    <ele>405.7</ele>
   </trkpt>
   <trkpt lat="46.1696250" lon="13.7238930">
    <ele>405.3</ele>
   </trkpt>
   <trkpt lat="46.1696450" lon="13.7239230">
    <ele>405.0</ele>
   </trkpt>
   <trkpt lat="46.1696620" lon="13.7239520">
    <ele>404.6</ele>
   </trkpt>
   <trkpt lat="46.1696770" lon="13.7239820">
    <ele>404.3</ele>
   </trkpt>
   <trkpt lat="46.1696930" lon="13.7240080">
    <ele>404.1</ele>
   </trkpt>
   <trkpt lat="46.1697150" lon="13.7240270">
    <ele>403.8</ele>
   </trkpt>
   <trkpt lat="46.1697470" lon="13.7240430">
    <ele>403.4</ele>
   </trkpt>
   <trkpt lat="46.1697830" lon="13.7240580">
    <ele>403.0</ele>
   </trkpt>
   <trkpt lat="46.1698180" lon="13.7240680">
    <ele>402.7</ele>
   </trkpt>
   <trkpt lat="46.1698500" lon="13.7240730">
    <ele>402.3</ele>
   </trkpt>
   <trkpt lat="46.1698780" lon="13.7240730">
    <ele>402.0</ele>
   </trkpt>
   <trkpt lat="46.1699170" lon="13.7240730">
    <ele>401.5</ele>
   </trkpt>
   <trkpt lat="46.1699570" lon="13.7240780">
    <ele>400.8</ele>
   </trkpt>
   <trkpt lat="46.1699950" lon="13.7240850">
    <ele>400.2</ele>
   </trkpt>
   <trkpt lat="46.1700400" lon="13.7240970">
    <ele>399.3</ele>
   </trkpt>
   <trkpt lat="46.1700850" lon="13.7241100">
    <ele>398.4</ele>
   </trkpt>
   <trkpt lat="46.1701250" lon="13.7241180">
    <ele>397.6</ele>
   </trkpt>
   <trkpt lat="46.1701680" lon="13.7241180">
    <ele>396.7</ele>
   </trkpt>
   <trkpt lat="46.1702050" lon="13.7241130">
    <ele>395.9</ele>
   </trkpt>
   <trkpt lat="46.1702400" lon="13.7240980">
    <ele>395.1</ele>
   </trkpt>
   <trkpt lat="46.1702700" lon="13.7240780">
    <ele>394.4</ele>
   </trkpt>
   <trkpt lat="46.1702920" lon="13.7240580">
    <ele>393.8</ele>
   </trkpt>
   <trkpt lat="46.1703130" lon="13.7240320">
    <ele>393.2</ele>
   </trkpt>
   <trkpt lat="46.1703320" lon="13.7240080">
    <ele>393.2</ele>
   </trkpt>
   <trkpt lat="46.1703520" lon="13.7239900">
    <ele>393.3</ele>
   </trkpt>
   <trkpt lat="46.1703750" lon="13.7239800">
    <ele>393.5</ele>
   </trkpt>
   <trkpt lat="46.1704000" lon="13.7239820">
    <ele>393.6</ele>
   </trkpt>
   <trkpt lat="46.1704220" lon="13.7239900">
    <ele>393.8</ele>
   </trkpt>
   <trkpt lat="46.1704430" lon="13.7240000">
    <ele>393.9</ele>
   </trkpt>
   <trkpt lat="46.1704580" lon="13.7240120">
    <ele>394.0</ele>
   </trkpt>
   <trkpt lat="46.1704730" lon="13.7240250">
    <ele>394.2</ele>
   </trkpt>
   <trkpt lat="46.1704880" lon="13.7240370">
    <ele>394.4</ele>
   </trkpt>
   <trkpt lat="46.1705020" lon="13.7240470">
    <ele>394.5</ele>
   </trkpt>
   <trkpt lat="46.1705200" lon="13.7240580">
    <ele>394.7</ele>
   </trkpt>
   <trkpt lat="46.1705400" lon="13.7240680">
    <ele>395.0</ele>
   </trkpt>
   <trkpt lat="46.1705630" lon="13.7240830">
    <ele>395.4</ele>
   </trkpt>
   <trkpt lat="46.1705880" lon="13.7241020">
    <ele>395.9</ele>
   </trkpt>
   <trkpt lat="46.1706220" lon="13.7241270">
    <ele>396.5</ele>
   </trkpt>
   <trkpt lat="46.1706580" lon="13.7241570">
    <ele>397.0</ele>
   </trkpt>
   <trkpt lat="46.1707020" lon="13.7241920">
    <ele>397.4</ele>
   </trkpt>
   <trkpt lat="46.1707530" lon="13.7242350">
    <ele>397.6</ele>
   </trkpt>
   <trkpt lat="46.1708020" lon="13.7243000">
    <ele>397.7</ele>
   </trkpt>
   <trkpt lat="46.1708300" lon="13.7243880">
    <ele>398.3</ele>
   </trkpt>
   <trkpt lat="46.1708680" lon="13.7244700">
    <ele>399.0</ele>
   </trkpt>
   <trkpt lat="46.1709180" lon="13.7245270">
    <ele>400.0</ele>
   </trkpt>
   <trkpt lat="46.1709600" lon="13.7245670">
    <ele>400.9</ele>
   </trkpt>
   <trkpt lat="46.1709920" lon="13.7246070">
    <ele>401.7</ele>
   </trkpt>
   <trkpt lat="46.1709820" lon="13.7246450">
    <ele>402.3</ele>
   </trkpt>
   <trkpt lat="46.1709730" lon="13.7246730">
    <ele>402.7</ele>
   </trkpt>
   <trkpt lat="46.1709620" lon="13.7246970">
    <ele>403.2</ele>
   </trkpt>
   <trkpt lat="46.1709480" lon="13.7247100">
    <ele>403.6</ele>
   </trkpt>
   <trkpt lat="46.1709420" lon="13.7247230">
    <ele>403.8</ele>
   </trkpt>
   <trkpt lat="46.1709300" lon="13.7247330">
    <ele>404.1</ele>
   </trkpt>
   <trkpt lat="46.1709270" lon="13.7247400">
    <ele>404.3</ele>
   </trkpt>
   <trkpt lat="46.1709170" lon="13.7247620">
    <ele>404.7</ele>
   </trkpt>
   <trkpt lat="46.1709180" lon="13.7247920">
    <ele>405.2</ele>
   </trkpt>
   <trkpt lat="46.1709200" lon="13.7248220">
    <ele>405.7</ele>
   </trkpt>
   <trkpt lat="46.1709170" lon="13.7248470">
    <ele>406.1</ele>
   </trkpt>
   <trkpt lat="46.1709000" lon="13.7248620">
    <ele>406.6</ele>
   </trkpt>
   <trkpt lat="46.1708880" lon="13.7248780">
    <ele>406.9</ele>
   </trkpt>
   <trkpt lat="46.1708770" lon="13.7248980">
    <ele>407.4</ele>
   </trkpt>
   <trkpt lat="46.1708650" lon="13.7249120">
    <ele>407.7</ele>
   </trkpt>
   <trkpt lat="46.1708530" lon="13.7249220">
    <ele>408.1</ele>
   </trkpt>
   <trkpt lat="46.1708450" lon="13.7249280">
    <ele>408.3</ele>
   </trkpt>
   <trkpt lat="46.1708430" lon="13.7249320">
    <ele>408.4</ele>
   </trkpt>
   <trkpt lat="46.1708430" lon="13.7249370">
    <ele>408.4</ele>
   </trkpt>
   <trkpt lat="46.1708430" lon="13.7249470">
    <ele>408.6</ele>
   </trkpt>
   <trkpt lat="46.1708430" lon="13.7249620">
    <ele>408.8</ele>
   </trkpt>
   <trkpt lat="46.1708430" lon="13.7249770">
    <ele>409.1</ele>
   </trkpt>
   <trkpt lat="46.1708430" lon="13.7249930">
    <ele>409.3</ele>
   </trkpt>
   <trkpt lat="46.1708430" lon="13.7250100">
    <ele>409.6</ele>
   </trkpt>
   <trkpt lat="46.1708430" lon="13.7250270">
    <ele>409.8</ele>
   </trkpt>
   <trkpt lat="46.1708400" lon="13.7250400">
    <ele>410.0</ele>
   </trkpt>
   <trkpt lat="46.1708370" lon="13.7250520">
    <ele>410.2</ele>
   </trkpt>
   <trkpt lat="46.1708300" lon="13.7250680">
    <ele>410.5</ele>
   </trkpt>
   <trkpt lat="46.1708280" lon="13.7250920">
    <ele>410.8</ele>
   </trkpt>
   <trkpt lat="46.1708300" lon="13.7251150">
    <ele>411.1</ele>
   </trkpt>
   <trkpt lat="46.1708370" lon="13.7251370">
    <ele>411.4</ele>
   </trkpt>
   <trkpt lat="46.1708420" lon="13.7251580">
    <ele>411.7</ele>
   </trkpt>
   <trkpt lat="46.1708470" lon="13.7251720">
    <ele>411.8</ele>
   </trkpt>
   <trkpt lat="46.1708480" lon="13.7251900">
    <ele>412.1</ele>
   </trkpt>
   <trkpt lat="46.1708520" lon="13.7252120">
    <ele>412.3</ele>
   </trkpt>
   <trkpt lat="46.1708500" lon="13.7252320">
    <ele>412.6</ele>
   </trkpt>
   <trkpt lat="46.1708470" lon="13.7252520">
    <ele>412.8</ele>
   </trkpt>
   <trkpt lat="46.1708430" lon="13.7252680">
    <ele>413.0</ele>
   </trkpt>
   <trkpt lat="46.1708430" lon="13.7252870">
    <ele>413.2</ele>
   </trkpt>
   <trkpt lat="46.1708420" lon="13.7253080">
    <ele>413.5</ele>
   </trkpt>
   <trkpt lat="46.1708370" lon="13.7253300">
    <ele>413.7</ele>
   </trkpt>
   <trkpt lat="46.1708330" lon="13.7253500">
    <ele>413.9</ele>
   </trkpt>
   <trkpt lat="46.1708280" lon="13.7253700">
    <ele>414.2</ele>
   </trkpt>
   <trkpt lat="46.1708230" lon="13.7253920">
    <ele>414.4</ele>
   </trkpt>
   <trkpt lat="46.1708250" lon="13.7254070">
    <ele>414.6</ele>
   </trkpt>
   <trkpt lat="46.1708320" lon="13.7254220">
    <ele>414.8</ele>
   </trkpt>
   <trkpt lat="46.1708400" lon="13.7254450">
    <ele>415.1</ele>
   </trkpt>
   <trkpt lat="46.1708470" lon="13.7254650">
    <ele>415.3</ele>
   </trkpt>
   <trkpt lat="46.1708520" lon="13.7254880">
    <ele>415.6</ele>
   </trkpt>
   <trkpt lat="46.1708550" lon="13.7255150">
    <ele>415.9</ele>
   </trkpt>
   <trkpt lat="46.1708520" lon="13.7255350">
    <ele>416.2</ele>
   </trkpt>
   <trkpt lat="46.1708480" lon="13.7255500">
    <ele>416.3</ele>
   </trkpt>
   <trkpt lat="46.1708420" lon="13.7255620">
    <ele>416.5</ele>
   </trkpt>
   <trkpt lat="46.1708370" lon="13.7255770">
    <ele>416.7</ele>
   </trkpt>
   <trkpt lat="46.1708320" lon="13.7255950">
    <ele>416.9</ele>
   </trkpt>
   <trkpt lat="46.1708320" lon="13.7256130">
    <ele>417.1</ele>
   </trkpt>
   <trkpt lat="46.1708330" lon="13.7256350">
    <ele>417.4</ele>
   </trkpt>
   <trkpt lat="46.1708370" lon="13.7256480">
    <ele>417.5</ele>
   </trkpt>
   <trkpt lat="46.1708330" lon="13.7256680">
    <ele>417.8</ele>
   </trkpt>
   <trkpt lat="46.1708280" lon="13.7256980">
    <ele>418.1</ele>
   </trkpt>
   <trkpt lat="46.1708270" lon="13.7257230">
    <ele>418.4</ele>
   </trkpt>
   <trkpt lat="46.1708270" lon="13.7257570">
    <ele>418.8</ele>
   </trkpt>
   <trkpt lat="46.1708230" lon="13.7257870">
    <ele>419.1</ele>
   </trkpt>
   <trkpt lat="46.1708250" lon="13.7258080">
    <ele>419.4</ele>
   </trkpt>
   <trkpt lat="46.1708350" lon="13.7258250">
    <ele>419.6</ele>
   </trkpt>
   <trkpt lat="46.1708480" lon="13.7258350">
    <ele>419.9</ele>
   </trkpt>
   <trkpt lat="46.1708580" lon="13.7258680">
    <ele>420.3</ele>
   </trkpt>
   <trkpt lat="46.1708570" lon="13.7259150">
    <ele>420.8</ele>
   </trkpt>
   <trkpt lat="46.1708370" lon="13.7259830">
    <ele>421.7</ele>
   </trkpt>
   <trkpt lat="46.1708100" lon="13.7260430">
    <ele>422.5</ele>
   </trkpt>
   <trkpt lat="46.1707920" lon="13.7260850">
    <ele>423.1</ele>
   </trkpt>
   <trkpt lat="46.1707920" lon="13.7261120">
    <ele>423.4</ele>
   </trkpt>
   <trkpt lat="46.1707850" lon="13.7261450">
    <ele>423.8</ele>
   </trkpt>
   <trkpt lat="46.1707830" lon="13.7262000">
    <ele>424.5</ele>
   </trkpt>
   <trkpt lat="46.1707620" lon="13.7262420">
    <ele>425.1</ele>
   </trkpt>
   <trkpt lat="46.1707530" lon="13.7262730">
    <ele>425.6</ele>
   </trkpt>
   <trkpt lat="46.1707620" lon="13.7262820">
    <ele>425.7</ele>
   </trkpt>
   <trkpt lat="46.1707670" lon="13.7263330">
    <ele>426.4</ele>
   </trkpt>
   <trkpt lat="46.1707550" lon="13.7263680">
    <ele>426.9</ele>
   </trkpt>
   <trkpt lat="46.1707520" lon="13.7264020">
    <ele>427.3</ele>
   </trkpt>
   <trkpt lat="46.1707580" lon="13.7263730">
    <ele>427.7</ele>
   </trkpt>
   <trkpt lat="46.1707600" lon="13.7263850">
    <ele>427.8</ele>
   </trkpt>
   <trkpt lat="46.1707820" lon="13.7263780">
    <ele>428.2</ele>
   </trkpt>
   <trkpt lat="46.1708000" lon="13.7263820">
    <ele>428.6</ele>
   </trkpt>
   <trkpt lat="46.1708130" lon="13.7263800">
    <ele>428.8</ele>
   </trkpt>
   <trkpt lat="46.1708070" lon="13.7263800">
    <ele>428.9</ele>
   </trkpt>
   <trkpt lat="46.1707930" lon="13.7263930">
    <ele>429.3</ele>
   </trkpt>
   <trkpt lat="46.1707830" lon="13.7263970">
    <ele>429.5</ele>
   </trkpt>
   <trkpt lat="46.1707780" lon="13.7264020">
    <ele>429.6</ele>
   </trkpt>
   <trkpt lat="46.1707680" lon="13.7264080">
    <ele>429.8</ele>
   </trkpt>
   <trkpt lat="46.1707520" lon="13.7264350">
    <ele>430.2</ele>
   </trkpt>
   <trkpt lat="46.1707400" lon="13.7264600">
    <ele>430.7</ele>
   </trkpt>
   <trkpt lat="46.1707250" lon="13.7264830">
    <ele>431.1</ele>
   </trkpt>
   <trkpt lat="46.1707170" lon="13.7265000">
    <ele>431.4</ele>
   </trkpt>
   <trkpt lat="46.1707200" lon="13.7265150">
    <ele>431.7</ele>
   </trkpt>
   <trkpt lat="46.1707280" lon="13.7265280">
    <ele>431.9</ele>
   </trkpt>
   <trkpt lat="46.1707320" lon="13.7265470">
    <ele>432.2</ele>
   </trkpt>
   <trkpt lat="46.1707320" lon="13.7265700">
    <ele>432.5</ele>
   </trkpt>
   <trkpt lat="46.1707300" lon="13.7265880">
    <ele>432.8</ele>
   </trkpt>
   <trkpt lat="46.1707300" lon="13.7266000">
    <ele>433.0</ele>
   </trkpt>
   <trkpt lat="46.1707280" lon="13.7266080">
    <ele>433.2</ele>
   </trkpt>
   <trkpt lat="46.1707280" lon="13.7266120">
    <ele>433.2</ele>
   </trkpt>
   <trkpt lat="46.1707270" lon="13.7266180">
    <ele>433.3</ele>
   </trkpt>
   <trkpt lat="46.1707220" lon="13.7266330">
    <ele>433.6</ele>
   </trkpt>
   <trkpt lat="46.1707180" lon="13.7266480">
    <ele>433.8</ele>
   </trkpt>
   <trkpt lat="46.1707130" lon="13.7266620">
    <ele>434.1</ele>
   </trkpt>
   <trkpt lat="46.1707120" lon="13.7266630">
    <ele>434.1</ele>
   </trkpt>
   <trkpt lat="46.1707130" lon="13.7266680">
    <ele>434.2</ele>
   </trkpt>
   <trkpt lat="46.1707150" lon="13.7266750">
    <ele>434.3</ele>
   </trkpt>
   <trkpt lat="46.1707220" lon="13.7266820">
    <ele>434.5</ele>
   </trkpt>
   <trkpt lat="46.1707280" lon="13.7266900">
    <ele>434.7</ele>
   </trkpt>
   <trkpt lat="46.1707330" lon="13.7266950">
    <ele>434.8</ele>
   </trkpt>
   <trkpt lat="46.1707350" lon="13.7267000">
    <ele>434.9</ele>
   </trkpt>
   <trkpt lat="46.1707400" lon="13.7267080">
    <ele>435.1</ele>
   </trkpt>
   <trkpt lat="46.1707450" lon="13.7267220">
    <ele>435.4</ele>
   </trkpt>
   <trkpt lat="46.1707500" lon="13.7267370">
    <ele>435.6</ele>
   </trkpt>
   <trkpt lat="46.1707580" lon="13.7267480">
    <ele>435.9</ele>
   </trkpt>
   <trkpt lat="46.1707630" lon="13.7267570">
    <ele>436.1</ele>
   </trkpt>
   <trkpt lat="46.1707650" lon="13.7267670">
    <ele>436.3</ele>
   </trkpt>
   <trkpt lat="46.1707670" lon="13.7267780">
    <ele>436.5</ele>
   </trkpt>
   <trkpt lat="46.1707670" lon="13.7267900">
    <ele>436.7</ele>
   </trkpt>
   <trkpt lat="46.1707750" lon="13.7268020">
    <ele>436.9</ele>
   </trkpt>
   <trkpt lat="46.1707800" lon="13.7268070">
    <ele>437.1</ele>
   </trkpt>
   <trkpt lat="46.1707930" lon="13.7268130">
    <ele>437.4</ele>
   </trkpt>
   <trkpt lat="46.1708000" lon="13.7268220">
    <ele>437.6</ele>
   </trkpt>
   <trkpt lat="46.1708030" lon="13.7268280">
    <ele>437.8</ele>
   </trkpt>
   <trkpt lat="46.1708020" lon="13.7268380">
    <ele>437.9</ele>
   </trkpt>
   <trkpt lat="46.1708020" lon="13.7268500">
    <ele>438.1</ele>
   </trkpt>
   <trkpt lat="46.1708050" lon="13.7268600">
    <ele>438.3</ele>
   </trkpt>
   <trkpt lat="46.1708150" lon="13.7268770">
    <ele>438.7</ele>
   </trkpt>
   <trkpt lat="46.1708180" lon="13.7268930">
    <ele>439.0</ele>
   </trkpt>
   <trkpt lat="46.1708250" lon="13.7269050">
    <ele>439.3</ele>
   </trkpt>
   <trkpt lat="46.1708250" lon="13.7269080">
    <ele>439.3</ele>
   </trkpt>
   <trkpt lat="46.1708330" lon="13.7269300">
    <ele>439.8</ele>
   </trkpt>
   <trkpt lat="46.1708380" lon="13.7269600">
    <ele>440.4</ele>
   </trkpt>
   <trkpt lat="46.1708400" lon="13.7269870">
    <ele>440.9</ele>
   </trkpt>
   <trkpt lat="46.1708400" lon="13.7270130">
    <ele>441.3</ele>
   </trkpt>
   <trkpt lat="46.1708370" lon="13.7270380">
    <ele>441.8</ele>
   </trkpt>
   <trkpt lat="46.1708300" lon="13.7270630">
    <ele>442.3</ele>
   </trkpt>
   <trkpt lat="46.1708220" lon="13.7270920">
    <ele>442.8</ele>
   </trkpt>
   <trkpt lat="46.1708180" lon="13.7271170">
    <ele>443.3</ele>
   </trkpt>
   <trkpt lat="46.1708150" lon="13.7271350">
    <ele>443.6</ele>
   </trkpt>
   <trkpt lat="46.1708100" lon="13.7271500">
    <ele>444.0</ele>
   </trkpt>
   <trkpt lat="46.1708070" lon="13.7271630">
    <ele>444.2</ele>
   </trkpt>
   <trkpt lat="46.1708020" lon="13.7271730">
    <ele>444.4</ele>
   </trkpt>
   <trkpt lat="46.1707970" lon="13.7271850">
    <ele>444.7</ele>
   </trkpt>
   <trkpt lat="46.1707930" lon="13.7271880">
    <ele>444.8</ele>
   </trkpt>
   <trkpt lat="46.1707900" lon="13.7271900">
    <ele>444.9</ele>
   </trkpt>
   <trkpt lat="46.1707870" lon="13.7271880">
    <ele>445.0</ele>
   </trkpt>
   <trkpt lat="46.1707780" lon="13.7271950">
    <ele>445.2</ele>
   </trkpt>
   <trkpt lat="46.1707680" lon="13.7272020">
    <ele>445.5</ele>
   </trkpt>
   <trkpt lat="46.1707580" lon="13.7272100">
    <ele>445.9</ele>
   </trkpt>
   <trkpt lat="46.1707480" lon="13.7272130">
    <ele>446.1</ele>
   </trkpt>
   <trkpt lat="46.1707370" lon="13.7272180">
    <ele>446.5</ele>
   </trkpt>
   <trkpt lat="46.1707250" lon="13.7272230">
    <ele>446.8</ele>
   </trkpt>
   <trkpt lat="46.1707150" lon="13.7272270">
    <ele>447.1</ele>
   </trkpt>
   <trkpt lat="46.1707050" lon="13.7272350">
    <ele>447.4</ele>
   </trkpt>
   <trkpt lat="46.1706980" lon="13.7272380">
    <ele>447.6</ele>
   </trkpt>
   <trkpt lat="46.1706930" lon="13.7272430">
    <ele>447.8</ele>
   </trkpt>
   <trkpt lat="46.1706850" lon="13.7272520">
    <ele>448.1</ele>
   </trkpt>
   <trkpt lat="46.1706730" lon="13.7272620">
    <ele>448.5</ele>
   </trkpt>
   <trkpt lat="46.1706630" lon="13.7272700">
    <ele>448.8</ele>
   </trkpt>
   <trkpt lat="46.1706530" lon="13.7272850">
    <ele>449.2</ele>
   </trkpt>
   <trkpt lat="46.1706450" lon="13.7273020">
    <ele>449.6</ele>
   </trkpt>
   <trkpt lat="46.1706370" lon="13.7273130">
    <ele>449.9</ele>
   </trkpt>
   <trkpt lat="46.1706220" lon="13.7273230">
    <ele>450.4</ele>
   </trkpt>
   <trkpt lat="46.1706080" lon="13.7273370">
    <ele>450.8</ele>
   </trkpt>
   <trkpt lat="46.1706020" lon="13.7273430">
    <ele>451.0</ele>
   </trkpt>
   <trkpt lat="46.1705980" lon="13.7273470">
    <ele>451.2</ele>
   </trkpt>
   <trkpt lat="46.1705920" lon="13.7273470">
    <ele>451.3</ele>
   </trkpt>
   <trkpt lat="46.1705800" lon="13.7273450">
    <ele>451.7</ele>
   </trkpt>
   <trkpt lat="46.1705670" lon="13.7273470">
    <ele>452.0</ele>
   </trkpt>
   <trkpt lat="46.1705530" lon="13.7273520">
    <ele>452.4</ele>
   </trkpt>
   <trkpt lat="46.1705450" lon="13.7273520">
    <ele>452.6</ele>
   </trkpt>
   <trkpt lat="46.1705370" lon="13.7273550">
    <ele>452.8</ele>
   </trkpt>
   <trkpt lat="46.1705270" lon="13.7273580">
    <ele>453.1</ele>
   </trkpt>
   <trkpt lat="46.1705180" lon="13.7273600">
    <ele>453.4</ele>
   </trkpt>
   <trkpt lat="46.1705120" lon="13.7273630">
    <ele>453.5</ele>
   </trkpt>
   <trkpt lat="46.1705000" lon="13.7273750">
    <ele>453.9</ele>
   </trkpt>
   <trkpt lat="46.1704900" lon="13.7273850">
    <ele>454.2</ele>
   </trkpt>
   <trkpt lat="46.1704780" lon="13.7274000">
    <ele>454.7</ele>
   </trkpt>
   <trkpt lat="46.1704650" lon="13.7274180">
    <ele>455.1</ele>
   </trkpt>
   <trkpt lat="46.1704500" lon="13.7274420">
    <ele>455.7</ele>
   </trkpt>
   <trkpt lat="46.1704380" lon="13.7274550">
    <ele>456.1</ele>
   </trkpt>
   <trkpt lat="46.1704300" lon="13.7274620">
    <ele>456.3</ele>
   </trkpt>
   <trkpt lat="46.1704220" lon="13.7274680">
    <ele>456.6</ele>
   </trkpt>
   <trkpt lat="46.1704150" lon="13.7274780">
    <ele>456.8</ele>
   </trkpt>
   <trkpt lat="46.1704120" lon="13.7274830">
    <ele>456.9</ele>
   </trkpt>
   <trkpt lat="46.1704070" lon="13.7274900">
    <ele>457.1</ele>
   </trkpt>
   <trkpt lat="46.1704050" lon="13.7274930">
    <ele>457.2</ele>
   </trkpt>
   <trkpt lat="46.1704000" lon="13.7275050">
    <ele>457.4</ele>
   </trkpt>
   <trkpt lat="46.1703950" lon="13.7275180">
    <ele>457.7</ele>
   </trkpt>
   <trkpt lat="46.1703870" lon="13.7275270">
    <ele>457.9</ele>
   </trkpt>
   <trkpt lat="46.1703820" lon="13.7275320">
    <ele>458.1</ele>
   </trkpt>
   <trkpt lat="46.1703780" lon="13.7275330">
    <ele>458.2</ele>
   </trkpt>
   <trkpt lat="46.1703680" lon="13.7275420">
    <ele>458.4</ele>
   </trkpt>
   <trkpt lat="46.1703630" lon="13.7275450">
    <ele>458.6</ele>
   </trkpt>
   <trkpt lat="46.1703620" lon="13.7275480">
    <ele>458.6</ele>
   </trkpt>
   <trkpt lat="46.1703620" lon="13.7275500">
    <ele>458.6</ele>
   </trkpt>
   <trkpt lat="46.1703600" lon="13.7275530">
    <ele>458.7</ele>
   </trkpt>
   <trkpt lat="46.1703580" lon="13.7275550">
    <ele>458.8</ele>
   </trkpt>
   <trkpt lat="46.1703550" lon="13.7275570">
    <ele>458.9</ele>
   </trkpt>
   <trkpt lat="46.1703530" lon="13.7275600">
    <ele>458.9</ele>
   </trkpt>
   <trkpt lat="46.1703500" lon="13.7275650">
    <ele>459.0</ele>
   </trkpt>
   <trkpt lat="46.1703430" lon="13.7275820">
    <ele>459.4</ele>
   </trkpt>
   <trkpt lat="46.1703330" lon="13.7276030">
    <ele>459.8</ele>
   </trkpt>
   <trkpt lat="46.1703220" lon="13.7276270">
    <ele>460.2</ele>
   </trkpt>
   <trkpt lat="46.1703120" lon="13.7276530">
    <ele>460.7</ele>
   </trkpt>
   <trkpt lat="46.1703050" lon="13.7276750">
    <ele>461.1</ele>
   </trkpt>
   <trkpt lat="46.1703020" lon="13.7276930">
    <ele>461.4</ele>
   </trkpt>
   <trkpt lat="46.1702980" lon="13.7277170">
    <ele>461.7</ele>
   </trkpt>
   <trkpt lat="46.1702900" lon="13.7277380">
    <ele>462.1</ele>
   </trkpt>
   <trkpt lat="46.1702820" lon="13.7277580">
    <ele>462.4</ele>
   </trkpt>
   <trkpt lat="46.1702750" lon="13.7277820">
    <ele>462.8</ele>
   </trkpt>
   <trkpt lat="46.1702680" lon="13.7278070">
    <ele>463.1</ele>
   </trkpt>
   <trkpt lat="46.1702600" lon="13.7278250">
    <ele>463.4</ele>
   </trkpt>
   <trkpt lat="46.1702480" lon="13.7278450">
    <ele>463.8</ele>
   </trkpt>
   <trkpt lat="46.1702380" lon="13.7278700">
    <ele>464.1</ele>
   </trkpt>
   <trkpt lat="46.1702320" lon="13.7278920">
    <ele>464.4</ele>
   </trkpt>
   <trkpt lat="46.1702270" lon="13.7279170">
    <ele>464.7</ele>
   </trkpt>
   <trkpt lat="46.1702270" lon="13.7279280">
    <ele>464.8</ele>
   </trkpt>
   <trkpt lat="46.1702280" lon="13.7279450">
    <ele>465.0</ele>
   </trkpt>
   <trkpt lat="46.1702280" lon="13.7279620">
    <ele>465.1</ele>
   </trkpt>
   <trkpt lat="46.1702280" lon="13.7279680">
    <ele>465.2</ele>
   </trkpt>
   <trkpt lat="46.1702270" lon="13.7279830">
    <ele>465.4</ele>
   </trkpt>
   <trkpt lat="46.1702250" lon="13.7279950">
    <ele>465.5</ele>
   </trkpt>
   <trkpt lat="46.1702230" lon="13.7280070">
    <ele>465.6</ele>
   </trkpt>
   <trkpt lat="46.1702230" lon="13.7280180">
    <ele>465.7</ele>
   </trkpt>
   <trkpt lat="46.1702230" lon="13.7280330">
    <ele>465.9</ele>
   </trkpt>
   <trkpt lat="46.1702220" lon="13.7280520">
    <ele>466.1</ele>
   </trkpt>
   <trkpt lat="46.1702220" lon="13.7280580">
    <ele>466.1</ele>
   </trkpt>
   <trkpt lat="46.1702200" lon="13.7280630">
    <ele>466.2</ele>
   </trkpt>
   <trkpt lat="46.1702200" lon="13.7280800">
    <ele>466.3</ele>
   </trkpt>
   <trkpt lat="46.1702200" lon="13.7280850">
    <ele>466.4</ele>
   </trkpt>
   <trkpt lat="46.1702270" lon="13.7280980">
    <ele>466.6</ele>
   </trkpt>
   <trkpt lat="46.1702280" lon="13.7281030">
    <ele>466.6</ele>
   </trkpt>
   <trkpt lat="46.1702300" lon="13.7281100">
    <ele>466.7</ele>
   </trkpt>
   <trkpt lat="46.1702300" lon="13.7281150">
    <ele>466.8</ele>
   </trkpt>
   <trkpt lat="46.1702230" lon="13.7281450">
    <ele>467.1</ele>
   </trkpt>
   <trkpt lat="46.1702120" lon="13.7281750">
    <ele>467.5</ele>
   </trkpt>
   <trkpt lat="46.1702030" lon="13.7282020">
    <ele>467.9</ele>
   </trkpt>
   <trkpt lat="46.1702000" lon="13.7282220">
    <ele>468.1</ele>
   </trkpt>
   <trkpt lat="46.1701970" lon="13.7282400">
    <ele>468.4</ele>
   </trkpt>
   <trkpt lat="46.1701930" lon="13.7282550">
    <ele>468.6</ele>
   </trkpt>
   <trkpt lat="46.1701900" lon="13.7282720">
    <ele>468.8</ele>
   </trkpt>
   <trkpt lat="46.1701820" lon="13.7282870">
    <ele>469.1</ele>
   </trkpt>
   <trkpt lat="46.1701750" lon="13.7283000">
    <ele>469.3</ele>
   </trkpt>
   <trkpt lat="46.1701680" lon="13.7283120">
    <ele>469.6</ele>
   </trkpt>
   <trkpt lat="46.1701650" lon="13.7283180">
    <ele>469.7</ele>
   </trkpt>
   <trkpt lat="46.1701600" lon="13.7283330">
    <ele>469.9</ele>
   </trkpt>
   <trkpt lat="46.1701500" lon="13.7283530">
    <ele>470.3</ele>
   </trkpt>
   <trkpt lat="46.1701430" lon="13.7283720">
    <ele>470.6</ele>
   </trkpt>
   <trkpt lat="46.1701380" lon="13.7283870">
    <ele>470.9</ele>
   </trkpt>
   <trkpt lat="46.1701400" lon="13.7284130">
    <ele>471.2</ele>
   </trkpt>
   <trkpt lat="46.1701280" lon="13.7284500">
    <ele>471.8</ele>
   </trkpt>
   <trkpt lat="46.1701220" lon="13.7284830">
    <ele>472.4</ele>
   </trkpt>
   <trkpt lat="46.1701100" lon="13.7285130">
    <ele>472.9</ele>
   </trkpt>
   <trkpt lat="46.1700970" lon="13.7285350">
    <ele>473.3</ele>
   </trkpt>
   <trkpt lat="46.1700850" lon="13.7285500">
    <ele>473.6</ele>
   </trkpt>
   <trkpt lat="46.1700820" lon="13.7285630">
    <ele>473.8</ele>
   </trkpt>
   <trkpt lat="46.1700730" lon="13.7285870">
    <ele>474.2</ele>
   </trkpt>
   <trkpt lat="46.1700670" lon="13.7286080">
    <ele>474.6</ele>
   </trkpt>
   <trkpt lat="46.1700600" lon="13.7286250">
    <ele>474.9</ele>
   </trkpt>
   <trkpt lat="46.1700530" lon="13.7286420">
    <ele>475.2</ele>
   </trkpt>
   <trkpt lat="46.1700480" lon="13.7286550">
    <ele>475.4</ele>
   </trkpt>
   <trkpt lat="46.1700430" lon="13.7286680">
    <ele>475.6</ele>
   </trkpt>
   <trkpt lat="46.1700380" lon="13.7286850">
    <ele>475.9</ele>
   </trkpt>
   <trkpt lat="46.1700320" lon="13.7287150">
    <ele>476.4</ele>
   </trkpt>
   <trkpt lat="46.1700200" lon="13.7287520">
    <ele>477.1</ele>
   </trkpt>
   <trkpt lat="46.1699980" lon="13.7287980">
    <ele>478.0</ele>
   </trkpt>
   <trkpt lat="46.1699850" lon="13.7288520">
    <ele>479.0</ele>
   </trkpt>
   <trkpt lat="46.1699750" lon="13.7288770">
    <ele>479.5</ele>
   </trkpt>
   <trkpt lat="46.1699670" lon="13.7289000">
    <ele>479.9</ele>
   </trkpt>
   <trkpt lat="46.1699580" lon="13.7289250">
    <ele>480.4</ele>
   </trkpt>
   <trkpt lat="46.1699500" lon="13.7289500">
    <ele>480.9</ele>
   </trkpt>
   <trkpt lat="46.1699480" lon="13.7289570">
    <ele>481.0</ele>
   </trkpt>
   <trkpt lat="46.1699480" lon="13.7289670">
    <ele>481.2</ele>
   </trkpt>
   <trkpt lat="46.1699370" lon="13.7289850">
    <ele>481.6</ele>
   </trkpt>
   <trkpt lat="46.1699180" lon="13.7290030">
    <ele>482.1</ele>
   </trkpt>
   <trkpt lat="46.1699130" lon="13.7290070">
    <ele>482.3</ele>
   </trkpt>
   <trkpt lat="46.1699000" lon="13.7290220">
    <ele>482.7</ele>
   </trkpt>
   <trkpt lat="46.1698820" lon="13.7290450">
    <ele>483.3</ele>
   </trkpt>
   <trkpt lat="46.1698650" lon="13.7290670">
    <ele>483.8</ele>
   </trkpt>
   <trkpt lat="46.1698500" lon="13.7290850">
    <ele>484.3</ele>
   </trkpt>
   <trkpt lat="46.1698370" lon="13.7291030">
    <ele>484.7</ele>
   </trkpt>
   <trkpt lat="46.1698270" lon="13.7291220">
    <ele>485.1</ele>
   </trkpt>
   <trkpt lat="46.1698170" lon="13.7291420">
    <ele>485.4</ele>
   </trkpt>
   <trkpt lat="46.1698150" lon="13.7291470">
    <ele>485.5</ele>
   </trkpt>
   <trkpt lat="46.1698070" lon="13.7291620">
    <ele>485.8</ele>
   </trkpt>
   <trkpt lat="46.1697970" lon="13.7291850">
    <ele>486.2</ele>
   </trkpt>
   <trkpt lat="46.1697850" lon="13.7292080">
    <ele>486.7</ele>
   </trkpt>
   <trkpt lat="46.1697730" lon="13.7292320">
    <ele>487.1</ele>
   </trkpt>
   <trkpt lat="46.1697600" lon="13.7292550">
    <ele>487.6</ele>
   </trkpt>
   <trkpt lat="46.1697470" lon="13.7292800">
    <ele>488.1</ele>
   </trkpt>
   <trkpt lat="46.1697400" lon="13.7292880">
    <ele>488.2</ele>
   </trkpt>
   <trkpt lat="46.1697330" lon="13.7293030">
    <ele>488.5</ele>
   </trkpt>
   <trkpt lat="46.1697250" lon="13.7293150">
    <ele>488.7</ele>
   </trkpt>
   <trkpt lat="46.1697200" lon="13.7293280">
    <ele>488.9</ele>
   </trkpt>
   <trkpt lat="46.1697100" lon="13.7293420">
    <ele>489.2</ele>
   </trkpt>
   <trkpt lat="46.1696970" lon="13.7293530">
    <ele>489.5</ele>
   </trkpt>
   <trkpt lat="46.1696870" lon="13.7293600">
    <ele>489.8</ele>
   </trkpt>
   <trkpt lat="46.1696800" lon="13.7293750">
    <ele>490.0</ele>
   </trkpt>
   <trkpt lat="46.1696700" lon="13.7293900">
    <ele>490.2</ele>
   </trkpt>
   <trkpt lat="46.1696600" lon="13.7294080">
    <ele>490.5</ele>
   </trkpt>
   <trkpt lat="46.1696480" lon="13.7294270">
    <ele>490.8</ele>
   </trkpt>
   <trkpt lat="46.1696380" lon="13.7294430">
    <ele>491.0</ele>
   </trkpt>
   <trkpt lat="46.1696320" lon="13.7294620">
    <ele>491.2</ele>
   </trkpt>
   <trkpt lat="46.1696250" lon="13.7294820">
    <ele>491.4</ele>
   </trkpt>
   <trkpt lat="46.1696200" lon="13.7295030">
    <ele>491.5</ele>
   </trkpt>
   <trkpt lat="46.1696170" lon="13.7295280">
    <ele>491.7</ele>
   </trkpt>
   <trkpt lat="46.1696100" lon="13.7295530">
    <ele>491.8</ele>
   </trkpt>
   <trkpt lat="46.1696000" lon="13.7295820">
    <ele>491.9</ele>
   </trkpt>
   <trkpt lat="46.1695950" lon="13.7296130">
    <ele>492.0</ele>
   </trkpt>
   <trkpt lat="46.1695880" lon="13.7296420">
    <ele>492.1</ele>
   </trkpt>
   <trkpt lat="46.1695780" lon="13.7296780">
    <ele>492.1</ele>
   </trkpt>
   <trkpt lat="46.1695720" lon="13.7297080">
    <ele>492.2</ele>
   </trkpt>
   <trkpt lat="46.1695630" lon="13.7297350">
    <ele>492.2</ele>
   </trkpt>
   <trkpt lat="46.1695650" lon="13.7297630">
    <ele>492.2</ele>
   </trkpt>
   <trkpt lat="46.1695700" lon="13.7297930">
    <ele>492.3</ele>
   </trkpt>
   <trkpt lat="46.1695720" lon="13.7298270">
    <ele>492.4</ele>
   </trkpt>
   <trkpt lat="46.1695720" lon="13.7298580">
    <ele>492.5</ele>
   </trkpt>
   <trkpt lat="46.1695720" lon="13.7298920">
    <ele>492.6</ele>
   </trkpt>
   <trkpt lat="46.1695770" lon="13.7299270">
    <ele>492.7</ele>
   </trkpt>
   <trkpt lat="46.1695750" lon="13.7299500">
    <ele>492.8</ele>
   </trkpt>
   <trkpt lat="46.1695670" lon="13.7299730">
    <ele>493.0</ele>
   </trkpt>
   <trkpt lat="46.1695500" lon="13.7299930">
    <ele>493.2</ele>
   </trkpt>
   <trkpt lat="46.1695370" lon="13.7300150">
    <ele>493.4</ele>
   </trkpt>
   <trkpt lat="46.1695250" lon="13.7300400">
    <ele>493.6</ele>
   </trkpt>
   <trkpt lat="46.1695100" lon="13.7300680">
    <ele>493.9</ele>
   </trkpt>
   <trkpt lat="46.1694980" lon="13.7300920">
    <ele>494.1</ele>
   </trkpt>
   <trkpt lat="46.1694870" lon="13.7301150">
    <ele>494.4</ele>
   </trkpt>
   <trkpt lat="46.1694730" lon="13.7301430">
    <ele>494.7</ele>
   </trkpt>
   <trkpt lat="46.1694600" lon="13.7301720">
    <ele>495.0</ele>
   </trkpt>
   <trkpt lat="46.1694530" lon="13.7301920">
    <ele>495.2</ele>
   </trkpt>
   <trkpt lat="46.1694450" lon="13.7302120">
    <ele>495.4</ele>
   </trkpt>
   <trkpt lat="46.1694380" lon="13.7302320">
    <ele>495.6</ele>
   </trkpt>
   <trkpt lat="46.1694280" lon="13.7302520">
    <ele>495.9</ele>
   </trkpt>
   <trkpt lat="46.1694180" lon="13.7302730">
    <ele>496.1</ele>
   </trkpt>
   <trkpt lat="46.1694070" lon="13.7302980">
    <ele>496.4</ele>
   </trkpt>
   <trkpt lat="46.1693950" lon="13.7303220">
    <ele>496.7</ele>
   </trkpt>
   <trkpt lat="46.1693880" lon="13.7303450">
    <ele>496.9</ele>
   </trkpt>
   <trkpt lat="46.1693770" lon="13.7303700">
    <ele>497.2</ele>
   </trkpt>
   <trkpt lat="46.1693620" lon="13.7303920">
    <ele>497.4</ele>
   </trkpt>
   <trkpt lat="46.1693470" lon="13.7304120">
    <ele>497.7</ele>
   </trkpt>
   <trkpt lat="46.1693380" lon="13.7304330">
    <ele>497.9</ele>
   </trkpt>
   <trkpt lat="46.1693270" lon="13.7304580">
    <ele>498.2</ele>
   </trkpt>
   <trkpt lat="46.1693150" lon="13.7304930">
    <ele>498.5</ele>
   </trkpt>
   <trkpt lat="46.1693030" lon="13.7305300">
    <ele>498.8</ele>
   </trkpt>
   <trkpt lat="46.1692970" lon="13.7305770">
    <ele>499.1</ele>
   </trkpt>
   <trkpt lat="46.1692780" lon="13.7306300">
    <ele>499.4</ele>
   </trkpt>
   <trkpt lat="46.1692700" lon="13.7306820">
    <ele>499.6</ele>
   </trkpt>
   <trkpt lat="46.1692670" lon="13.7307320">
    <ele>499.8</ele>
   </trkpt>
   <trkpt lat="46.1692600" lon="13.7307820">
    <ele>499.9</ele>
   </trkpt>
   <trkpt lat="46.1692470" lon="13.7308380">
    <ele>500.1</ele>
   </trkpt>
   <trkpt lat="46.1692430" lon="13.7308850">
    <ele>500.3</ele>
   </trkpt>
   <trkpt lat="46.1692430" lon="13.7309300">
    <ele>500.5</ele>
   </trkpt>
   <trkpt lat="46.1692400" lon="13.7309720">
    <ele>500.8</ele>
   </trkpt>
   <trkpt lat="46.1692320" lon="13.7310120">
    <ele>501.1</ele>
   </trkpt>
   <trkpt lat="46.1692250" lon="13.7310420">
    <ele>501.4</ele>
   </trkpt>
   <trkpt lat="46.1692150" lon="13.7310650">
    <ele>501.7</ele>
   </trkpt>
   <trkpt lat="46.1692100" lon="13.7310830">
    <ele>501.9</ele>
   </trkpt>
   <trkpt lat="46.1692020" lon="13.7310980">
    <ele>502.1</ele>
   </trkpt>
   <trkpt lat="46.1691930" lon="13.7311130">
    <ele>502.4</ele>
   </trkpt>
   <trkpt lat="46.1691850" lon="13.7311330">
    <ele>502.7</ele>
   </trkpt>
   <trkpt lat="46.1691850" lon="13.7311500">
    <ele>502.9</ele>
   </trkpt>
   <trkpt lat="46.1691820" lon="13.7311680">
    <ele>503.2</ele>
   </trkpt>
   <trkpt lat="46.1691780" lon="13.7311850">
    <ele>503.5</ele>
   </trkpt>
   <trkpt lat="46.1691820" lon="13.7312030">
    <ele>503.7</ele>
   </trkpt>
   <trkpt lat="46.1691830" lon="13.7312180">
    <ele>504.0</ele>
   </trkpt>
   <trkpt lat="46.1691880" lon="13.7312320">
    <ele>504.2</ele>
   </trkpt>
   <trkpt lat="46.1691900" lon="13.7312500">
    <ele>504.5</ele>
   </trkpt>
   <trkpt lat="46.1691870" lon="13.7312750">
    <ele>504.9</ele>
   </trkpt>
   <trkpt lat="46.1691800" lon="13.7312980">
    <ele>505.3</ele>
   </trkpt>
   <trkpt lat="46.1691750" lon="13.7313230">
    <ele>505.5</ele>
   </trkpt>
   <trkpt lat="46.1691680" lon="13.7313480">
    <ele>505.8</ele>
   </trkpt>
   <trkpt lat="46.1691670" lon="13.7313730">
    <ele>506.0</ele>
   </trkpt>
   <trkpt lat="46.1691680" lon="13.7313980">
    <ele>506.3</ele>
   </trkpt>
   <trkpt lat="46.1691770" lon="13.7314270">
    <ele>506.5</ele>
   </trkpt>
   <trkpt lat="46.1691850" lon="13.7314580">
    <ele>506.8</ele>
   </trkpt>
   <trkpt lat="46.1691970" lon="13.7314920">
    <ele>507.0</ele>
   </trkpt>
   <trkpt lat="46.1692070" lon="13.7315230">
    <ele>507.2</ele>
   </trkpt>
   <trkpt lat="46.1692130" lon="13.7315480">
    <ele>507.4</ele>
   </trkpt>
   <trkpt lat="46.1692180" lon="13.7315730">
    <ele>507.5</ele>
   </trkpt>
   <trkpt lat="46.1692200" lon="13.7316030">
    <ele>507.6</ele>
   </trkpt>
   <trkpt lat="46.1692200" lon="13.7316350">
    <ele>507.7</ele>
   </trkpt>
   <trkpt lat="46.1692250" lon="13.7316700">
    <ele>507.8</ele>
   </trkpt>
   <trkpt lat="46.1692300" lon="13.7317080">
    <ele>507.9</ele>
   </trkpt>
   <trkpt lat="46.1692330" lon="13.7317500">
    <ele>507.9</ele>
   </trkpt>
   <trkpt lat="46.1692280" lon="13.7317930">
    <ele>507.9</ele>
   </trkpt>
   <trkpt lat="46.1692230" lon="13.7318450">
    <ele>507.9</ele>
   </trkpt>
   <trkpt lat="46.1692130" lon="13.7318920">
    <ele>507.8</ele>
   </trkpt>
   <trkpt lat="46.1692050" lon="13.7319330">
    <ele>507.8</ele>
   </trkpt>
   <trkpt lat="46.1691950" lon="13.7319800">
    <ele>507.7</ele>
   </trkpt>
   <trkpt lat="46.1691850" lon="13.7320280">
    <ele>507.6</ele>
   </trkpt>
   <trkpt lat="46.1691820" lon="13.7320730">
    <ele>507.5</ele>
   </trkpt>
   <trkpt lat="46.1691730" lon="13.7321130">
    <ele>507.4</ele>
   </trkpt>
   <trkpt lat="46.1691620" lon="13.7321480">
    <ele>507.3</ele>
   </trkpt>
   <trkpt lat="46.1691530" lon="13.7321850">
    <ele>507.2</ele>
   </trkpt>
   <trkpt lat="46.1691470" lon="13.7322180">
    <ele>507.1</ele>
   </trkpt>
   <trkpt lat="46.1691420" lon="13.7322570">
    <ele>507.0</ele>
   </trkpt>
   <trkpt lat="46.1691370" lon="13.7322950">
    <ele>506.8</ele>
   </trkpt>
   <trkpt lat="46.1691350" lon="13.7323330">
    <ele>506.7</ele>
   </trkpt>
   <trkpt lat="46.1691330" lon="13.7323820">
    <ele>506.6</ele>
   </trkpt>
   <trkpt lat="46.1691380" lon="13.7324320">
    <ele>506.4</ele>
   </trkpt>
   <trkpt lat="46.1691420" lon="13.7324770">
    <ele>506.3</ele>
   </trkpt>
   <trkpt lat="46.1691480" lon="13.7325250">
    <ele>506.1</ele>
   </trkpt>
   <trkpt lat="46.1691520" lon="13.7325750">
    <ele>506.0</ele>
   </trkpt>
   <trkpt lat="46.1691520" lon="13.7326230">
    <ele>505.9</ele>
   </trkpt>
   <trkpt lat="46.1691600" lon="13.7326700">
    <ele>505.8</ele>
   </trkpt>
   <trkpt lat="46.1691820" lon="13.7327120">
    <ele>505.7</ele>
   </trkpt>
   <trkpt lat="46.1691970" lon="13.7327550">
    <ele>505.5</ele>
   </trkpt>
   <trkpt lat="46.1692130" lon="13.7328070">
    <ele>505.4</ele>
   </trkpt>
   <trkpt lat="46.1692300" lon="13.7328550">
    <ele>505.2</ele>
   </trkpt>
   <trkpt lat="46.1692170" lon="13.7329070">
    <ele>505.0</ele>
   </trkpt>
   <trkpt lat="46.1692320" lon="13.7329530">
    <ele>504.8</ele>
   </trkpt>
   <trkpt lat="46.1692350" lon="13.7330030">
    <ele>504.6</ele>
   </trkpt>
   <trkpt lat="46.1692350" lon="13.7330520">
    <ele>504.4</ele>
   </trkpt>
   <trkpt lat="46.1692280" lon="13.7331030">
    <ele>504.1</ele>
   </trkpt>
   <trkpt lat="46.1692250" lon="13.7331600">
    <ele>503.8</ele>
   </trkpt>
   <trkpt lat="46.1692250" lon="13.7332270">
    <ele>503.4</ele>
   </trkpt>
   <trkpt lat="46.1692200" lon="13.7332930">
    <ele>503.0</ele>
   </trkpt>
   <trkpt lat="46.1692070" lon="13.7333620">
    <ele>502.5</ele>
   </trkpt>
   <trkpt lat="46.1692080" lon="13.7334320">
    <ele>502.2</ele>
   </trkpt>
   <trkpt lat="46.1692130" lon="13.7335020">
    <ele>501.8</ele>
   </trkpt>
   <trkpt lat="46.1692270" lon="13.7335600">
    <ele>501.5</ele>
   </trkpt>
   <trkpt lat="46.1692350" lon="13.7336120">
    <ele>501.2</ele>
   </trkpt>
   <trkpt lat="46.1692450" lon="13.7336680">
    <ele>500.9</ele>
   </trkpt>
   <trkpt lat="46.1692500" lon="13.7337320">
    <ele>500.6</ele>
   </trkpt>
   <trkpt lat="46.1692470" lon="13.7337880">
    <ele>500.3</ele>
   </trkpt>
   <trkpt lat="46.1692420" lon="13.7338470">
    <ele>500.0</ele>
   </trkpt>
   <trkpt lat="46.1692370" lon="13.7339080">
    <ele>499.7</ele>
   </trkpt>
   <trkpt lat="46.1692320" lon="13.7339550">
    <ele>499.5</ele>
   </trkpt>
   <trkpt lat="46.1692320" lon="13.7339950">
    <ele>499.4</ele>
   </trkpt>
   <trkpt lat="46.1692350" lon="13.7340300">
    <ele>499.3</ele>
   </trkpt>
   <trkpt lat="46.1692450" lon="13.7340570">
    <ele>499.2</ele>
   </trkpt>
   <trkpt lat="46.1692580" lon="13.7340900">
    <ele>499.2</ele>
   </trkpt>
   <trkpt lat="46.1692730" lon="13.7341300">
    <ele>499.1</ele>
   </trkpt>
   <trkpt lat="46.1692880" lon="13.7341670">
    <ele>499.1</ele>
   </trkpt>
   <trkpt lat="46.1692950" lon="13.7342020">
    <ele>499.1</ele>
   </trkpt>
   <trkpt lat="46.1693000" lon="13.7342330">
    <ele>499.1</ele>
   </trkpt>
   <trkpt lat="46.1693000" lon="13.7342730">
    <ele>499.1</ele>
   </trkpt>
   <trkpt lat="46.1693050" lon="13.7343170">
    <ele>499.0</ele>
   </trkpt>
   <trkpt lat="46.1693170" lon="13.7343620">
    <ele>498.9</ele>
   </trkpt>
   <trkpt lat="46.1693230" lon="13.7344000">
    <ele>498.8</ele>
   </trkpt>
   <trkpt lat="46.1693220" lon="13.7344320">
    <ele>498.7</ele>
   </trkpt>
   <trkpt lat="46.1693070" lon="13.7344670">
    <ele>498.6</ele>
   </trkpt>
   <trkpt lat="46.1692850" lon="13.7345000">
    <ele>498.3</ele>
   </trkpt>
   <trkpt lat="46.1692700" lon="13.7345200">
    <ele>498.1</ele>
   </trkpt>
   <trkpt lat="46.1692500" lon="13.7345430">
    <ele>497.9</ele>
   </trkpt>
   <trkpt lat="46.1692350" lon="13.7345770">
    <ele>497.6</ele>
   </trkpt>
   <trkpt lat="46.1692320" lon="13.7346100">
    <ele>497.4</ele>
   </trkpt>
   <trkpt lat="46.1692330" lon="13.7346470">
    <ele>497.4</ele>
   </trkpt>
   <trkpt lat="46.1692380" lon="13.7346880">
    <ele>497.3</ele>
   </trkpt>
   <trkpt lat="46.1692450" lon="13.7347330">
    <ele>497.2</ele>
   </trkpt>
   <trkpt lat="46.1692470" lon="13.7347820">
    <ele>497.2</ele>
   </trkpt>
   <trkpt lat="46.1692480" lon="13.7348320">
    <ele>497.2</ele>
   </trkpt>
   <trkpt lat="46.1692500" lon="13.7348750">
    <ele>497.2</ele>
   </trkpt>
   <trkpt lat="46.1692550" lon="13.7349170">
    <ele>497.2</ele>
   </trkpt>
   <trkpt lat="46.1692620" lon="13.7349570">
    <ele>497.2</ele>
   </trkpt>
   <trkpt lat="46.1692700" lon="13.7349980">
    <ele>497.2</ele>
   </trkpt>
   <trkpt lat="46.1692620" lon="13.7350500">
    <ele>497.2</ele>
   </trkpt>
   <trkpt lat="46.1692500" lon="13.7351030">
    <ele>497.2</ele>
   </trkpt>
   <trkpt lat="46.1692420" lon="13.7351630">
    <ele>497.1</ele>
   </trkpt>
   <trkpt lat="46.1692350" lon="13.7352130">
    <ele>497.1</ele>
   </trkpt>
   <trkpt lat="46.1692280" lon="13.7352780">
    <ele>497.0</ele>
   </trkpt>
   <trkpt lat="46.1692170" lon="13.7353280">
    <ele>496.9</ele>
   </trkpt>
   <trkpt lat="46.1692000" lon="13.7353900">
    <ele>496.7</ele>
   </trkpt>
   <trkpt lat="46.1691580" lon="13.7354470">
    <ele>496.5</ele>
   </trkpt>
   <trkpt lat="46.1691220" lon="13.7355020">
    <ele>496.2</ele>
   </trkpt>
   <trkpt lat="46.1690850" lon="13.7355530">
    <ele>496.1</ele>
   </trkpt>
   <trkpt lat="46.1690520" lon="13.7355900">
    <ele>496.0</ele>
   </trkpt>
   <trkpt lat="46.1690230" lon="13.7356180">
    <ele>495.9</ele>
   </trkpt>
   <trkpt lat="46.1689970" lon="13.7356550">
    <ele>495.8</ele>
   </trkpt>
   <trkpt lat="46.1689730" lon="13.7356900">
    <ele>495.7</ele>
   </trkpt>
   <trkpt lat="46.1689520" lon="13.7357230">
    <ele>495.5</ele>
   </trkpt>
   <trkpt lat="46.1689320" lon="13.7357600">
    <ele>495.4</ele>
   </trkpt>
   <trkpt lat="46.1688950" lon="13.7358030">
    <ele>495.1</ele>
   </trkpt>
   <trkpt lat="46.1688600" lon="13.7358480">
    <ele>494.8</ele>
   </trkpt>
   <trkpt lat="46.1688230" lon="13.7358950">
    <ele>494.4</ele>
   </trkpt>
   <trkpt lat="46.1687850" lon="13.7359380">
    <ele>494.1</ele>
   </trkpt>
   <trkpt lat="46.1687550" lon="13.7359780">
    <ele>493.9</ele>
   </trkpt>
   <trkpt lat="46.1687350" lon="13.7360170">
    <ele>493.6</ele>
   </trkpt>
   <trkpt lat="46.1687150" lon="13.7360670">
    <ele>493.3</ele>
   </trkpt>
   <trkpt lat="46.1686880" lon="13.7361120">
    <ele>493.0</ele>
   </trkpt>
   <trkpt lat="46.1686620" lon="13.7361520">
    <ele>492.7</ele>
   </trkpt>
   <trkpt lat="46.1686430" lon="13.7361900">
    <ele>492.5</ele>
   </trkpt>
   <trkpt lat="46.1686280" lon="13.7362350">
    <ele>492.2</ele>
   </trkpt>
   <trkpt lat="46.1686180" lon="13.7362930">
    <ele>491.9</ele>
   </trkpt>
   <trkpt lat="46.1686130" lon="13.7363470">
    <ele>491.6</ele>
   </trkpt>
   <trkpt lat="46.1686050" lon="13.7364070">
    <ele>491.3</ele>
   </trkpt>
   <trkpt lat="46.1685970" lon="13.7364580">
    <ele>490.9</ele>
   </trkpt>
   <trkpt lat="46.1685830" lon="13.7365050">
    <ele>490.6</ele>
   </trkpt>
   <trkpt lat="46.1685700" lon="13.7365550">
    <ele>490.2</ele>
   </trkpt>
   <trkpt lat="46.1685620" lon="13.7366130">
    <ele>489.7</ele>
   </trkpt>
   <trkpt lat="46.1685520" lon="13.7366730">
    <ele>489.2</ele>
   </trkpt>
   <trkpt lat="46.1685380" lon="13.7367380">
    <ele>488.6</ele>
   </trkpt>
   <trkpt lat="46.1685250" lon="13.7368000">
    <ele>488.0</ele>
   </trkpt>
   <trkpt lat="46.1685130" lon="13.7368580">
    <ele>487.4</ele>
   </trkpt>
   <trkpt lat="46.1684980" lon="13.7369180">
    <ele>486.9</ele>
   </trkpt>
   <trkpt lat="46.1684870" lon="13.7369800">
    <ele>486.3</ele>
   </trkpt>
   <trkpt lat="46.1684770" lon="13.7370420">
    <ele>485.8</ele>
   </trkpt>
   <trkpt lat="46.1684680" lon="13.7371020">
    <ele>485.2</ele>
   </trkpt>
   <trkpt lat="46.1684670" lon="13.7371620">
    <ele>484.7</ele>
   </trkpt>
   <trkpt lat="46.1684670" lon="13.7372250">
    <ele>484.2</ele>
   </trkpt>
   <trkpt lat="46.1684620" lon="13.7372830">
    <ele>483.7</ele>
   </trkpt>
   <trkpt lat="46.1684580" lon="13.7373430">
    <ele>483.1</ele>
   </trkpt>
   <trkpt lat="46.1684550" lon="13.7373980">
    <ele>482.6</ele>
   </trkpt>
   <trkpt lat="46.1684550" lon="13.7374550">
    <ele>482.1</ele>
   </trkpt>
   <trkpt lat="46.1684530" lon="13.7375080">
    <ele>481.5</ele>
   </trkpt>
   <trkpt lat="46.1684550" lon="13.7375650">
    <ele>480.8</ele>
   </trkpt>
   <trkpt lat="46.1684570" lon="13.7376200">
    <ele>480.1</ele>
   </trkpt>
   <trkpt lat="46.1684620" lon="13.7376650">
    <ele>479.5</ele>
   </trkpt>
   <trkpt lat="46.1684620" lon="13.7377100">
    <ele>478.9</ele>
   </trkpt>
   <trkpt lat="46.1684620" lon="13.7377500">
    <ele>478.4</ele>
   </trkpt>
   <trkpt lat="46.1684630" lon="13.7377920">
    <ele>477.8</ele>
   </trkpt>
   <trkpt lat="46.1684670" lon="13.7378380">
    <ele>477.2</ele>
   </trkpt>
   <trkpt lat="46.1684630" lon="13.7378850">
    <ele>476.7</ele>
   </trkpt>
   <trkpt lat="46.1684650" lon="13.7379330">
    <ele>476.1</ele>
   </trkpt>
   <trkpt lat="46.1684650" lon="13.7379820">
    <ele>475.6</ele>
   </trkpt>
   <trkpt lat="46.1684700" lon="13.7380370">
    <ele>475.0</ele>
   </trkpt>
   <trkpt lat="46.1684750" lon="13.7380880">
    <ele>474.5</ele>
   </trkpt>
   <trkpt lat="46.1684820" lon="13.7381430">
    <ele>473.9</ele>
   </trkpt>
   <trkpt lat="46.1684870" lon="13.7381950">
    <ele>473.4</ele>
   </trkpt>
   <trkpt lat="46.1685030" lon="13.7382470">
    <ele>472.9</ele>
   </trkpt>
   <trkpt lat="46.1685200" lon="13.7383080">
    <ele>472.2</ele>
   </trkpt>
   <trkpt lat="46.1685300" lon="13.7383780">
    <ele>471.5</ele>
   </trkpt>
   <trkpt lat="46.1685370" lon="13.7384430">
    <ele>470.9</ele>
   </trkpt>
   <trkpt lat="46.1685400" lon="13.7385130">
    <ele>470.2</ele>
   </trkpt>
   <trkpt lat="46.1685430" lon="13.7385820">
    <ele>469.6</ele>
   </trkpt>
   <trkpt lat="46.1685450" lon="13.7386470">
    <ele>469.0</ele>
   </trkpt>
   <trkpt lat="46.1685430" lon="13.7387080">
    <ele>468.5</ele>
   </trkpt>
   <trkpt lat="46.1685370" lon="13.7387680">
    <ele>468.0</ele>
   </trkpt>
   <trkpt lat="46.1685280" lon="13.7388250">
    <ele>467.5</ele>
   </trkpt>
   <trkpt lat="46.1685100" lon="13.7388800">
    <ele>467.0</ele>
   </trkpt>
   <trkpt lat="46.1684950" lon="13.7389350">
    <ele>466.5</ele>
   </trkpt>
   <trkpt lat="46.1684820" lon="13.7389880">
    <ele>466.0</ele>
   </trkpt>
   <trkpt lat="46.1684720" lon="13.7390470">
    <ele>465.4</ele>
   </trkpt>
   <trkpt lat="46.1684680" lon="13.7391050">
    <ele>464.7</ele>
   </trkpt>
   <trkpt lat="46.1684700" lon="13.7391630">
    <ele>464.1</ele>
   </trkpt>
   <trkpt lat="46.1684700" lon="13.7392170">
    <ele>463.5</ele>
   </trkpt>
   <trkpt lat="46.1684720" lon="13.7392720">
    <ele>462.9</ele>
   </trkpt>
   <trkpt lat="46.1684720" lon="13.7393230">
    <ele>462.3</ele>
   </trkpt>
   <trkpt lat="46.1684680" lon="13.7393800">
    <ele>461.8</ele>
   </trkpt>
   <trkpt lat="46.1684700" lon="13.7394350">
    <ele>461.2</ele>
   </trkpt>
   <trkpt lat="46.1684700" lon="13.7394850">
    <ele>460.7</ele>
   </trkpt>
   <trkpt lat="46.1684680" lon="13.7395270">
    <ele>460.3</ele>
   </trkpt>
   <trkpt lat="46.1684670" lon="13.7395670">
    <ele>460.0</ele>
   </trkpt>
   <trkpt lat="46.1684700" lon="13.7396100">
    <ele>459.5</ele>
   </trkpt>
   <trkpt lat="46.1684770" lon="13.7396530">
    <ele>459.1</ele>
   </trkpt>
   <trkpt lat="46.1684870" lon="13.7396930">
    <ele>458.6</ele>
   </trkpt>
   <trkpt lat="46.1685050" lon="13.7397470">
    <ele>458.0</ele>
   </trkpt>
   <trkpt lat="46.1685080" lon="13.7397930">
    <ele>457.4</ele>
   </trkpt>
   <trkpt lat="46.1685100" lon="13.7398450">
    <ele>456.8</ele>
   </trkpt>
   <trkpt lat="46.1685180" lon="13.7398930">
    <ele>456.3</ele>
   </trkpt>
   <trkpt lat="46.1685230" lon="13.7399450">
    <ele>455.6</ele>
   </trkpt>
   <trkpt lat="46.1685280" lon="13.7399920">
    <ele>455.1</ele>
   </trkpt>
   <trkpt lat="46.1685330" lon="13.7400350">
    <ele>454.6</ele>
   </trkpt>
   <trkpt lat="46.1685380" lon="13.7400750">
    <ele>454.1</ele>
   </trkpt>
   <trkpt lat="46.1685450" lon="13.7401130">
    <ele>453.7</ele>
   </trkpt>
   <trkpt lat="46.1685500" lon="13.7401530">
    <ele>453.2</ele>
   </trkpt>
   <trkpt lat="46.1685600" lon="13.7401930">
    <ele>452.6</ele>
   </trkpt>
   <trkpt lat="46.1685630" lon="13.7402350">
    <ele>452.0</ele>
   </trkpt>
   <trkpt lat="46.1685720" lon="13.7402770">
    <ele>451.4</ele>
   </trkpt>
   <trkpt lat="46.1685820" lon="13.7403220">
    <ele>450.7</ele>
   </trkpt>
   <trkpt lat="46.1685920" lon="13.7403650">
    <ele>450.0</ele>
   </trkpt>
   <trkpt lat="46.1686030" lon="13.7404120">
    <ele>449.3</ele>
   </trkpt>
   <trkpt lat="46.1686180" lon="13.7404600">
    <ele>448.5</ele>
   </trkpt>
   <trkpt lat="46.1686180" lon="13.7405100">
    <ele>447.7</ele>
   </trkpt>
   <trkpt lat="46.1686180" lon="13.7405600">
    <ele>447.0</ele>
   </trkpt>
   <trkpt lat="46.1686150" lon="13.7406200">
    <ele>446.0</ele>
   </trkpt>
   <trkpt lat="46.1686130" lon="13.7406700">
    <ele>445.3</ele>
   </trkpt>
   <trkpt lat="46.1686030" lon="13.7407280">
    <ele>444.4</ele>
   </trkpt>
   <trkpt lat="46.1685920" lon="13.7407870">
    <ele>443.6</ele>
   </trkpt>
   <trkpt lat="46.1685850" lon="13.7408370">
    <ele>442.9</ele>
   </trkpt>
   <trkpt lat="46.1685800" lon="13.7408870">
    <ele>442.2</ele>
   </trkpt>
   <trkpt lat="46.1685720" lon="13.7409320">
    <ele>441.6</ele>
   </trkpt>
   <trkpt lat="46.1685550" lon="13.7409880">
    <ele>440.9</ele>
   </trkpt>
   <trkpt lat="46.1685330" lon="13.7410500">
    <ele>440.0</ele>
   </trkpt>
   <trkpt lat="46.1685150" lon="13.7411080">
    <ele>439.3</ele>
   </trkpt>
   <trkpt lat="46.1685030" lon="13.7411700">
    <ele>438.6</ele>
   </trkpt>
   <trkpt lat="46.1684900" lon="13.7412250">
    <ele>438.0</ele>
   </trkpt>
   <trkpt lat="46.1684680" lon="13.7412820">
    <ele>437.4</ele>
   </trkpt>
   <trkpt lat="46.1684450" lon="13.7413330">
    <ele>436.9</ele>
   </trkpt>
   <trkpt lat="46.1684230" lon="13.7413900">
    <ele>436.4</ele>
   </trkpt>
   <trkpt lat="46.1684030" lon="13.7414430">
    <ele>436.0</ele>
   </trkpt>
   <trkpt lat="46.1683900" lon="13.7414970">
    <ele>435.6</ele>
   </trkpt>
   <trkpt lat="46.1683750" lon="13.7415480">
    <ele>435.1</ele>
   </trkpt>
   <trkpt lat="46.1683600" lon="13.7415970">
    <ele>434.7</ele>
   </trkpt>
   <trkpt lat="46.1683500" lon="13.7416430">
    <ele>434.2</ele>
   </trkpt>
   <trkpt lat="46.1683350" lon="13.7416920">
    <ele>433.6</ele>
   </trkpt>
   <trkpt lat="46.1683250" lon="13.7417420">
    <ele>432.9</ele>
   </trkpt>
   <trkpt lat="46.1683120" lon="13.7417900">
    <ele>432.3</ele>
   </trkpt>
   <trkpt lat="46.1683000" lon="13.7418400">
    <ele>431.6</ele>
   </trkpt>
   <trkpt lat="46.1682850" lon="13.7418900">
    <ele>431.0</ele>
   </trkpt>
   <trkpt lat="46.1682720" lon="13.7419380">
    <ele>430.3</ele>
   </trkpt>
   <trkpt lat="46.1682550" lon="13.7419820">
    <ele>429.7</ele>
   </trkpt>
   <trkpt lat="46.1682370" lon="13.7420250">
    <ele>429.1</ele>
   </trkpt>
   <trkpt lat="46.1682200" lon="13.7420750">
    <ele>428.4</ele>
   </trkpt>
   <trkpt lat="46.1682030" lon="13.7421250">
    <ele>427.7</ele>
   </trkpt>
   <trkpt lat="46.1681850" lon="13.7421770">
    <ele>427.1</ele>
   </trkpt>
   <trkpt lat="46.1681650" lon="13.7422300">
    <ele>426.4</ele>
   </trkpt>
   <trkpt lat="46.1681420" lon="13.7422850">
    <ele>425.7</ele>
   </trkpt>
   <trkpt lat="46.1681180" lon="13.7423380">
    <ele>425.0</ele>
   </trkpt>
   <trkpt lat="46.1681020" lon="13.7423920">
    <ele>424.5</ele>
   </trkpt>
   <trkpt lat="46.1680850" lon="13.7424420">
    <ele>423.9</ele>
   </trkpt>
   <trkpt lat="46.1680650" lon="13.7424830">
    <ele>423.5</ele>
   </trkpt>
   <trkpt lat="46.1680530" lon="13.7425270">
    <ele>423.0</ele>
   </trkpt>
   <trkpt lat="46.1680370" lon="13.7425720">
    <ele>422.5</ele>
   </trkpt>
   <trkpt lat="46.1680220" lon="13.7426130">
    <ele>421.9</ele>
   </trkpt>
   <trkpt lat="46.1680000" lon="13.7426530">
    <ele>421.3</ele>
   </trkpt>
   <trkpt lat="46.1679780" lon="13.7426880">
    <ele>420.6</ele>
   </trkpt>
   <trkpt lat="46.1679620" lon="13.7427230">
    <ele>420.0</ele>
   </trkpt>
   <trkpt lat="46.1679430" lon="13.7427620">
    <ele>419.2</ele>
   </trkpt>
   <trkpt lat="46.1679200" lon="13.7427880">
    <ele>418.5</ele>
   </trkpt>
   <trkpt lat="46.1678930" lon="13.7428100">
    <ele>417.7</ele>
   </trkpt>
   <trkpt lat="46.1678680" lon="13.7428320">
    <ele>417.0</ele>
   </trkpt>
   <trkpt lat="46.1678470" lon="13.7428600">
    <ele>416.3</ele>
   </trkpt>
   <trkpt lat="46.1678250" lon="13.7428900">
    <ele>415.5</ele>
   </trkpt>
   <trkpt lat="46.1678030" lon="13.7429230">
    <ele>414.7</ele>
   </trkpt>
   <trkpt lat="46.1677820" lon="13.7429580">
    <ele>413.8</ele>
   </trkpt>
   <trkpt lat="46.1677630" lon="13.7429900">
    <ele>413.1</ele>
   </trkpt>
   <trkpt lat="46.1677420" lon="13.7430230">
    <ele>412.2</ele>
   </trkpt>
   <trkpt lat="46.1677220" lon="13.7430570">
    <ele>411.5</ele>
   </trkpt>
   <trkpt lat="46.1677050" lon="13.7430970">
    <ele>410.6</ele>
   </trkpt>
   <trkpt lat="46.1676900" lon="13.7431380">
    <ele>409.9</ele>
   </trkpt>
   <trkpt lat="46.1676870" lon="13.7431870">
    <ele>409.2</ele>
   </trkpt>
   <trkpt lat="46.1676780" lon="13.7432400">
    <ele>408.4</ele>
   </trkpt>
   <trkpt lat="46.1676550" lon="13.7432930">
    <ele>407.5</ele>
   </trkpt>
   <trkpt lat="46.1676180" lon="13.7433330">
    <ele>406.7</ele>
   </trkpt>
   <trkpt lat="46.1675830" lon="13.7433500">
    <ele>406.1</ele>
   </trkpt>
   <trkpt lat="46.1675450" lon="13.7433450">
    <ele>405.5</ele>
   </trkpt>
   <trkpt lat="46.1675150" lon="13.7433220">
    <ele>404.9</ele>
   </trkpt>
   <trkpt lat="46.1674920" lon="13.7432920">
    <ele>404.4</ele>
   </trkpt>
   <trkpt lat="46.1674680" lon="13.7432600">
    <ele>403.8</ele>
   </trkpt>
   <trkpt lat="46.1674470" lon="13.7432320">
    <ele>403.2</ele>
   </trkpt>
   <trkpt lat="46.1674270" lon="13.7432030">
    <ele>402.7</ele>
   </trkpt>
   <trkpt lat="46.1674050" lon="13.7431780">
    <ele>402.1</ele>
   </trkpt>
   <trkpt lat="46.1673850" lon="13.7431500">
    <ele>401.4</ele>
   </trkpt>
   <trkpt lat="46.1673680" lon="13.7431180">
    <ele>400.8</ele>
   </trkpt>
   <trkpt lat="46.1673470" lon="13.7430930">
    <ele>400.2</ele>
   </trkpt>
   <trkpt lat="46.1673180" lon="13.7430830">
    <ele>399.5</ele>
   </trkpt>
   <trkpt lat="46.1672920" lon="13.7430730">
    <ele>398.9</ele>
   </trkpt>
   <trkpt lat="46.1672680" lon="13.7430570">
    <ele>398.3</ele>
   </trkpt>
   <trkpt lat="46.1672370" lon="13.7430500">
    <ele>397.6</ele>
   </trkpt>
   <trkpt lat="46.1672030" lon="13.7430450">
    <ele>396.8</ele>
   </trkpt>
   <trkpt lat="46.1671700" lon="13.7430420">
    <ele>396.1</ele>
   </trkpt>
   <trkpt lat="46.1671350" lon="13.7430400">
    <ele>395.4</ele>
   </trkpt>
   <trkpt lat="46.1670980" lon="13.7430320">
    <ele>394.6</ele>
   </trkpt>
   <trkpt lat="46.1670600" lon="13.7430220">
    <ele>393.8</ele>
   </trkpt>
   <trkpt lat="46.1670180" lon="13.7430180">
    <ele>393.0</ele>
   </trkpt>
   <trkpt lat="46.1669820" lon="13.7430120">
    <ele>392.3</ele>
   </trkpt>
   <trkpt lat="46.1669480" lon="13.7429900">
    <ele>391.6</ele>
   </trkpt>
   <trkpt lat="46.1669250" lon="13.7429620">
    <ele>391.0</ele>
   </trkpt>
   <trkpt lat="46.1669020" lon="13.7429270">
    <ele>390.3</ele>
   </trkpt>
   <trkpt lat="46.1668750" lon="13.7428930">
    <ele>389.6</ele>
   </trkpt>
   <trkpt lat="46.1668500" lon="13.7428630">
    <ele>389.0</ele>
   </trkpt>
   <trkpt lat="46.1668330" lon="13.7428270">
    <ele>388.3</ele>
   </trkpt>
   <trkpt lat="46.1668230" lon="13.7427880">
    <ele>387.7</ele>
   </trkpt>
   <trkpt lat="46.1668180" lon="13.7427520">
    <ele>387.2</ele>
   </trkpt>
   <trkpt lat="46.1668150" lon="13.7427120">
    <ele>386.6</ele>
   </trkpt>
   <trkpt lat="46.1668050" lon="13.7426720">
    <ele>386.0</ele>
   </trkpt>
   <trkpt lat="46.1667880" lon="13.7426280">
    <ele>385.3</ele>
   </trkpt>
   <trkpt lat="46.1667580" lon="13.7426050">
    <ele>384.6</ele>
   </trkpt>
   <trkpt lat="46.1667420" lon="13.7425630">
    <ele>384.0</ele>
   </trkpt>
   <trkpt lat="46.1667220" lon="13.7425270">
    <ele>383.4</ele>
   </trkpt>
   <trkpt lat="46.1666980" lon="13.7424830">
    <ele>382.6</ele>
   </trkpt>
   <trkpt lat="46.1666780" lon="13.7424450">
    <ele>382.0</ele>
   </trkpt>
   <trkpt lat="46.1666630" lon="13.7424080">
    <ele>381.4</ele>
   </trkpt>
   <trkpt lat="46.1666470" lon="13.7423720">
    <ele>380.8</ele>
   </trkpt>
   <trkpt lat="46.1666330" lon="13.7423320">
    <ele>380.2</ele>
   </trkpt>
   <trkpt lat="46.1666200" lon="13.7422880">
    <ele>379.4</ele>
   </trkpt>
   <trkpt lat="46.1666100" lon="13.7422420">
    <ele>378.7</ele>
   </trkpt>
   <trkpt lat="46.1666030" lon="13.7422130">
    <ele>378.2</ele>
   </trkpt>
   <trkpt lat="46.1665980" lon="13.7421970">
    <ele>377.9</ele>
   </trkpt>
   <trkpt lat="46.1665930" lon="13.7422070">
    <ele>377.7</ele>
   </trkpt>
   <trkpt lat="46.1665920" lon="13.7422280">
    <ele>377.4</ele>
   </trkpt>
   <trkpt lat="46.1665900" lon="13.7422620">
    <ele>377.0</ele>
   </trkpt>
   <trkpt lat="46.1665880" lon="13.7423030">
    <ele>376.4</ele>
   </trkpt>
   <trkpt lat="46.1665880" lon="13.7423330">
    <ele>376.0</ele>
   </trkpt>
   <trkpt lat="46.1665880" lon="13.7423700">
    <ele>375.5</ele>
   </trkpt>
   <trkpt lat="46.1665920" lon="13.7424100">
    <ele>374.9</ele>
   </trkpt>
   <trkpt lat="46.1665970" lon="13.7424530">
    <ele>374.3</ele>
   </trkpt>
   <trkpt lat="46.1666030" lon="13.7424950">
    <ele>373.7</ele>
   </trkpt>
   <trkpt lat="46.1666070" lon="13.7425400">
    <ele>373.1</ele>
   </trkpt>
   <trkpt lat="46.1666070" lon="13.7425820">
    <ele>372.5</ele>
   </trkpt>
   <trkpt lat="46.1666070" lon="13.7426200">
    <ele>371.9</ele>
   </trkpt>
   <trkpt lat="46.1666030" lon="13.7426580">
    <ele>371.3</ele>
   </trkpt>
   <trkpt lat="46.1665980" lon="13.7426970">
    <ele>370.7</ele>
   </trkpt>
   <trkpt lat="46.1665980" lon="13.7427370">
    <ele>370.1</ele>
   </trkpt>
   <trkpt lat="46.1665980" lon="13.7427800">
    <ele>369.4</ele>
   </trkpt>
   <trkpt lat="46.1665980" lon="13.7428230">
    <ele>368.7</ele>
   </trkpt>
   <trkpt lat="46.1665970" lon="13.7428730">
    <ele>367.9</ele>
   </trkpt>
   <trkpt lat="46.1665970" lon="13.7429180">
    <ele>367.1</ele>
   </trkpt>
   <trkpt lat="46.1666050" lon="13.7429550">
    <ele>366.5</ele>
   </trkpt>
   <trkpt lat="46.1666180" lon="13.7429920">
    <ele>365.9</ele>
   </trkpt>
   <trkpt lat="46.1666350" lon="13.7430230">
    <ele>365.3</ele>
   </trkpt>
   <trkpt lat="46.1666430" lon="13.7430630">
    <ele>364.8</ele>
   </trkpt>
   <trkpt lat="46.1666520" lon="13.7431050">
    <ele>364.2</ele>
   </trkpt>
   <trkpt lat="46.1666550" lon="13.7431480">
    <ele>363.7</ele>
   </trkpt>
   <trkpt lat="46.1666630" lon="13.7431850">
    <ele>363.2</ele>
   </trkpt>
   <trkpt lat="46.1666670" lon="13.7432230">
    <ele>362.8</ele>
   </trkpt>
   <trkpt lat="46.1666720" lon="13.7432600">
    <ele>362.5</ele>
   </trkpt>
   <trkpt lat="46.1666820" lon="13.7432900">
    <ele>362.1</ele>
   </trkpt>
   <trkpt lat="46.1666970" lon="13.7433150">
    <ele>361.9</ele>
   </trkpt>
   <trkpt lat="46.1667180" lon="13.7433370">
    <ele>361.5</ele>
   </trkpt>
   <trkpt lat="46.1667420" lon="13.7433570">
    <ele>361.2</ele>
   </trkpt>
   <trkpt lat="46.1667570" lon="13.7433880">
    <ele>360.9</ele>
   </trkpt>
   <trkpt lat="46.1667650" lon="13.7434270">
    <ele>360.6</ele>
   </trkpt>
   <trkpt lat="46.1667680" lon="13.7434650">
    <ele>360.2</ele>
   </trkpt>
   <trkpt lat="46.1667700" lon="13.7435050">
    <ele>359.9</ele>
   </trkpt>
   <trkpt lat="46.1667720" lon="13.7435500">
    <ele>359.4</ele>
   </trkpt>
   <trkpt lat="46.1667720" lon="13.7435950">
    <ele>359.0</ele>
   </trkpt>
   <trkpt lat="46.1667720" lon="13.7436400">
    <ele>358.5</ele>
   </trkpt>
   <trkpt lat="46.1667730" lon="13.7436850">
    <ele>358.0</ele>
   </trkpt>
   <trkpt lat="46.1667820" lon="13.7437300">
    <ele>357.5</ele>
   </trkpt>
   <trkpt lat="46.1667920" lon="13.7437800">
    <ele>356.9</ele>
   </trkpt>
   <trkpt lat="46.1668100" lon="13.7438270">
    <ele>356.3</ele>
   </trkpt>
   <trkpt lat="46.1668280" lon="13.7438600">
    <ele>355.8</ele>
   </trkpt>
   <trkpt lat="46.1668430" lon="13.7438970">
    <ele>355.2</ele>
   </trkpt>
   <trkpt lat="46.1668550" lon="13.7439370">
    <ele>354.6</ele>
   </trkpt>
   <trkpt lat="46.1668670" lon="13.7439800">
    <ele>354.0</ele>
   </trkpt>
   <trkpt lat="46.1668800" lon="13.7440180">
    <ele>353.3</ele>
   </trkpt>
   <trkpt lat="46.1668980" lon="13.7440550">
    <ele>352.6</ele>
   </trkpt>
   <trkpt lat="46.1669220" lon="13.7440970">
    <ele>351.8</ele>
   </trkpt>
   <trkpt lat="46.1669430" lon="13.7441370">
    <ele>351.0</ele>
   </trkpt>
   <trkpt lat="46.1669730" lon="13.7441720">
    <ele>350.2</ele>
   </trkpt>
   <trkpt lat="46.1670020" lon="13.7442030">
    <ele>349.6</ele>
   </trkpt>
   <trkpt lat="46.1670270" lon="13.7442430">
    <ele>349.0</ele>
   </trkpt>
   <trkpt lat="46.1670430" lon="13.7442800">
    <ele>348.5</ele>
   </trkpt>
   <trkpt lat="46.1670630" lon="13.7443180">
    <ele>348.1</ele>
   </trkpt>
   <trkpt lat="46.1670870" lon="13.7443500">
    <ele>347.7</ele>
   </trkpt>
   <trkpt lat="46.1671070" lon="13.7443820">
    <ele>347.4</ele>
   </trkpt>
   <trkpt lat="46.1671180" lon="13.7444200">
    <ele>347.1</ele>
   </trkpt>
   <trkpt lat="46.1671320" lon="13.7444630">
    <ele>346.8</ele>
   </trkpt>
   <trkpt lat="46.1671470" lon="13.7445030">
    <ele>346.5</ele>
   </trkpt>
   <trkpt lat="46.1671570" lon="13.7445420">
    <ele>346.2</ele>
   </trkpt>
   <trkpt lat="46.1671700" lon="13.7445830">
    <ele>345.9</ele>
   </trkpt>
   <trkpt lat="46.1671780" lon="13.7446220">
    <ele>345.5</ele>
   </trkpt>
   <trkpt lat="46.1671900" lon="13.7446650">
    <ele>345.1</ele>
   </trkpt>
   <trkpt lat="46.1671980" lon="13.7447070">
    <ele>344.6</ele>
   </trkpt>
   <trkpt lat="46.1672070" lon="13.7447470">
    <ele>344.2</ele>
   </trkpt>
   <trkpt lat="46.1672170" lon="13.7447880">
    <ele>343.7</ele>
   </trkpt>
   <trkpt lat="46.1672300" lon="13.7448300">
    <ele>343.2</ele>
   </trkpt>
   <trkpt lat="46.1672330" lon="13.7448800">
    <ele>342.7</ele>
   </trkpt>
   <trkpt lat="46.1672480" lon="13.7449270">
    <ele>342.1</ele>
   </trkpt>
   <trkpt lat="46.1672700" lon="13.7449680">
    <ele>341.5</ele>
   </trkpt>
   <trkpt lat="46.1672880" lon="13.7450050">
    <ele>340.9</ele>
   </trkpt>
   <trkpt lat="46.1673050" lon="13.7450430">
    <ele>340.4</ele>
   </trkpt>
   <trkpt lat="46.1673200" lon="13.7450770">
    <ele>339.8</ele>
   </trkpt>
   <trkpt lat="46.1673350" lon="13.7451100">
    <ele>339.3</ele>
   </trkpt>
   <trkpt lat="46.1673550" lon="13.7451430">
    <ele>338.6</ele>
   </trkpt>
   <trkpt lat="46.1673680" lon="13.7451800">
    <ele>338.0</ele>
   </trkpt>
   <trkpt lat="46.1673780" lon="13.7452180">
    <ele>337.4</ele>
   </trkpt>
   <trkpt lat="46.1673900" lon="13.7452550">
    <ele>336.8</ele>
   </trkpt>
   <trkpt lat="46.1674050" lon="13.7452950">
    <ele>336.2</ele>
   </trkpt>
   <trkpt lat="46.1674180" lon="13.7453450">
    <ele>335.4</ele>
   </trkpt>
   <trkpt lat="46.1674370" lon="13.7453780">
    <ele>334.9</ele>
   </trkpt>
   <trkpt lat="46.1674580" lon="13.7454130">
    <ele>334.3</ele>
   </trkpt>
   <trkpt lat="46.1674770" lon="13.7454520">
    <ele>333.8</ele>
   </trkpt>
   <trkpt lat="46.1674970" lon="13.7455050">
    <ele>333.3</ele>
   </trkpt>
   <trkpt lat="46.1675130" lon="13.7455580">
    <ele>332.9</ele>
   </trkpt>
   <trkpt lat="46.1675270" lon="13.7456070">
    <ele>332.6</ele>
   </trkpt>
   <trkpt lat="46.1675380" lon="13.7456530">
    <ele>332.3</ele>
   </trkpt>
   <trkpt lat="46.1675470" lon="13.7456980">
    <ele>332.0</ele>
   </trkpt>
   <trkpt lat="46.1675470" lon="13.7457450">
    <ele>331.7</ele>
   </trkpt>
   <trkpt lat="46.1675480" lon="13.7457850">
    <ele>331.4</ele>
   </trkpt>
   <trkpt lat="46.1675550" lon="13.7458220">
    <ele>331.1</ele>
   </trkpt>
   <trkpt lat="46.1675600" lon="13.7458600">
    <ele>330.7</ele>
   </trkpt>
   <trkpt lat="46.1675670" lon="13.7459050">
    <ele>330.3</ele>
   </trkpt>
   <trkpt lat="46.1675770" lon="13.7459480">
    <ele>329.8</ele>
   </trkpt>
   <trkpt lat="46.1675830" lon="13.7459900">
    <ele>329.3</ele>
   </trkpt>
   <trkpt lat="46.1675850" lon="13.7460300">
    <ele>328.8</ele>
   </trkpt>
   <trkpt lat="46.1675930" lon="13.7460730">
    <ele>328.2</ele>
   </trkpt>
   <trkpt lat="46.1675980" lon="13.7461220">
    <ele>327.6</ele>
   </trkpt>
   <trkpt lat="46.1676050" lon="13.7461700">
    <ele>326.9</ele>
   </trkpt>
   <trkpt lat="46.1676150" lon="13.7462200">
    <ele>326.3</ele>
   </trkpt>
   <trkpt lat="46.1676350" lon="13.7462730">
    <ele>325.5</ele>
   </trkpt>
   <trkpt lat="46.1676570" lon="13.7463230">
    <ele>324.7</ele>
   </trkpt>
   <trkpt lat="46.1676800" lon="13.7463620">
    <ele>324.0</ele>
   </trkpt>
   <trkpt lat="46.1677000" lon="13.7463870">
    <ele>323.5</ele>
   </trkpt>
   <trkpt lat="46.1677200" lon="13.7464020">
    <ele>323.1</ele>
   </trkpt>
   <trkpt lat="46.1677480" lon="13.7463930">
    <ele>322.6</ele>
   </trkpt>
   <trkpt lat="46.1677700" lon="13.7463770">
    <ele>322.3</ele>
   </trkpt>
   <trkpt lat="46.1677920" lon="13.7463520">
    <ele>321.9</ele>
   </trkpt>
   <trkpt lat="46.1678150" lon="13.7463180">
    <ele>321.4</ele>
   </trkpt>
   <trkpt lat="46.1678350" lon="13.7462830">
    <ele>321.0</ele>
   </trkpt>
   <trkpt lat="46.1678520" lon="13.7462420">
    <ele>320.6</ele>
   </trkpt>
   <trkpt lat="46.1678650" lon="13.7462020">
    <ele>320.3</ele>
   </trkpt>
   <trkpt lat="46.1678820" lon="13.7461670">
    <ele>320.0</ele>
   </trkpt>
   <trkpt lat="46.1678950" lon="13.7461330">
    <ele>319.7</ele>
   </trkpt>
   <trkpt lat="46.1679130" lon="13.7460950">
    <ele>319.4</ele>
   </trkpt>
   <trkpt lat="46.1679320" lon="13.7460530">
    <ele>319.0</ele>
   </trkpt>
   <trkpt lat="46.1679550" lon="13.7460120">
    <ele>318.7</ele>
   </trkpt>
   <trkpt lat="46.1679730" lon="13.7459780">
    <ele>318.4</ele>
   </trkpt>
   <trkpt lat="46.1679980" lon="13.7459500">
    <ele>318.0</ele>
   </trkpt>
   <trkpt lat="46.1680300" lon="13.7459180">
    <ele>317.6</ele>
   </trkpt>
   <trkpt lat="46.1680570" lon="13.7458900">
    <ele>317.3</ele>
   </trkpt>
   <trkpt lat="46.1680770" lon="13.7458650">
    <ele>317.1</ele>
   </trkpt>
   <trkpt lat="46.1680950" lon="13.7458350">
    <ele>316.8</ele>
   </trkpt>
   <trkpt lat="46.1681150" lon="13.7458000">
    <ele>316.5</ele>
   </trkpt>
   <trkpt lat="46.1681370" lon="13.7457630">
    <ele>316.2</ele>
   </trkpt>
   <trkpt lat="46.1681630" lon="13.7457270">
    <ele>315.8</ele>
   </trkpt>
   <trkpt lat="46.1681930" lon="13.7456880">
    <ele>315.4</ele>
   </trkpt>
   <trkpt lat="46.1682150" lon="13.7456470">
    <ele>315.1</ele>
   </trkpt>
   <trkpt lat="46.1682400" lon="13.7456070">
    <ele>314.7</ele>
   </trkpt>
   <trkpt lat="46.1682680" lon="13.7455670">
    <ele>314.3</ele>
   </trkpt>
   <trkpt lat="46.1682970" lon="13.7455300">
    <ele>313.9</ele>
   </trkpt>
   <trkpt lat="46.1683250" lon="13.7455070">
    <ele>313.5</ele>
   </trkpt>
   <trkpt lat="46.1683500" lon="13.7454850">
    <ele>313.2</ele>
   </trkpt>
   <trkpt lat="46.1683750" lon="13.7454620">
    <ele>312.9</ele>
   </trkpt>
   <trkpt lat="46.1683970" lon="13.7454320">
    <ele>312.6</ele>
   </trkpt>
   <trkpt lat="46.1684180" lon="13.7453970">
    <ele>312.3</ele>
   </trkpt>
   <trkpt lat="46.1684400" lon="13.7453630">
    <ele>312.0</ele>
   </trkpt>
   <trkpt lat="46.1684630" lon="13.7453330">
    <ele>311.6</ele>
   </trkpt>
   <trkpt lat="46.1684820" lon="13.7453020">
    <ele>311.4</ele>
   </trkpt>
   <trkpt lat="46.1684970" lon="13.7452680">
    <ele>311.1</ele>
   </trkpt>
   <trkpt lat="46.1685070" lon="13.7452330">
    <ele>310.9</ele>
   </trkpt>
   <trkpt lat="46.1685100" lon="13.7451930">
    <ele>310.7</ele>
   </trkpt>
   <trkpt lat="46.1685130" lon="13.7451380">
    <ele>310.4</ele>
   </trkpt>
   <trkpt lat="46.1685200" lon="13.7451070">
    <ele>310.4</ele>
   </trkpt>
   <trkpt lat="46.1685250" lon="13.7450780">
    <ele>310.3</ele>
   </trkpt>
   <trkpt lat="46.1685320" lon="13.7450550">
    <ele>310.3</ele>
   </trkpt>
   <trkpt lat="46.1685430" lon="13.7450350">
    <ele>310.3</ele>
   </trkpt>
   <trkpt lat="46.1685580" lon="13.7450170">
    <ele>310.4</ele>
   </trkpt>
   <trkpt lat="46.1685670" lon="13.7449970">
    <ele>310.4</ele>
   </trkpt>
   <trkpt lat="46.1685750" lon="13.7449720">
    <ele>310.5</ele>
   </trkpt>
   <trkpt lat="46.1685830" lon="13.7449430">
    <ele>310.6</ele>
   </trkpt>
   <trkpt lat="46.1685950" lon="13.7449130">
    <ele>310.7</ele>
   </trkpt>
   <trkpt lat="46.1686050" lon="13.7448850">
    <ele>310.9</ele>
   </trkpt>
   <trkpt lat="46.1686120" lon="13.7448650">
    <ele>311.0</ele>
   </trkpt>
   <trkpt lat="46.1686170" lon="13.7448450">
    <ele>311.2</ele>
   </trkpt>
   <trkpt lat="46.1686220" lon="13.7448230">
    <ele>311.4</ele>
   </trkpt>
   <trkpt lat="46.1686280" lon="13.7447980">
    <ele>311.6</ele>
   </trkpt>
   <trkpt lat="46.1686370" lon="13.7447770">
    <ele>311.9</ele>
   </trkpt>
   <trkpt lat="46.1686470" lon="13.7447550">
    <ele>312.1</ele>
   </trkpt>
   <trkpt lat="46.1686500" lon="13.7447350">
    <ele>312.4</ele>
   </trkpt>
   <trkpt lat="46.1686550" lon="13.7447170">
    <ele>312.6</ele>
   </trkpt>
   <trkpt lat="46.1686580" lon="13.7446950">
    <ele>312.9</ele>
   </trkpt>
   <trkpt lat="46.1686630" lon="13.7446680">
    <ele>313.2</ele>
   </trkpt>
   <trkpt lat="46.1686700" lon="13.7446430">
    <ele>313.5</ele>
   </trkpt>
   <trkpt lat="46.1686750" lon="13.7446200">
    <ele>313.9</ele>
   </trkpt>
   <trkpt lat="46.1686770" lon="13.7445970">
    <ele>314.2</ele>
   </trkpt>
   <trkpt lat="46.1686780" lon="13.7445750">
    <ele>314.5</ele>
   </trkpt>
   <trkpt lat="46.1686780" lon="13.7445530">
    <ele>314.8</ele>
   </trkpt>
   <trkpt lat="46.1686800" lon="13.7445320">
    <ele>315.0</ele>
   </trkpt>
   <trkpt lat="46.1686830" lon="13.7445070">
    <ele>315.4</ele>
   </trkpt>
   <trkpt lat="46.1686830" lon="13.7444820">
    <ele>315.7</ele>
   </trkpt>
   <trkpt lat="46.1686830" lon="13.7444520">
    <ele>316.1</ele>
   </trkpt>
   <trkpt lat="46.1686850" lon="13.7444150">
    <ele>316.6</ele>
   </trkpt>
   <trkpt lat="46.1686880" lon="13.7443880">
    <ele>316.9</ele>
   </trkpt>
   <trkpt lat="46.1686920" lon="13.7443500">
    <ele>317.4</ele>
   </trkpt>
   <trkpt lat="46.1686880" lon="13.7443180">
    <ele>317.9</ele>
   </trkpt>
   <trkpt lat="46.1686730" lon="13.7442700">
    <ele>318.5</ele>
   </trkpt>
   <trkpt lat="46.1686620" lon="13.7442270">
    <ele>319.1</ele>
   </trkpt>
   <trkpt lat="46.1686630" lon="13.7441600">
    <ele>320.0</ele>
   </trkpt>
   <trkpt lat="46.1686620" lon="13.7440930">
    <ele>320.9</ele>
   </trkpt>
   <trkpt lat="46.1686620" lon="13.7440400">
    <ele>321.7</ele>
   </trkpt>
   <trkpt lat="46.1686530" lon="13.7439870">
    <ele>322.4</ele>
   </trkpt>
   <trkpt lat="46.1686470" lon="13.7439400">
    <ele>323.0</ele>
   </trkpt>
   <trkpt lat="46.1686350" lon="13.7438770">
    <ele>323.8</ele>
   </trkpt>
   <trkpt lat="46.1686280" lon="13.7438270">
    <ele>324.3</ele>
   </trkpt>
   <trkpt lat="46.1686200" lon="13.7437920">
    <ele>324.7</ele>
   </trkpt>
   <trkpt lat="46.1686320" lon="13.7437500">
    <ele>325.1</ele>
   </trkpt>
   <trkpt lat="46.1686430" lon="13.7437100">
    <ele>325.5</ele>
   </trkpt>
   <trkpt lat="46.1686550" lon="13.7436570">
    <ele>326.0</ele>
   </trkpt>
   <trkpt lat="46.1686600" lon="13.7436270">
    <ele>326.2</ele>
   </trkpt>
   <trkpt lat="46.1686720" lon="13.7435800">
    <ele>326.6</ele>
   </trkpt>
   <trkpt lat="46.1686730" lon="13.7435380">
    <ele>326.9</ele>
   </trkpt>
   <trkpt lat="46.1686780" lon="13.7434880">
    <ele>327.2</ele>
   </trkpt>
   <trkpt lat="46.1686870" lon="13.7434700">
    <ele>327.3</ele>
   </trkpt>
   <trkpt lat="46.1687000" lon="13.7434480">
    <ele>327.5</ele>
   </trkpt>
   <trkpt lat="46.1687220" lon="13.7434220">
    <ele>327.7</ele>
   </trkpt>
   <trkpt lat="46.1687470" lon="13.7434070">
    <ele>327.9</ele>
   </trkpt>
   <trkpt lat="46.1687680" lon="13.7434070">
    <ele>328.1</ele>
   </trkpt>
   <trkpt lat="46.1687930" lon="13.7433920">
    <ele>328.3</ele>
   </trkpt>
   <trkpt lat="46.1688170" lon="13.7433730">
    <ele>328.5</ele>
   </trkpt>
   <trkpt lat="46.1688500" lon="13.7433580">
    <ele>328.7</ele>
   </trkpt>
   <trkpt lat="46.1688700" lon="13.7433530">
    <ele>328.8</ele>
   </trkpt>
   <trkpt lat="46.1688870" lon="13.7433570">
    <ele>328.9</ele>
   </trkpt>
   <trkpt lat="46.1689100" lon="13.7433550">
    <ele>328.9</ele>
   </trkpt>
   <trkpt lat="46.1689220" lon="13.7433320">
    <ele>329.0</ele>
   </trkpt>
   <trkpt lat="46.1689500" lon="13.7433150">
    <ele>329.1</ele>
   </trkpt>
   <trkpt lat="46.1689700" lon="13.7432920">
    <ele>329.2</ele>
   </trkpt>
   <trkpt lat="46.1689800" lon="13.7432650">
    <ele>329.3</ele>
   </trkpt>
   <trkpt lat="46.1689950" lon="13.7432430">
    <ele>329.3</ele>
   </trkpt>
   <trkpt lat="46.1689980" lon="13.7432120">
    <ele>329.4</ele>
   </trkpt>
   <trkpt lat="46.1690080" lon="13.7431780">
    <ele>329.4</ele>
   </trkpt>
   <trkpt lat="46.1690150" lon="13.7431450">
    <ele>329.4</ele>
   </trkpt>
   <trkpt lat="46.1690170" lon="13.7431150">
    <ele>329.5</ele>
   </trkpt>
   <trkpt lat="46.1690320" lon="13.7430830">
    <ele>329.5</ele>
   </trkpt>
   <trkpt lat="46.1690550" lon="13.7430480">
    <ele>329.4</ele>
   </trkpt>
   <trkpt lat="46.1690780" lon="13.7430220">
    <ele>329.4</ele>
   </trkpt>
   <trkpt lat="46.1691020" lon="13.7430120">
    <ele>329.4</ele>
   </trkpt>
   <trkpt lat="46.1691230" lon="13.7429920">
    <ele>329.3</ele>
   </trkpt>
   <trkpt lat="46.1691550" lon="13.7429630">
    <ele>329.2</ele>
   </trkpt>
   <trkpt lat="46.1691800" lon="13.7429500">
    <ele>329.1</ele>
   </trkpt>
   <trkpt lat="46.1692150" lon="13.7429400">
    <ele>328.9</ele>
   </trkpt>
   <trkpt lat="46.1692420" lon="13.7429470">
    <ele>328.7</ele>
   </trkpt>
   <trkpt lat="46.1692680" lon="13.7429380">
    <ele>328.6</ele>
   </trkpt>
   <trkpt lat="46.1692880" lon="13.7429270">
    <ele>328.4</ele>
   </trkpt>
   <trkpt lat="46.1693100" lon="13.7429050">
    <ele>328.2</ele>
   </trkpt>
   <trkpt lat="46.1693270" lon="13.7428900">
    <ele>328.0</ele>
   </trkpt>
   <trkpt lat="46.1693370" lon="13.7428680">
    <ele>327.8</ele>
   </trkpt>
   <trkpt lat="46.1693470" lon="13.7428380">
    <ele>327.5</ele>
   </trkpt>
   <trkpt lat="46.1693550" lon="13.7427920">
    <ele>327.2</ele>
   </trkpt>
   <trkpt lat="46.1693670" lon="13.7427430">
    <ele>326.8</ele>
   </trkpt>
   <trkpt lat="46.1693730" lon="13.7426980">
    <ele>326.5</ele>
   </trkpt>
   <trkpt lat="46.1693870" lon="13.7426570">
    <ele>326.2</ele>
   </trkpt>
   <trkpt lat="46.1694080" lon="13.7426070">
    <ele>326.0</ele>
   </trkpt>
   <trkpt lat="46.1694480" lon="13.7425630">
    <ele>325.7</ele>
   </trkpt>
   <trkpt lat="46.1694720" lon="13.7425350">
    <ele>325.7</ele>
   </trkpt>
   <trkpt lat="46.1694970" lon="13.7425020">
    <ele>325.6</ele>
   </trkpt>
   <trkpt lat="46.1695150" lon="13.7424620">
    <ele>325.7</ele>
   </trkpt>
   <trkpt lat="46.1695320" lon="13.7424380">
    <ele>325.7</ele>
   </trkpt>
   <trkpt lat="46.1695550" lon="13.7424100">
    <ele>325.7</ele>
   </trkpt>
   <trkpt lat="46.1695700" lon="13.7423880">
    <ele>325.7</ele>
   </trkpt>
   <trkpt lat="46.1695870" lon="13.7423630">
    <ele>325.7</ele>
   </trkpt>
   <trkpt lat="46.1696020" lon="13.7423350">
    <ele>325.8</ele>
   </trkpt>
   <trkpt lat="46.1696180" lon="13.7423100">
    <ele>325.8</ele>
   </trkpt>
   <trkpt lat="46.1696320" lon="13.7422770">
    <ele>325.8</ele>
   </trkpt>
   <trkpt lat="46.1696400" lon="13.7422450">
    <ele>325.9</ele>
   </trkpt>
   <trkpt lat="46.1696430" lon="13.7422100">
    <ele>326.0</ele>
   </trkpt>
   <trkpt lat="46.1696500" lon="13.7421770">
    <ele>326.0</ele>
   </trkpt>
   <trkpt lat="46.1696680" lon="13.7421500">
    <ele>326.1</ele>
   </trkpt>
   <trkpt lat="46.1696920" lon="13.7421280">
    <ele>326.2</ele>
   </trkpt>
   <trkpt lat="46.1697150" lon="13.7421030">
    <ele>326.3</ele>
   </trkpt>
   <trkpt lat="46.1697350" lon="13.7420750">
    <ele>326.4</ele>
   </trkpt>
   <trkpt lat="46.1697450" lon="13.7420480">
    <ele>326.5</ele>
   </trkpt>
   <trkpt lat="46.1697620" lon="13.7420180">
    <ele>326.7</ele>
   </trkpt>
   <trkpt lat="46.1697730" lon="13.7419920">
    <ele>326.8</ele>
   </trkpt>
   <trkpt lat="46.1697920" lon="13.7419650">
    <ele>326.9</ele>
   </trkpt>
   <trkpt lat="46.1698050" lon="13.7419330">
    <ele>327.1</ele>
   </trkpt>
   <trkpt lat="46.1698170" lon="13.7419070">
    <ele>327.2</ele>
   </trkpt>
   <trkpt lat="46.1698220" lon="13.7418820">
    <ele>327.4</ele>
   </trkpt>
   <trkpt lat="46.1698250" lon="13.7418550">
    <ele>327.6</ele>
   </trkpt>
   <trkpt lat="46.1698250" lon="13.7418330">
    <ele>327.8</ele>
   </trkpt>
   <trkpt lat="46.1698250" lon="13.7418130">
    <ele>327.9</ele>
   </trkpt>
   <trkpt lat="46.1698200" lon="13.7417930">
    <ele>328.1</ele>
   </trkpt>
   <trkpt lat="46.1698220" lon="13.7417850">
    <ele>328.2</ele>
   </trkpt>
   <trkpt lat="46.1698200" lon="13.7417670">
    <ele>328.3</ele>
   </trkpt>
   <trkpt lat="46.1698150" lon="13.7417450">
    <ele>328.6</ele>
   </trkpt>
   <trkpt lat="46.1698150" lon="13.7417300">
    <ele>328.7</ele>
   </trkpt>
   <trkpt lat="46.1698150" lon="13.7417130">
    <ele>328.9</ele>
   </trkpt>
   <trkpt lat="46.1698180" lon="13.7416950">
    <ele>329.1</ele>
   </trkpt>
   <trkpt lat="46.1698230" lon="13.7416820">
    <ele>329.3</ele>
   </trkpt>
   <trkpt lat="46.1698220" lon="13.7416600">
    <ele>329.5</ele>
   </trkpt>
   <trkpt lat="46.1698280" lon="13.7416380">
    <ele>329.8</ele>
   </trkpt>
   <trkpt lat="46.1698370" lon="13.7416170">
    <ele>330.0</ele>
   </trkpt>
   <trkpt lat="46.1698500" lon="13.7415950">
    <ele>330.3</ele>
   </trkpt>
   <trkpt lat="46.1698630" lon="13.7415700">
    <ele>330.6</ele>
   </trkpt>
   <trkpt lat="46.1698730" lon="13.7415480">
    <ele>330.9</ele>
   </trkpt>
   <trkpt lat="46.1698830" lon="13.7415300">
    <ele>331.1</ele>
   </trkpt>
   <trkpt lat="46.1698880" lon="13.7415120">
    <ele>331.3</ele>
   </trkpt>
   <trkpt lat="46.1699050" lon="13.7415000">
    <ele>331.5</ele>
   </trkpt>
   <trkpt lat="46.1699280" lon="13.7414880">
    <ele>331.8</ele>
   </trkpt>
   <trkpt lat="46.1699530" lon="13.7414750">
    <ele>332.1</ele>
   </trkpt>
   <trkpt lat="46.1699780" lon="13.7414670">
    <ele>332.3</ele>
   </trkpt>
   <trkpt lat="46.1700050" lon="13.7414450">
    <ele>332.5</ele>
   </trkpt>
   <trkpt lat="46.1700400" lon="13.7414180">
    <ele>332.7</ele>
   </trkpt>
   <trkpt lat="46.1700650" lon="13.7413920">
    <ele>332.8</ele>
   </trkpt>
   <trkpt lat="46.1700850" lon="13.7413720">
    <ele>332.9</ele>
   </trkpt>
   <trkpt lat="46.1701100" lon="13.7413500">
    <ele>332.9</ele>
   </trkpt>
   <trkpt lat="46.1701370" lon="13.7413320">
    <ele>332.9</ele>
   </trkpt>
   <trkpt lat="46.1701530" lon="13.7413080">
    <ele>332.9</ele>
   </trkpt>
   <trkpt lat="46.1701730" lon="13.7412870">
    <ele>332.9</ele>
   </trkpt>
   <trkpt lat="46.1701920" lon="13.7412650">
    <ele>332.9</ele>
   </trkpt>
   <trkpt lat="46.1702080" lon="13.7412420">
    <ele>332.8</ele>
   </trkpt>
   <trkpt lat="46.1702280" lon="13.7412180">
    <ele>332.8</ele>
   </trkpt>
   <trkpt lat="46.1702470" lon="13.7411930">
    <ele>332.8</ele>
   </trkpt>
   <trkpt lat="46.1702730" lon="13.7411770">
    <ele>332.8</ele>
   </trkpt>
   <trkpt lat="46.1703050" lon="13.7411670">
    <ele>332.7</ele>
   </trkpt>
   <trkpt lat="46.1703420" lon="13.7411500">
    <ele>332.7</ele>
   </trkpt>
   <trkpt lat="46.1703770" lon="13.7411230">
    <ele>332.6</ele>
   </trkpt>
   <trkpt lat="46.1703970" lon="13.7410950">
    <ele>332.5</ele>
   </trkpt>
   <trkpt lat="46.1704180" lon="13.7410600">
    <ele>332.3</ele>
   </trkpt>
   <trkpt lat="46.1704420" lon="13.7410300">
    <ele>332.1</ele>
   </trkpt>
   <trkpt lat="46.1704700" lon="13.7410030">
    <ele>331.9</ele>
   </trkpt>
   <trkpt lat="46.1705000" lon="13.7409770">
    <ele>331.5</ele>
   </trkpt>
   <trkpt lat="46.1705330" lon="13.7409520">
    <ele>331.1</ele>
   </trkpt>
   <trkpt lat="46.1705680" lon="13.7409280">
    <ele>330.6</ele>
   </trkpt>
   <trkpt lat="46.1706020" lon="13.7409070">
    <ele>330.0</ele>
   </trkpt>
   <trkpt lat="46.1706380" lon="13.7408850">
    <ele>329.3</ele>
   </trkpt>
   <trkpt lat="46.1706630" lon="13.7408680">
    <ele>328.7</ele>
   </trkpt>
   <trkpt lat="46.1706930" lon="13.7408470">
    <ele>328.0</ele>
   </trkpt>
   <trkpt lat="46.1707230" lon="13.7408220">
    <ele>327.1</ele>
   </trkpt>
   <trkpt lat="46.1707650" lon="13.7407870">
    <ele>325.8</ele>
   </trkpt>
   <trkpt lat="46.1708000" lon="13.7407550">
    <ele>324.6</ele>
   </trkpt>
   <trkpt lat="46.1708300" lon="13.7407230">
    <ele>323.5</ele>
   </trkpt>
   <trkpt lat="46.1708620" lon="13.7406800">
    <ele>322.2</ele>
   </trkpt>
   <trkpt lat="46.1709050" lon="13.7406450">
    <ele>320.7</ele>
   </trkpt>
   <trkpt lat="46.1709420" lon="13.7406080">
    <ele>319.4</ele>
   </trkpt>
   <trkpt lat="46.1709680" lon="13.7405700">
    <ele>318.0</ele>
   </trkpt>
   <trkpt lat="46.1709880" lon="13.7405370">
    <ele>316.5</ele>
   </trkpt>
   <trkpt lat="46.1710100" lon="13.7404930">
    <ele>315.1</ele>
   </trkpt>
   <trkpt lat="46.1710370" lon="13.7404550">
    <ele>313.6</ele>
   </trkpt>
   <trkpt lat="46.1710700" lon="13.7404270">
    <ele>310.9</ele>
   </trkpt>
   <trkpt lat="46.1711020" lon="13.7403930">
    <ele>309.4</ele>
   </trkpt>
   <trkpt lat="46.1711350" lon="13.7403580">
    <ele>307.8</ele>
   </trkpt>
   <trkpt lat="46.1711650" lon="13.7403220">
    <ele>306.2</ele>
   </trkpt>
   <trkpt lat="46.1711870" lon="13.7402820">
    <ele>304.7</ele>
   </trkpt>
   <trkpt lat="46.1712030" lon="13.7402420">
    <ele>305.9</ele>
   </trkpt>
   <trkpt lat="46.1712270" lon="13.7402130">
    <ele>303.2</ele>
   </trkpt>
   <trkpt lat="46.1712420" lon="13.7401800">
    <ele>304.3</ele>
   </trkpt>
   <trkpt lat="46.1712570" lon="13.7401420">
    <ele>302.9</ele>
   </trkpt>
   <trkpt lat="46.1712700" lon="13.7401030">
    <ele>303.8</ele>
   </trkpt>
   <trkpt lat="46.1712780" lon="13.7400570">
    <ele>302.4</ele>
   </trkpt>
   <trkpt lat="46.1712900" lon="13.7400100">
    <ele>303.2</ele>
   </trkpt>
   <trkpt lat="46.1712930" lon="13.7399670">
    <ele>304.1</ele>
   </trkpt>
   <trkpt lat="46.1713000" lon="13.7399220">
    <ele>305.0</ele>
   </trkpt>
   <trkpt lat="46.1713070" lon="13.7398880">
    <ele>303.5</ele>
   </trkpt>
   <trkpt lat="46.1713200" lon="13.7398480">
    <ele>304.4</ele>
   </trkpt>
   <trkpt lat="46.1713350" lon="13.7398080">
    <ele>302.5</ele>
   </trkpt>
   <trkpt lat="46.1713530" lon="13.7397680">
    <ele>303.3</ele>
   </trkpt>
   <trkpt lat="46.1713680" lon="13.7397270">
    <ele>301.1</ele>
   </trkpt>
   <trkpt lat="46.1713850" lon="13.7396900">
    <ele>301.7</ele>
   </trkpt>
   <trkpt lat="46.1714070" lon="13.7396530">
    <ele>298.6</ele>
   </trkpt>
   <trkpt lat="46.1714270" lon="13.7396150">
    <ele>296.2</ele>
   </trkpt>
   <trkpt lat="46.1714530" lon="13.7395900">
    <ele>293.9</ele>
   </trkpt>
   <trkpt lat="46.1714830" lon="13.7395620">
    <ele>291.9</ele>
   </trkpt>
   <trkpt lat="46.1715100" lon="13.7395320">
    <ele>289.4</ele>
   </trkpt>
   <trkpt lat="46.1715300" lon="13.7395000">
    <ele>290.0</ele>
   </trkpt>
   <trkpt lat="46.1715500" lon="13.7394650">
    <ele>288.1</ele>
   </trkpt>
   <trkpt lat="46.1715750" lon="13.7394320">
    <ele>286.0</ele>
   </trkpt>
   <trkpt lat="46.1716030" lon="13.7393880">
    <ele>283.6</ele>
   </trkpt>
   <trkpt lat="46.1716270" lon="13.7393470">
    <ele>284.1</ele>
   </trkpt>
   <trkpt lat="46.1716470" lon="13.7392950">
    <ele>281.4</ele>
   </trkpt>
   <trkpt lat="46.1716700" lon="13.7392470">
    <ele>278.5</ele>
   </trkpt>
   <trkpt lat="46.1716920" lon="13.7391970">
    <ele>275.6</ele>
   </trkpt>
   <trkpt lat="46.1717170" lon="13.7391470">
    <ele>276.0</ele>
   </trkpt>
   <trkpt lat="46.1717420" lon="13.7390980">
    <ele>273.2</ele>
   </trkpt>
   <trkpt lat="46.1717650" lon="13.7390420">
    <ele>271.0</ele>
   </trkpt>
   <trkpt lat="46.1717920" lon="13.7389930">
    <ele>268.5</ele>
   </trkpt>
   <trkpt lat="46.1718130" lon="13.7389370">
    <ele>266.1</ele>
   </trkpt>
   <trkpt lat="46.1718150" lon="13.7388620">
    <ele>266.7</ele>
   </trkpt>
   <trkpt lat="46.1718250" lon="13.7388070">
    <ele>266.9</ele>
   </trkpt>
   <trkpt lat="46.1718420" lon="13.7387570">
    <ele>264.3</ele>
   </trkpt>
   <trkpt lat="46.1718620" lon="13.7387150">
    <ele>264.4</ele>
   </trkpt>
   <trkpt lat="46.1718800" lon="13.7386730">
    <ele>261.6</ele>
   </trkpt>
   <trkpt lat="46.1718930" lon="13.7386280">
    <ele>261.7</ele>
   </trkpt>
   <trkpt lat="46.1719080" lon="13.7385830">
    <ele>258.8</ele>
   </trkpt>
   <trkpt lat="46.1719270" lon="13.7385280">
    <ele>256.1</ele>
   </trkpt>
   <trkpt lat="46.1719480" lon="13.7384780">
    <ele>256.2</ele>
   </trkpt>
   <trkpt lat="46.1719720" lon="13.7384330">
    <ele>253.2</ele>
   </trkpt>
   <trkpt lat="46.1719950" lon="13.7383900">
    <ele>250.2</ele>
   </trkpt>
   <trkpt lat="46.1720130" lon="13.7383450">
    <ele>250.3</ele>
   </trkpt>
   <trkpt lat="46.1720280" lon="13.7382970">
    <ele>247.4</ele>
   </trkpt>
   <trkpt lat="46.1720450" lon="13.7382450">
    <ele>244.7</ele>
   </trkpt>
   <trkpt lat="46.1720650" lon="13.7381880">
    <ele>245.0</ele>
   </trkpt>
   <trkpt lat="46.1720680" lon="13.7381030">
    <ele>245.2</ele>
   </trkpt>
   <trkpt lat="46.1720770" lon="13.7380300">
    <ele>243.3</ele>
   </trkpt>
   <trkpt lat="46.1720780" lon="13.7379580">
    <ele>244.0</ele>
   </trkpt>
   <trkpt lat="46.1720800" lon="13.7378850">
    <ele>244.7</ele>
   </trkpt>
   <trkpt lat="46.1720870" lon="13.7378250">
    <ele>245.1</ele>
   </trkpt>
   <trkpt lat="46.1720930" lon="13.7377580">
    <ele>245.9</ele>
   </trkpt>
   <trkpt lat="46.1720900" lon="13.7376650">
    <ele>246.9</ele>
   </trkpt>
   <trkpt lat="46.1720950" lon="13.7376130">
    <ele>247.5</ele>
   </trkpt>
   <trkpt lat="46.1720930" lon="13.7375420">
    <ele>248.6</ele>
   </trkpt>
   <trkpt lat="46.1720830" lon="13.7374830">
    <ele>249.1</ele>
   </trkpt>
   <trkpt lat="46.1720820" lon="13.7374500">
    <ele>249.6</ele>
   </trkpt>
   <trkpt lat="46.1720670" lon="13.7374030">
    <ele>252.5</ele>
   </trkpt>
   <trkpt lat="46.1720400" lon="13.7373370">
    <ele>255.5</ele>
   </trkpt>
   <trkpt lat="46.1720200" lon="13.7372720">
    <ele>256.4</ele>
   </trkpt>
   <trkpt lat="46.1720000" lon="13.7371930">
    <ele>260.2</ele>
   </trkpt>
   <trkpt lat="46.1719720" lon="13.7371130">
    <ele>264.2</ele>
   </trkpt>
   <trkpt lat="46.1719550" lon="13.7370420">
    <ele>267.7</ele>
   </trkpt>
   <trkpt lat="46.1719450" lon="13.7369770">
    <ele>268.9</ele>
   </trkpt>
   <trkpt lat="46.1719400" lon="13.7369130">
    <ele>269.5</ele>
   </trkpt>
   <trkpt lat="46.1719330" lon="13.7368480">
    <ele>271.0</ele>
   </trkpt>
   <trkpt lat="46.1719350" lon="13.7367870">
    <ele>271.7</ele>
   </trkpt>
   <trkpt lat="46.1719350" lon="13.7367330">
    <ele>272.5</ele>
   </trkpt>
   <trkpt lat="46.1719380" lon="13.7366880">
    <ele>273.3</ele>
   </trkpt>
   <trkpt lat="46.1719420" lon="13.7366430">
    <ele>275.0</ele>
   </trkpt>
   <trkpt lat="46.1719470" lon="13.7366000">
    <ele>275.7</ele>
   </trkpt>
   <trkpt lat="46.1719550" lon="13.7365530">
    <ele>276.4</ele>
   </trkpt>
   <trkpt lat="46.1719600" lon="13.7365050">
    <ele>274.3</ele>
   </trkpt>
   <trkpt lat="46.1719600" lon="13.7364530">
    <ele>274.9</ele>
   </trkpt>
   <trkpt lat="46.1719650" lon="13.7364100">
    <ele>275.4</ele>
   </trkpt>
   <trkpt lat="46.1719770" lon="13.7363680">
    <ele>275.9</ele>
   </trkpt>
   <trkpt lat="46.1719780" lon="13.7363180">
    <ele>276.5</ele>
   </trkpt>
   <trkpt lat="46.1719830" lon="13.7362650">
    <ele>276.9</ele>
   </trkpt>
   <trkpt lat="46.1719820" lon="13.7362100">
    <ele>277.9</ele>
   </trkpt>
   <trkpt lat="46.1719750" lon="13.7361470">
    <ele>278.3</ele>
   </trkpt>
   <trkpt lat="46.1719770" lon="13.7360930">
    <ele>278.7</ele>
   </trkpt>
   <trkpt lat="46.1719850" lon="13.7360420">
    <ele>279.4</ele>
   </trkpt>
   <trkpt lat="46.1719920" lon="13.7359870">
    <ele>277.0</ele>
   </trkpt>
   <trkpt lat="46.1719950" lon="13.7359350">
    <ele>277.3</ele>
   </trkpt>
   <trkpt lat="46.1719950" lon="13.7358800">
    <ele>277.5</ele>
   </trkpt>
   <trkpt lat="46.1719930" lon="13.7358370">
    <ele>277.7</ele>
   </trkpt>
   <trkpt lat="46.1719830" lon="13.7357980">
    <ele>280.7</ele>
   </trkpt>
   <trkpt lat="46.1719680" lon="13.7357520">
    <ele>280.8</ele>
   </trkpt>
   <trkpt lat="46.1719530" lon="13.7357000">
    <ele>283.6</ele>
   </trkpt>
   <trkpt lat="46.1719430" lon="13.7356500">
    <ele>283.7</ele>
   </trkpt>
   <trkpt lat="46.1719320" lon="13.7356020">
    <ele>283.7</ele>
   </trkpt>
   <trkpt lat="46.1719150" lon="13.7355600">
    <ele>286.1</ele>
   </trkpt>
   <trkpt lat="46.1719070" lon="13.7355220">
    <ele>286.0</ele>
   </trkpt>
   <trkpt lat="46.1719030" lon="13.7354920">
    <ele>286.0</ele>
   </trkpt>
   <trkpt lat="46.1719070" lon="13.7354580">
    <ele>285.8</ele>
   </trkpt>
   <trkpt lat="46.1719180" lon="13.7354230">
    <ele>285.7</ele>
   </trkpt>
   <trkpt lat="46.1719350" lon="13.7353900">
    <ele>282.9</ele>
   </trkpt>
   <trkpt lat="46.1719600" lon="13.7353580">
    <ele>280.2</ele>
   </trkpt>
   <trkpt lat="46.1719770" lon="13.7353180">
    <ele>280.1</ele>
   </trkpt>
   <trkpt lat="46.1719920" lon="13.7352830">
    <ele>277.2</ele>
   </trkpt>
   <trkpt lat="46.1720030" lon="13.7352450">
    <ele>277.0</ele>
   </trkpt>
   <trkpt lat="46.1720130" lon="13.7352080">
    <ele>276.9</ele>
   </trkpt>
   <trkpt lat="46.1720220" lon="13.7351770">
    <ele>274.0</ele>
   </trkpt>
   <trkpt lat="46.1720280" lon="13.7351480">
    <ele>274.0</ele>
   </trkpt>
   <trkpt lat="46.1720350" lon="13.7351220">
    <ele>273.8</ele>
   </trkpt>
   <trkpt lat="46.1720380" lon="13.7350980">
    <ele>273.6</ele>
   </trkpt>
   <trkpt lat="46.1720300" lon="13.7350600">
    <ele>273.5</ele>
   </trkpt>
   <trkpt lat="46.1720270" lon="13.7350270">
    <ele>273.3</ele>
   </trkpt>
   <trkpt lat="46.1720300" lon="13.7349980">
    <ele>273.1</ele>
   </trkpt>
   <trkpt lat="46.1720370" lon="13.7349680">
    <ele>272.8</ele>
   </trkpt>
   <trkpt lat="46.1720420" lon="13.7349420">
    <ele>272.8</ele>
   </trkpt>
   <trkpt lat="46.1720430" lon="13.7349150">
    <ele>272.6</ele>
   </trkpt>
   <trkpt lat="46.1720530" lon="13.7348900">
    <ele>270.1</ele>
   </trkpt>
   <trkpt lat="46.1720680" lon="13.7348650">
    <ele>269.9</ele>
   </trkpt>
   <trkpt lat="46.1720930" lon="13.7348380">
    <ele>267.5</ele>
   </trkpt>
   <trkpt lat="46.1721220" lon="13.7348120">
    <ele>265.2</ele>
   </trkpt>
   <trkpt lat="46.1721470" lon="13.7347850">
    <ele>262.7</ele>
   </trkpt>
   <trkpt lat="46.1721650" lon="13.7347580">
    <ele>260.2</ele>
   </trkpt>
   <trkpt lat="46.1721730" lon="13.7347320">
    <ele>260.0</ele>
   </trkpt>
   <trkpt lat="46.1721800" lon="13.7347080">
    <ele>259.9</ele>
   </trkpt>
   <trkpt lat="46.1721900" lon="13.7346870">
    <ele>259.9</ele>
   </trkpt>
   <trkpt lat="46.1721980" lon="13.7346650">
    <ele>257.0</ele>
   </trkpt>
   <trkpt lat="46.1722130" lon="13.7346370">
    <ele>256.9</ele>
   </trkpt>
   <trkpt lat="46.1722270" lon="13.7345930">
    <ele>252.1</ele>
   </trkpt>
   <trkpt lat="46.1722420" lon="13.7345380">
    <ele>252.0</ele>
   </trkpt>
   <trkpt lat="46.1722500" lon="13.7344950">
    <ele>251.9</ele>
   </trkpt>
   <trkpt lat="46.1722550" lon="13.7344470">
    <ele>249.0</ele>
   </trkpt>
   <trkpt lat="46.1722570" lon="13.7343980">
    <ele>249.1</ele>
   </trkpt>
   <trkpt lat="46.1722650" lon="13.7343620">
    <ele>249.1</ele>
   </trkpt>
   <trkpt lat="46.1722750" lon="13.7343470">
    <ele>249.1</ele>
   </trkpt>
   <trkpt lat="46.1722830" lon="13.7343500">
    <ele>249.0</ele>
   </trkpt>
   <trkpt lat="46.1722920" lon="13.7343700">
    <ele>248.7</ele>
   </trkpt>
   <trkpt lat="46.1723020" lon="13.7343920">
    <ele>248.5</ele>
   </trkpt>
   <trkpt lat="46.1723050" lon="13.7344270">
    <ele>248.1</ele>
   </trkpt>
   <trkpt lat="46.1723130" lon="13.7344670">
    <ele>247.8</ele>
   </trkpt>
   <trkpt lat="46.1723220" lon="13.7345070">
    <ele>247.5</ele>
   </trkpt>
   <trkpt lat="46.1723300" lon="13.7345420">
    <ele>247.3</ele>
   </trkpt>
   <trkpt lat="46.1723400" lon="13.7345670">
    <ele>247.1</ele>
   </trkpt>
   <trkpt lat="46.1723500" lon="13.7345700">
    <ele>247.1</ele>
   </trkpt>
   <trkpt lat="46.1723550" lon="13.7345520">
    <ele>247.0</ele>
   </trkpt>
   <trkpt lat="46.1723630" lon="13.7345150">
    <ele>246.8</ele>
   </trkpt>
   <trkpt lat="46.1723770" lon="13.7344600">
    <ele>246.7</ele>
   </trkpt>
   <trkpt lat="46.1723900" lon="13.7344030">
    <ele>246.6</ele>
   </trkpt>
   <trkpt lat="46.1723970" lon="13.7343470">
    <ele>246.6</ele>
   </trkpt>
   <trkpt lat="46.1724030" lon="13.7342870">
    <ele>246.8</ele>
   </trkpt>
   <trkpt lat="46.1724200" lon="13.7342300">
    <ele>247.0</ele>
   </trkpt>
   <trkpt lat="46.1724380" lon="13.7341770">
    <ele>247.2</ele>
   </trkpt>
   <trkpt lat="46.1724550" lon="13.7341270">
    <ele>247.3</ele>
   </trkpt>
   <trkpt lat="46.1724630" lon="13.7340780">
    <ele>247.3</ele>
   </trkpt>
   <trkpt lat="46.1724580" lon="13.7340270">
    <ele>247.2</ele>
   </trkpt>
   <trkpt lat="46.1724500" lon="13.7339870">
    <ele>246.9</ele>
   </trkpt>
   <trkpt lat="46.1724450" lon="13.7339520">
    <ele>246.7</ele>
   </trkpt>
   <trkpt lat="46.1724450" lon="13.7339150">
    <ele>246.4</ele>
   </trkpt>
   <trkpt lat="46.1724430" lon="13.7338900">
    <ele>246.2</ele>
   </trkpt>
   <trkpt lat="46.1724400" lon="13.7338620">
    <ele>245.9</ele>
   </trkpt>
   <trkpt lat="46.1724350" lon="13.7338230">
    <ele>245.5</ele>
   </trkpt>
   <trkpt lat="46.1724380" lon="13.7337900">
    <ele>245.2</ele>
   </trkpt>
   <trkpt lat="46.1724470" lon="13.7337780">
    <ele>245.0</ele>
   </trkpt>
   <trkpt lat="46.1724580" lon="13.7337780">
    <ele>244.8</ele>
   </trkpt>
   <trkpt lat="46.1724700" lon="13.7337830">
    <ele>244.7</ele>
   </trkpt>
   <trkpt lat="46.1724820" lon="13.7337820">
    <ele>244.5</ele>
   </trkpt>
   <trkpt lat="46.1724870" lon="13.7337650">
    <ele>244.3</ele>
   </trkpt>
   <trkpt lat="46.1724880" lon="13.7337200">
    <ele>243.9</ele>
   </trkpt>
   <trkpt lat="46.1724850" lon="13.7336650">
    <ele>243.5</ele>
   </trkpt>
   <trkpt lat="46.1724820" lon="13.7336120">
    <ele>243.1</ele>
   </trkpt>
   <trkpt lat="46.1724850" lon="13.7335600">
    <ele>242.8</ele>
   </trkpt>
   <trkpt lat="46.1725000" lon="13.7335130">
    <ele>242.6</ele>
   </trkpt>
   <trkpt lat="46.1725150" lon="13.7334650">
    <ele>242.5</ele>
   </trkpt>
   <trkpt lat="46.1725270" lon="13.7334150">
    <ele>242.5</ele>
   </trkpt>
   <trkpt lat="46.1725300" lon="13.7333700">
    <ele>242.6</ele>
   </trkpt>
   <trkpt lat="46.1725330" lon="13.7333270">
    <ele>242.7</ele>
   </trkpt>
   <trkpt lat="46.1725320" lon="13.7332830">
    <ele>243.0</ele>
   </trkpt>
   <trkpt lat="46.1725320" lon="13.7332420">
    <ele>243.2</ele>
   </trkpt>
   <trkpt lat="46.1725330" lon="13.7331980">
    <ele>243.6</ele>
   </trkpt>
   <trkpt lat="46.1725370" lon="13.7331470">
    <ele>244.0</ele>
   </trkpt>
   <trkpt lat="46.1725380" lon="13.7330970">
    <ele>244.3</ele>
   </trkpt>
   <trkpt lat="46.1725380" lon="13.7330520">
    <ele>244.7</ele>
   </trkpt>
   <trkpt lat="46.1725450" lon="13.7330070">
    <ele>245.0</ele>
   </trkpt>
   <trkpt lat="46.1725480" lon="13.7329600">
    <ele>245.3</ele>
   </trkpt>
   <trkpt lat="46.1725600" lon="13.7329220">
    <ele>245.6</ele>
   </trkpt>
   <trkpt lat="46.1725730" lon="13.7328820">
    <ele>245.8</ele>
   </trkpt>
   <trkpt lat="46.1725820" lon="13.7328320">
    <ele>246.1</ele>
   </trkpt>
   <trkpt lat="46.1725930" lon="13.7327820">
    <ele>246.3</ele>
   </trkpt>
   <trkpt lat="46.1725980" lon="13.7327300">
    <ele>246.5</ele>
   </trkpt>
   <trkpt lat="46.1726050" lon="13.7326850">
    <ele>246.7</ele>
   </trkpt>
   <trkpt lat="46.1726170" lon="13.7326430">
    <ele>246.9</ele>
   </trkpt>
   <trkpt lat="46.1726350" lon="13.7326050">
    <ele>247.1</ele>
   </trkpt>
   <trkpt lat="46.1726550" lon="13.7325730">
    <ele>247.3</ele>
   </trkpt>
   <trkpt lat="46.1726680" lon="13.7325430">
    <ele>247.4</ele>
   </trkpt>
   <trkpt lat="46.1726870" lon="13.7325120">
    <ele>247.6</ele>
   </trkpt>
   <trkpt lat="46.1727050" lon="13.7324750">
    <ele>247.8</ele>
   </trkpt>
   <trkpt lat="46.1727200" lon="13.7324370">
    <ele>247.9</ele>
   </trkpt>
   <trkpt lat="46.1727330" lon="13.7324000">
    <ele>248.0</ele>
   </trkpt>
   <trkpt lat="46.1727420" lon="13.7323600">
    <ele>248.2</ele>
   </trkpt>
   <trkpt lat="46.1727420" lon="13.7322970">
    <ele>248.4</ele>
   </trkpt>
   <trkpt lat="46.1727550" lon="13.7322380">
    <ele>248.6</ele>
   </trkpt>
   <trkpt lat="46.1727680" lon="13.7321870">
    <ele>248.7</ele>
   </trkpt>
   <trkpt lat="46.1727830" lon="13.7321380">
    <ele>249.3</ele>
   </trkpt>
   <trkpt lat="46.1728020" lon="13.7320920">
    <ele>248.0</ele>
   </trkpt>
   <trkpt lat="46.1728180" lon="13.7320480">
    <ele>246.1</ele>
   </trkpt>
   <trkpt lat="46.1728380" lon="13.7320070">
    <ele>246.8</ele>
   </trkpt>
   <trkpt lat="46.1728680" lon="13.7319580">
    <ele>245.1</ele>
   </trkpt>
   <trkpt lat="46.1728850" lon="13.7319270">
    <ele>242.9</ele>
   </trkpt>
   <trkpt lat="46.1729050" lon="13.7318850">
    <ele>243.7</ele>
   </trkpt>
   <trkpt lat="46.1729280" lon="13.7318470">
    <ele>242.5</ele>
   </trkpt>
   <trkpt lat="46.1729500" lon="13.7318030">
    <ele>241.3</ele>
   </trkpt>
   <trkpt lat="46.1729750" lon="13.7317630">
    <ele>240.2</ele>
   </trkpt>
   <trkpt lat="46.1730050" lon="13.7317270">
    <ele>238.9</ele>
   </trkpt>
   <trkpt lat="46.1730320" lon="13.7316870">
    <ele>237.6</ele>
   </trkpt>
   <trkpt lat="46.1730650" lon="13.7316470">
    <ele>236.2</ele>
   </trkpt>
   <trkpt lat="46.1731000" lon="13.7316070">
    <ele>234.9</ele>
   </trkpt>
   <trkpt lat="46.1731300" lon="13.7315720">
    <ele>233.8</ele>
   </trkpt>
   <trkpt lat="46.1731580" lon="13.7315320">
    <ele>233.0</ele>
   </trkpt>
   <trkpt lat="46.1731870" lon="13.7314930">
    <ele>232.3</ele>
   </trkpt>
   <trkpt lat="46.1732150" lon="13.7314530">
    <ele>230.6</ele>
   </trkpt>
   <trkpt lat="46.1732470" lon="13.7314120">
    <ele>229.9</ele>
   </trkpt>
   <trkpt lat="46.1732670" lon="13.7313650">
    <ele>230.3</ele>
   </trkpt>
   <trkpt lat="46.1732830" lon="13.7313270">
    <ele>230.3</ele>
   </trkpt>
   <trkpt lat="46.1733000" lon="13.7312870">
    <ele>229.5</ele>
   </trkpt>
   <trkpt lat="46.1733180" lon="13.7312370">
    <ele>230.6</ele>
   </trkpt>
   <trkpt lat="46.1733370" lon="13.7311870">
    <ele>230.7</ele>
   </trkpt>
   <trkpt lat="46.1733580" lon="13.7311400">
    <ele>229.9</ele>
   </trkpt>
   <trkpt lat="46.1733870" lon="13.7310970">
    <ele>229.3</ele>
   </trkpt>
   <trkpt lat="46.1734080" lon="13.7310550">
    <ele>230.3</ele>
   </trkpt>
   <trkpt lat="46.1734320" lon="13.7310130">
    <ele>229.8</ele>
   </trkpt>
   <trkpt lat="46.1734580" lon="13.7309720">
    <ele>229.5</ele>
   </trkpt>
   <trkpt lat="46.1734830" lon="13.7309300">
    <ele>229.2</ele>
   </trkpt>
   <trkpt lat="46.1735080" lon="13.7308930">
    <ele>229.1</ele>
   </trkpt>
   <trkpt lat="46.1735370" lon="13.7308600">
    <ele>227.6</ele>
   </trkpt>
   <trkpt lat="46.1735620" lon="13.7308230">
    <ele>227.3</ele>
   </trkpt>
   <trkpt lat="46.1735830" lon="13.7307830">
    <ele>228.5</ele>
   </trkpt>
   <trkpt lat="46.1736030" lon="13.7307400">
    <ele>228.1</ele>
   </trkpt>
   <trkpt lat="46.1736200" lon="13.7306970">
    <ele>227.5</ele>
   </trkpt>
   <trkpt lat="46.1736350" lon="13.7306570">
    <ele>228.5</ele>
   </trkpt>
   <trkpt lat="46.1736520" lon="13.7306130">
    <ele>227.9</ele>
   </trkpt>
   <trkpt lat="46.1736720" lon="13.7305700">
    <ele>228.9</ele>
   </trkpt>
   <trkpt lat="46.1736930" lon="13.7305230">
    <ele>228.4</ele>
   </trkpt>
   <trkpt lat="46.1737150" lon="13.7304730">
    <ele>228.0</ele>
   </trkpt>
   <trkpt lat="46.1737350" lon="13.7304270">
    <ele>229.1</ele>
   </trkpt>
   <trkpt lat="46.1737480" lon="13.7303680">
    <ele>229.9</ele>
   </trkpt>
   <trkpt lat="46.1737670" lon="13.7303100">
    <ele>231.0</ele>
   </trkpt>
   <trkpt lat="46.1737970" lon="13.7302670">
    <ele>230.5</ele>
   </trkpt>
   <trkpt lat="46.1738270" lon="13.7302200">
    <ele>230.0</ele>
   </trkpt>
   <trkpt lat="46.1738520" lon="13.7301830">
    <ele>229.3</ele>
   </trkpt>
   <trkpt lat="46.1738720" lon="13.7301430">
    <ele>228.4</ele>
   </trkpt>
   <trkpt lat="46.1738870" lon="13.7301050">
    <ele>229.3</ele>
   </trkpt>
   <trkpt lat="46.1739100" lon="13.7300700">
    <ele>228.4</ele>
   </trkpt>
   <trkpt lat="46.1739370" lon="13.7300320">
    <ele>227.4</ele>
   </trkpt>
   <trkpt lat="46.1739670" lon="13.7299970">
    <ele>225.8</ele>
   </trkpt>
   <trkpt lat="46.1739900" lon="13.7299700">
    <ele>225.1</ele>
   </trkpt>
   <trkpt lat="46.1740120" lon="13.7299450">
    <ele>224.4</ele>
   </trkpt>
   <trkpt lat="46.1740320" lon="13.7299200">
    <ele>224.4</ele>
   </trkpt>
   <trkpt lat="46.1740580" lon="13.7298950">
    <ele>223.6</ele>
   </trkpt>
   <trkpt lat="46.1740830" lon="13.7298650">
    <ele>222.1</ele>
   </trkpt>
   <trkpt lat="46.1741130" lon="13.7298320">
    <ele>221.2</ele>
   </trkpt>
   <trkpt lat="46.1741300" lon="13.7298020">
    <ele>220.2</ele>
   </trkpt>
   <trkpt lat="46.1741580" lon="13.7297630">
    <ele>219.3</ele>
   </trkpt>
   <trkpt lat="46.1741750" lon="13.7297300">
    <ele>219.8</ele>
   </trkpt>
   <trkpt lat="46.1741980" lon="13.7296820">
    <ele>218.9</ele>
   </trkpt>
   <trkpt lat="46.1742180" lon="13.7296370">
    <ele>218.2</ele>
   </trkpt>
   <trkpt lat="46.1742400" lon="13.7295930">
    <ele>218.6</ele>
   </trkpt>
   <trkpt lat="46.1742600" lon="13.7295400">
    <ele>218.1</ele>
   </trkpt>
   <trkpt lat="46.1742820" lon="13.7294900">
    <ele>217.9</ele>
   </trkpt>
   <trkpt lat="46.1743030" lon="13.7294250">
    <ele>218.7</ele>
   </trkpt>
   <trkpt lat="46.1743200" lon="13.7293770">
    <ele>218.8</ele>
   </trkpt>
   <trkpt lat="46.1743420" lon="13.7293330">
    <ele>219.1</ele>
   </trkpt>
   <trkpt lat="46.1743630" lon="13.7292870">
    <ele>219.0</ele>
   </trkpt>
   <trkpt lat="46.1743850" lon="13.7292370">
    <ele>219.2</ele>
   </trkpt>
   <trkpt lat="46.1744080" lon="13.7291930">
    <ele>218.5</ele>
   </trkpt>
   <trkpt lat="46.1744350" lon="13.7291580">
    <ele>217.3</ele>
   </trkpt>
   <trkpt lat="46.1744520" lon="13.7291120">
    <ele>215.7</ele>
   </trkpt>
   <trkpt lat="46.1744620" lon="13.7290620">
    <ele>215.3</ele>
   </trkpt>
   <trkpt lat="46.1744620" lon="13.7290020">
    <ele>214.8</ele>
   </trkpt>
   <trkpt lat="46.1744500" lon="13.7289220">
    <ele>215.9</ele>
   </trkpt>
   <trkpt lat="46.1744450" lon="13.7288500">
    <ele>216.0</ele>
   </trkpt>
   <trkpt lat="46.1744450" lon="13.7287850">
    <ele>216.3</ele>
   </trkpt>
   <trkpt lat="46.1744470" lon="13.7287220">
    <ele>216.6</ele>
   </trkpt>
   <trkpt lat="46.1744500" lon="13.7286600">
    <ele>217.3</ele>
   </trkpt>
   <trkpt lat="46.1744480" lon="13.7285930">
    <ele>217.8</ele>
   </trkpt>
   <trkpt lat="46.1744370" lon="13.7285300">
    <ele>218.7</ele>
   </trkpt>
   <trkpt lat="46.1744280" lon="13.7284680">
    <ele>219.1</ele>
   </trkpt>
   <trkpt lat="46.1744250" lon="13.7284030">
    <ele>220.1</ele>
   </trkpt>
   <trkpt lat="46.1744220" lon="13.7283400">
    <ele>222.5</ele>
   </trkpt>
   <trkpt lat="46.1744320" lon="13.7282730">
    <ele>221.5</ele>
   </trkpt>
   <trkpt lat="46.1744430" lon="13.7282070">
    <ele>222.0</ele>
   </trkpt>
   <trkpt lat="46.1744520" lon="13.7281450">
    <ele>220.9</ele>
   </trkpt>
   <trkpt lat="46.1744600" lon="13.7280820">
    <ele>221.4</ele>
   </trkpt>
   <trkpt lat="46.1744630" lon="13.7280200">
    <ele>221.9</ele>
   </trkpt>
   <trkpt lat="46.1744680" lon="13.7279630">
    <ele>222.7</ele>
   </trkpt>
   <trkpt lat="46.1744670" lon="13.7279100">
    <ele>223.1</ele>
   </trkpt>
   <trkpt lat="46.1744730" lon="13.7278600">
    <ele>223.4</ele>
   </trkpt>
   <trkpt lat="46.1744880" lon="13.7278130">
    <ele>221.6</ele>
   </trkpt>
   <trkpt lat="46.1745000" lon="13.7277630">
    <ele>221.9</ele>
   </trkpt>
   <trkpt lat="46.1745100" lon="13.7277100">
    <ele>222.6</ele>
   </trkpt>
   <trkpt lat="46.1745130" lon="13.7276630">
    <ele>221.1</ele>
   </trkpt>
   <trkpt lat="46.1745030" lon="13.7276220">
    <ele>223.3</ele>
   </trkpt>
   <trkpt lat="46.1744920" lon="13.7275820">
    <ele>223.6</ele>
   </trkpt>
   <trkpt lat="46.1744820" lon="13.7275450">
    <ele>224.0</ele>
   </trkpt>
   <trkpt lat="46.1744720" lon="13.7275050">
    <ele>226.2</ele>
   </trkpt>
   <trkpt lat="46.1744670" lon="13.7274680">
    <ele>226.6</ele>
   </trkpt>
   <trkpt lat="46.1744670" lon="13.7274400">
    <ele>227.1</ele>
   </trkpt>
   <trkpt lat="46.1744720" lon="13.7274070">
    <ele>227.6</ele>
   </trkpt>
   <trkpt lat="46.1744850" lon="13.7273770">
    <ele>225.4</ele>
   </trkpt>
   <trkpt lat="46.1745070" lon="13.7273450">
    <ele>225.9</ele>
   </trkpt>
   <trkpt lat="46.1745300" lon="13.7273150">
    <ele>224.4</ele>
   </trkpt>
   <trkpt lat="46.1745570" lon="13.7272820">
    <ele>223.2</ele>
   </trkpt>
   <trkpt lat="46.1745880" lon="13.7272500">
    <ele>221.8</ele>
   </trkpt>
   <trkpt lat="46.1746200" lon="13.7272200">
    <ele>221.1</ele>
   </trkpt>
   <trkpt lat="46.1746480" lon="13.7271870">
    <ele>220.3</ele>
   </trkpt>
   <trkpt lat="46.1746800" lon="13.7271480">
    <ele>219.3</ele>
   </trkpt>
   <trkpt lat="46.1747130" lon="13.7271120">
    <ele>218.0</ele>
   </trkpt>
   <trkpt lat="46.1747420" lon="13.7270770">
    <ele>216.3</ele>
   </trkpt>
   <trkpt lat="46.1747620" lon="13.7270350">
    <ele>214.7</ele>
   </trkpt>
   <trkpt lat="46.1747830" lon="13.7269930">
    <ele>213.0</ele>
   </trkpt>
   <trkpt lat="46.1748020" lon="13.7269520">
    <ele>213.2</ele>
   </trkpt>
   <trkpt lat="46.1748230" lon="13.7269070">
    <ele>211.4</ele>
   </trkpt>
   <trkpt lat="46.1748270" lon="13.7268480">
    <ele>211.9</ele>
   </trkpt>
   <trkpt lat="46.1748320" lon="13.7267880">
    <ele>212.1</ele>
   </trkpt>
   <trkpt lat="46.1748320" lon="13.7267220">
    <ele>212.5</ele>
   </trkpt>
   <trkpt lat="46.1748350" lon="13.7266580">
    <ele>212.7</ele>
   </trkpt>
   <trkpt lat="46.1748450" lon="13.7266080">
    <ele>210.5</ele>
   </trkpt>
   <trkpt lat="46.1748470" lon="13.7265520">
    <ele>211.0</ele>
   </trkpt>
   <trkpt lat="46.1748430" lon="13.7264900">
    <ele>211.2</ele>
   </trkpt>
   <trkpt lat="46.1748520" lon="13.7264380">
    <ele>211.5</ele>
   </trkpt>
   <trkpt lat="46.1748570" lon="13.7263820">
    <ele>212.2</ele>
   </trkpt>
   <trkpt lat="46.1748550" lon="13.7263280">
    <ele>212.5</ele>
   </trkpt>
   <trkpt lat="46.1748630" lon="13.7262830">
    <ele>212.9</ele>
   </trkpt>
   <trkpt lat="46.1748720" lon="13.7262330">
    <ele>210.2</ele>
   </trkpt>
   <trkpt lat="46.1748770" lon="13.7261800">
    <ele>210.5</ele>
   </trkpt>
   <trkpt lat="46.1748800" lon="13.7261280">
    <ele>211.0</ele>
   </trkpt>
   <trkpt lat="46.1748880" lon="13.7260780">
    <ele>211.2</ele>
   </trkpt>
   <trkpt lat="46.1748900" lon="13.7260280">
    <ele>211.5</ele>
   </trkpt>
   <trkpt lat="46.1748980" lon="13.7259780">
    <ele>208.3</ele>
   </trkpt>
   <trkpt lat="46.1749070" lon="13.7259270">
    <ele>209.0</ele>
   </trkpt>
   <trkpt lat="46.1749150" lon="13.7258720">
    <ele>210.8</ele>
   </trkpt>
   <trkpt lat="46.1749120" lon="13.7258130">
    <ele>211.7</ele>
   </trkpt>
   <trkpt lat="46.1749150" lon="13.7257630">
    <ele>212.5</ele>
   </trkpt>
   <trkpt lat="46.1749230" lon="13.7257130">
    <ele>213.2</ele>
   </trkpt>
   <trkpt lat="46.1749320" lon="13.7256570">
    <ele>212.9</ele>
   </trkpt>
   <trkpt lat="46.1749370" lon="13.7255920">
    <ele>213.3</ele>
   </trkpt>
   <trkpt lat="46.1749480" lon="13.7255330">
    <ele>213.4</ele>
   </trkpt>
   <trkpt lat="46.1749700" lon="13.7254850">
    <ele>211.9</ele>
   </trkpt>
   <trkpt lat="46.1749870" lon="13.7254280">
    <ele>210.4</ele>
   </trkpt>
   <trkpt lat="46.1750120" lon="13.7253830">
    <ele>210.1</ele>
   </trkpt>
   <trkpt lat="46.1750380" lon="13.7253370">
    <ele>208.5</ele>
   </trkpt>
   <trkpt lat="46.1750570" lon="13.7252850">
    <ele>206.9</ele>
   </trkpt>
   <trkpt lat="46.1750680" lon="13.7252350">
    <ele>206.9</ele>
   </trkpt>
   <trkpt lat="46.1750780" lon="13.7251870">
    <ele>205.6</ele>
   </trkpt>
   <trkpt lat="46.1750880" lon="13.7251450">
    <ele>205.7</ele>
   </trkpt>
   <trkpt lat="46.1750970" lon="13.7250970">
    <ele>206.1</ele>
   </trkpt>
   <trkpt lat="46.1751000" lon="13.7250600">
    <ele>206.1</ele>
   </trkpt>
   <trkpt lat="46.1750900" lon="13.7250250">
    <ele>206.3</ele>
   </trkpt>
   <trkpt lat="46.1750850" lon="13.7249880">
    <ele>206.5</ele>
   </trkpt>
   <trkpt lat="46.1750770" lon="13.7249570">
    <ele>206.7</ele>
   </trkpt>
   <trkpt lat="46.1750680" lon="13.7249230">
    <ele>208.3</ele>
   </trkpt>
   <trkpt lat="46.1750680" lon="13.7248870">
    <ele>208.3</ele>
   </trkpt>
   <trkpt lat="46.1750780" lon="13.7248550">
    <ele>207.1</ele>
   </trkpt>
   <trkpt lat="46.1750920" lon="13.7248180">
    <ele>207.2</ele>
   </trkpt>
   <trkpt lat="46.1751020" lon="13.7247880">
    <ele>207.4</ele>
   </trkpt>
   <trkpt lat="46.1751180" lon="13.7247620">
    <ele>206.0</ele>
   </trkpt>
   <trkpt lat="46.1751250" lon="13.7247270">
    <ele>206.1</ele>
   </trkpt>
   <trkpt lat="46.1751300" lon="13.7246870">
    <ele>206.2</ele>
   </trkpt>
   <trkpt lat="46.1751350" lon="13.7246480">
    <ele>206.3</ele>
   </trkpt>
   <trkpt lat="46.1751420" lon="13.7246130">
    <ele>205.0</ele>
   </trkpt>
   <trkpt lat="46.1751480" lon="13.7245770">
    <ele>205.1</ele>
   </trkpt>
   <trkpt lat="46.1751550" lon="13.7245320">
    <ele>205.2</ele>
   </trkpt>
   <trkpt lat="46.1751600" lon="13.7244900">
    <ele>205.4</ele>
   </trkpt>
   <trkpt lat="46.1751650" lon="13.7244430">
    <ele>205.6</ele>
   </trkpt>
   <trkpt lat="46.1751780" lon="13.7244100">
    <ele>204.4</ele>
   </trkpt>
   <trkpt lat="46.1751920" lon="13.7243700">
    <ele>204.7</ele>
   </trkpt>
   <trkpt lat="46.1752050" lon="13.7243300">
    <ele>203.3</ele>
   </trkpt>
   <trkpt lat="46.1752150" lon="13.7242930">
    <ele>203.5</ele>
   </trkpt>
   <trkpt lat="46.1752250" lon="13.7242580">
    <ele>202.5</ele>
   </trkpt>
   <trkpt lat="46.1752320" lon="13.7242150">
    <ele>202.8</ele>
   </trkpt>
   <trkpt lat="46.1752450" lon="13.7241770">
    <ele>203.1</ele>
   </trkpt>
   <trkpt lat="46.1752600" lon="13.7241350">
    <ele>202.0</ele>
   </trkpt>
   <trkpt lat="46.1752600" lon="13.7240800">
    <ele>202.4</ele>
   </trkpt>
   <trkpt lat="46.1752570" lon="13.7240270">
    <ele>202.7</ele>
   </trkpt>
   <trkpt lat="46.1752530" lon="13.7239720">
    <ele>204.7</ele>
   </trkpt>
   <trkpt lat="46.1752500" lon="13.7239200">
    <ele>205.1</ele>
   </trkpt>
   <trkpt lat="46.1752530" lon="13.7238820">
    <ele>205.4</ele>
   </trkpt>
   <trkpt lat="46.1752570" lon="13.7238450">
    <ele>204.4</ele>
   </trkpt>
   <trkpt lat="46.1752600" lon="13.7238080">
    <ele>204.7</ele>
   </trkpt>
   <trkpt lat="46.1752670" lon="13.7237720">
    <ele>204.7</ele>
   </trkpt>
   <trkpt lat="46.1752700" lon="13.7237330">
    <ele>205.0</ele>
   </trkpt>
   <trkpt lat="46.1752720" lon="13.7236970">
    <ele>205.4</ele>
   </trkpt>
   <trkpt lat="46.1752700" lon="13.7236550">
    <ele>205.7</ele>
   </trkpt>
   <trkpt lat="46.1752680" lon="13.7236080">
    <ele>206.0</ele>
   </trkpt>
   <trkpt lat="46.1752670" lon="13.7235550">
    <ele>206.3</ele>
   </trkpt>
   <trkpt lat="46.1752600" lon="13.7234900">
    <ele>206.8</ele>
   </trkpt>
   <trkpt lat="46.1752480" lon="13.7234150">
    <ele>208.6</ele>
   </trkpt>
   <trkpt lat="46.1752370" lon="13.7233330">
    <ele>209.2</ele>
   </trkpt>
   <trkpt lat="46.1752200" lon="13.7232430">
    <ele>211.1</ele>
   </trkpt>
   <trkpt lat="46.1752020" lon="13.7231450">
    <ele>211.8</ele>
   </trkpt>
   <trkpt lat="46.1751820" lon="13.7230500">
    <ele>213.6</ele>
   </trkpt>
   <trkpt lat="46.1751580" lon="13.7229530">
    <ele>215.7</ele>
   </trkpt>
   <trkpt lat="46.1751370" lon="13.7228500">
    <ele>216.2</ele>
   </trkpt>
   <trkpt lat="46.1751270" lon="13.7227620">
    <ele>216.3</ele>
   </trkpt>
   <trkpt lat="46.1751080" lon="13.7226720">
    <ele>216.5</ele>
   </trkpt>
   <trkpt lat="46.1751280" lon="13.7226750">
    <ele>216.5</ele>
   </trkpt>
   <trkpt lat="46.1751280" lon="13.7226400">
    <ele>216.6</ele>
   </trkpt>
   <trkpt lat="46.1751300" lon="13.7226030">
    <ele>216.6</ele>
   </trkpt>
   <trkpt lat="46.1751230" lon="13.7225630">
    <ele>216.6</ele>
   </trkpt>
   <trkpt lat="46.1751030" lon="13.7225130">
    <ele>216.6</ele>
   </trkpt>
   <trkpt lat="46.1750870" lon="13.7224600">
    <ele>216.6</ele>
   </trkpt>
   <trkpt lat="46.1750730" lon="13.7223980">
    <ele>216.5</ele>
   </trkpt>
   <trkpt lat="46.1750630" lon="13.7223400">
    <ele>216.5</ele>
   </trkpt>
   <trkpt lat="46.1750580" lon="13.7222870">
    <ele>216.5</ele>
   </trkpt>
   <trkpt lat="46.1750420" lon="13.7222180">
    <ele>216.4</ele>
   </trkpt>
   <trkpt lat="46.1750220" lon="13.7221530">
    <ele>216.4</ele>
   </trkpt>
   <trkpt lat="46.1750130" lon="13.7220980">
    <ele>216.3</ele>
   </trkpt>
   <trkpt lat="46.1749950" lon="13.7220400">
    <ele>216.3</ele>
   </trkpt>
   <trkpt lat="46.1749570" lon="13.7219830">
    <ele>216.2</ele>
   </trkpt>
   <trkpt lat="46.1749220" lon="13.7219380">
    <ele>216.1</ele>
   </trkpt>
   <trkpt lat="46.1748980" lon="13.7218980">
    <ele>215.9</ele>
   </trkpt>
   <trkpt lat="46.1748780" lon="13.7218580">
    <ele>215.8</ele>
   </trkpt>
   <trkpt lat="46.1748650" lon="13.7218200">
    <ele>215.7</ele>
   </trkpt>
   <trkpt lat="46.1748580" lon="13.7217830">
    <ele>215.5</ele>
   </trkpt>
   <trkpt lat="46.1748530" lon="13.7217520">
    <ele>215.4</ele>
   </trkpt>
   <trkpt lat="46.1748470" lon="13.7217080">
    <ele>215.1</ele>
   </trkpt>
   <trkpt lat="46.1748430" lon="13.7216600">
    <ele>214.9</ele>
   </trkpt>
   <trkpt lat="46.1748300" lon="13.7216080">
    <ele>214.5</ele>
   </trkpt>
   <trkpt lat="46.1748100" lon="13.7215620">
    <ele>214.2</ele>
   </trkpt>
   <trkpt lat="46.1748000" lon="13.7215050">
    <ele>213.7</ele>
   </trkpt>
   <trkpt lat="46.1748000" lon="13.7214530">
    <ele>213.3</ele>
   </trkpt>
   <trkpt lat="46.1747970" lon="13.7214000">
    <ele>212.9</ele>
   </trkpt>
   <trkpt lat="46.1747930" lon="13.7213430">
    <ele>212.4</ele>
   </trkpt>
   <trkpt lat="46.1747820" lon="13.7212950">
    <ele>211.9</ele>
   </trkpt>
   <trkpt lat="46.1747680" lon="13.7212470">
    <ele>211.5</ele>
   </trkpt>
   <trkpt lat="46.1747470" lon="13.7211950">
    <ele>211.0</ele>
   </trkpt>
   <trkpt lat="46.1747250" lon="13.7211450">
    <ele>210.5</ele>
   </trkpt>
   <trkpt lat="46.1747050" lon="13.7210950">
    <ele>210.1</ele>
   </trkpt>
   <trkpt lat="46.1746850" lon="13.7210420">
    <ele>209.7</ele>
   </trkpt>
   <trkpt lat="46.1746720" lon="13.7209830">
    <ele>209.3</ele>
   </trkpt>
   <trkpt lat="46.1746530" lon="13.7209250">
    <ele>208.8</ele>
   </trkpt>
   <trkpt lat="46.1746180" lon="13.7208550">
    <ele>208.2</ele>
   </trkpt>
   <trkpt lat="46.1745780" lon="13.7207820">
    <ele>207.5</ele>
   </trkpt>
   <trkpt lat="46.1745450" lon="13.7207070">
    <ele>206.8</ele>
   </trkpt>
   <trkpt lat="46.1745150" lon="13.7206330">
    <ele>206.0</ele>
   </trkpt>
   <trkpt lat="46.1744900" lon="13.7205630">
    <ele>205.3</ele>
   </trkpt>
   <trkpt lat="46.1744750" lon="13.7204930">
    <ele>204.7</ele>
   </trkpt>
   <trkpt lat="46.1744580" lon="13.7204170">
    <ele>204.0</ele>
   </trkpt>
   <trkpt lat="46.1744420" lon="13.7203420">
    <ele>203.2</ele>
   </trkpt>
   <trkpt lat="46.1744230" lon="13.7202770">
    <ele>202.6</ele>
   </trkpt>
   <trkpt lat="46.1744070" lon="13.7202180">
    <ele>202.0</ele>
   </trkpt>
   <trkpt lat="46.1743900" lon="13.7201630">
    <ele>201.4</ele>
   </trkpt>
   <trkpt lat="46.1743700" lon="13.7201030">
    <ele>200.9</ele>
   </trkpt>
   <trkpt lat="46.1743470" lon="13.7200420">
    <ele>200.3</ele>
   </trkpt>
   <trkpt lat="46.1743270" lon="13.7199870">
    <ele>199.8</ele>
   </trkpt>
   <trkpt lat="46.1743080" lon="13.7199280">
    <ele>199.3</ele>
   </trkpt>
   <trkpt lat="46.1742850" lon="13.7198730">
    <ele>198.8</ele>
   </trkpt>
   <trkpt lat="46.1742680" lon="13.7198250">
    <ele>198.4</ele>
   </trkpt>
   <trkpt lat="46.1742530" lon="13.7197820">
    <ele>198.0</ele>
   </trkpt>
   <trkpt lat="46.1742320" lon="13.7197350">
    <ele>197.5</ele>
   </trkpt>
   <trkpt lat="46.1742120" lon="13.7196780">
    <ele>197.4</ele>
   </trkpt>
   <trkpt lat="46.1741980" lon="13.7196280">
    <ele>197.3</ele>
   </trkpt>
   <trkpt lat="46.1741820" lon="13.7195700">
    <ele>197.2</ele>
   </trkpt>
   <trkpt lat="46.1741670" lon="13.7195150">
    <ele>197.1</ele>
   </trkpt>
   <trkpt lat="46.1741500" lon="13.7194630">
    <ele>196.9</ele>
   </trkpt>
   <trkpt lat="46.1741330" lon="13.7194150">
    <ele>196.8</ele>
   </trkpt>
   <trkpt lat="46.1741120" lon="13.7193680">
    <ele>196.6</ele>
   </trkpt>
   <trkpt lat="46.1740980" lon="13.7193100">
    <ele>196.5</ele>
   </trkpt>
   <trkpt lat="46.1740850" lon="13.7192650">
    <ele>196.4</ele>
   </trkpt>
   <trkpt lat="46.1740720" lon="13.7192230">
    <ele>196.3</ele>
   </trkpt>
   <trkpt lat="46.1740550" lon="13.7191770">
    <ele>196.2</ele>
   </trkpt>
   <trkpt lat="46.1740420" lon="13.7191350">
    <ele>196.2</ele>
   </trkpt>
   <trkpt lat="46.1740400" lon="13.7190980">
    <ele>196.2</ele>
   </trkpt>
   <trkpt lat="46.1740480" lon="13.7190750">
    <ele>196.2</ele>
   </trkpt>
   <trkpt lat="46.1740530" lon="13.7190700">
    <ele>196.2</ele>
   </trkpt>
   <trkpt lat="46.1740580" lon="13.7190900">
    <ele>196.2</ele>
   </trkpt>
   <trkpt lat="46.1740680" lon="13.7191200">
    <ele>196.2</ele>
   </trkpt>
   <trkpt lat="46.1740820" lon="13.7191550">
    <ele>196.2</ele>
   </trkpt>
   <trkpt lat="46.1740950" lon="13.7191950">
    <ele>196.2</ele>
   </trkpt>
   <trkpt lat="46.1741150" lon="13.7192350">
    <ele>196.3</ele>
   </trkpt>
   <trkpt lat="46.1741380" lon="13.7192770">
    <ele>196.4</ele>
   </trkpt>
   <trkpt lat="46.1741600" lon="13.7193180">
    <ele>196.5</ele>
   </trkpt>
   <trkpt lat="46.1741820" lon="13.7193550">
    <ele>196.6</ele>
   </trkpt>
   <trkpt lat="46.1742050" lon="13.7194000">
    <ele>196.8</ele>
   </trkpt>
   <trkpt lat="46.1742320" lon="13.7194500">
    <ele>196.9</ele>
   </trkpt>
   <trkpt lat="46.1742530" lon="13.7194920">
    <ele>197.1</ele>
   </trkpt>
   <trkpt lat="46.1742780" lon="13.7195320">
    <ele>197.2</ele>
   </trkpt>
   <trkpt lat="46.1743000" lon="13.7195700">
    <ele>197.3</ele>
   </trkpt>
   <trkpt lat="46.1743200" lon="13.7196080">
    <ele>197.4</ele>
   </trkpt>
   <trkpt lat="46.1743420" lon="13.7196420">
    <ele>197.4</ele>
   </trkpt>
   <trkpt lat="46.1743650" lon="13.7196730">
    <ele>197.5</ele>
   </trkpt>
   <trkpt lat="46.1743900" lon="13.7197020">
    <ele>197.2</ele>
   </trkpt>
   <trkpt lat="46.1744170" lon="13.7197270">
    <ele>197.0</ele>
   </trkpt>
   <trkpt lat="46.1744450" lon="13.7197450">
    <ele>196.7</ele>
   </trkpt>
   <trkpt lat="46.1744730" lon="13.7197550">
    <ele>196.3</ele>
   </trkpt>
   <trkpt lat="46.1745030" lon="13.7197600">
    <ele>195.8</ele>
   </trkpt>
   <trkpt lat="46.1745380" lon="13.7197620">
    <ele>195.2</ele>
   </trkpt>
   <trkpt lat="46.1745780" lon="13.7197680">
    <ele>194.3</ele>
   </trkpt>
   <trkpt lat="46.1746200" lon="13.7197800">
    <ele>193.4</ele>
   </trkpt>
   <trkpt lat="46.1746630" lon="13.7198030">
    <ele>192.3</ele>
   </trkpt>
   <trkpt lat="46.1747030" lon="13.7198300">
    <ele>191.4</ele>
   </trkpt>
   <trkpt lat="46.1747380" lon="13.7198630">
    <ele>190.5</ele>
   </trkpt>
   <trkpt lat="46.1747720" lon="13.7199020">
    <ele>189.6</ele>
   </trkpt>
   <trkpt lat="46.1748020" lon="13.7199420">
    <ele>188.8</ele>
   </trkpt>
   <trkpt lat="46.1748350" lon="13.7199800">
    <ele>188.0</ele>
   </trkpt>
   <trkpt lat="46.1748670" lon="13.7200200">
    <ele>187.3</ele>
   </trkpt>
   <trkpt lat="46.1748980" lon="13.7200580">
    <ele>186.6</ele>
   </trkpt>
   <trkpt lat="46.1749300" lon="13.7200980">
    <ele>185.9</ele>
   </trkpt>
   <trkpt lat="46.1749620" lon="13.7201400">
    <ele>185.3</ele>
   </trkpt>
   <trkpt lat="46.1749950" lon="13.7201770">
    <ele>184.7</ele>
   </trkpt>
   <trkpt lat="46.1750230" lon="13.7202120">
    <ele>184.2</ele>
   </trkpt>
   <trkpt lat="46.1750430" lon="13.7202520">
    <ele>183.8</ele>
   </trkpt>
   <trkpt lat="46.1750700" lon="13.7202980">
    <ele>183.3</ele>
   </trkpt>
   <trkpt lat="46.1750980" lon="13.7203450">
    <ele>182.8</ele>
   </trkpt>
   <trkpt lat="46.1751320" lon="13.7203880">
    <ele>182.3</ele>
   </trkpt>
   <trkpt lat="46.1751580" lon="13.7204420">
    <ele>181.9</ele>
   </trkpt>
   <trkpt lat="46.1751750" lon="13.7204780">
    <ele>181.5</ele>
   </trkpt>
   <trkpt lat="46.1751930" lon="13.7205100">
    <ele>181.2</ele>
   </trkpt>
   <trkpt lat="46.1752080" lon="13.7205420">
    <ele>180.9</ele>
   </trkpt>
   <trkpt lat="46.1752270" lon="13.7205820">
    <ele>180.4</ele>
   </trkpt>
   <trkpt lat="46.1752500" lon="13.7206250">
    <ele>179.9</ele>
   </trkpt>
   <trkpt lat="46.1752630" lon="13.7206720">
    <ele>179.4</ele>
   </trkpt>
   <trkpt lat="46.1752780" lon="13.7207250">
    <ele>178.8</ele>
   </trkpt>
   <trkpt lat="46.1752950" lon="13.7207830">
    <ele>178.2</ele>
   </trkpt>
   <trkpt lat="46.1753180" lon="13.7208430">
    <ele>177.6</ele>
   </trkpt>
   <trkpt lat="46.1753300" lon="13.7209030">
    <ele>177.1</ele>
   </trkpt>
   <trkpt lat="46.1753380" lon="13.7209620">
    <ele>176.7</ele>
   </trkpt>
   <trkpt lat="46.1753450" lon="13.7210220">
    <ele>176.4</ele>
   </trkpt>
   <trkpt lat="46.1753500" lon="13.7210800">
    <ele>176.1</ele>
   </trkpt>
   <trkpt lat="46.1753570" lon="13.7211380">
    <ele>175.8</ele>
   </trkpt>
   <trkpt lat="46.1753650" lon="13.7212000">
    <ele>175.5</ele>
   </trkpt>
   <trkpt lat="46.1753830" lon="13.7212630">
    <ele>175.2</ele>
   </trkpt>
   <trkpt lat="46.1754030" lon="13.7213230">
    <ele>174.9</ele>
   </trkpt>
   <trkpt lat="46.1754230" lon="13.7213850">
    <ele>174.4</ele>
   </trkpt>
   <trkpt lat="46.1754350" lon="13.7214370">
    <ele>174.0</ele>
   </trkpt>
   <trkpt lat="46.1754470" lon="13.7214830">
    <ele>173.6</ele>
   </trkpt>
   <trkpt lat="46.1754530" lon="13.7215350">
    <ele>173.0</ele>
   </trkpt>
   <trkpt lat="46.1754550" lon="13.7215820">
    <ele>172.4</ele>
   </trkpt>
   <trkpt lat="46.1754630" lon="13.7216250">
    <ele>171.8</ele>
   </trkpt>
   <trkpt lat="46.1754750" lon="13.7216500">
    <ele>171.4</ele>
   </trkpt>
   <trkpt lat="46.1754900" lon="13.7216420">
    <ele>171.1</ele>
   </trkpt>
   <trkpt lat="46.1755120" lon="13.7216220">
    <ele>170.5</ele>
   </trkpt>
   <trkpt lat="46.1755330" lon="13.7215930">
    <ele>169.8</ele>
   </trkpt>
   <trkpt lat="46.1755630" lon="13.7215650">
    <ele>169.1</ele>
   </trkpt>
   <trkpt lat="46.1755980" lon="13.7215430">
    <ele>168.2</ele>
   </trkpt>
   <trkpt lat="46.1756350" lon="13.7215200">
    <ele>167.4</ele>
   </trkpt>
   <trkpt lat="46.1756700" lon="13.7214880">
    <ele>166.5</ele>
   </trkpt>
   <trkpt lat="46.1757050" lon="13.7214550">
    <ele>165.8</ele>
   </trkpt>
   <trkpt lat="46.1757320" lon="13.7214180">
    <ele>165.2</ele>
   </trkpt>
   <trkpt lat="46.1757570" lon="13.7213850">
    <ele>164.9</ele>
   </trkpt>
   <trkpt lat="46.1757820" lon="13.7213480">
    <ele>164.6</ele>
   </trkpt>
   <trkpt lat="46.1758030" lon="13.7213080">
    <ele>164.4</ele>
   </trkpt>
   <trkpt lat="46.1758230" lon="13.7212680">
    <ele>164.3</ele>
   </trkpt>
   <trkpt lat="46.1758480" lon="13.7212270">
    <ele>164.2</ele>
   </trkpt>
   <trkpt lat="46.1758680" lon="13.7211830">
    <ele>164.2</ele>
   </trkpt>
   <trkpt lat="46.1758930" lon="13.7211470">
    <ele>164.2</ele>
   </trkpt>
   <trkpt lat="46.1759180" lon="13.7211070">
    <ele>164.2</ele>
   </trkpt>
   <trkpt lat="46.1759420" lon="13.7210730">
    <ele>164.3</ele>
   </trkpt>
   <trkpt lat="46.1759620" lon="13.7210370">
    <ele>164.3</ele>
   </trkpt>
   <trkpt lat="46.1759800" lon="13.7210030">
    <ele>164.4</ele>
   </trkpt>
   <trkpt lat="46.1760020" lon="13.7209730">
    <ele>164.4</ele>
   </trkpt>
   <trkpt lat="46.1760230" lon="13.7209500">
    <ele>164.5</ele>
   </trkpt>
   <trkpt lat="46.1760450" lon="13.7209270">
    <ele>164.5</ele>
   </trkpt>
   <trkpt lat="46.1760730" lon="13.7209080">
    <ele>164.5</ele>
   </trkpt>
   <trkpt lat="46.1760980" lon="13.7208850">
    <ele>164.6</ele>
   </trkpt>
   <trkpt lat="46.1761230" lon="13.7208630">
    <ele>164.6</ele>
   </trkpt>
   <trkpt lat="46.1761480" lon="13.7208400">
    <ele>164.6</ele>
   </trkpt>
   <trkpt lat="46.1761700" lon="13.7208170">
    <ele>164.7</ele>
   </trkpt>
   <trkpt lat="46.1761970" lon="13.7207930">
    <ele>164.7</ele>
   </trkpt>
   <trkpt lat="46.1762200" lon="13.7207670">
    <ele>164.8</ele>
   </trkpt>
   <trkpt lat="46.1762420" lon="13.7207330">
    <ele>164.8</ele>
   </trkpt>
   <trkpt lat="46.1762570" lon="13.7206970">
    <ele>164.9</ele>
   </trkpt>
   <trkpt lat="46.1762720" lon="13.7206450">
    <ele>164.9</ele>
   </trkpt>
   <trkpt lat="46.1762920" lon="13.7205970">
    <ele>165.0</ele>
   </trkpt>
   <trkpt lat="46.1763020" lon="13.7205520">
    <ele>165.1</ele>
   </trkpt>
   <trkpt lat="46.1763150" lon="13.7205180">
    <ele>165.2</ele>
   </trkpt>
   <trkpt lat="46.1763270" lon="13.7204850">
    <ele>165.2</ele>
   </trkpt>
   <trkpt lat="46.1763420" lon="13.7204500">
    <ele>165.3</ele>
   </trkpt>
   <trkpt lat="46.1763570" lon="13.7204150">
    <ele>165.4</ele>
   </trkpt>
   <trkpt lat="46.1763730" lon="13.7203800">
    <ele>165.5</ele>
   </trkpt>
   <trkpt lat="46.1763900" lon="13.7203420">
    <ele>165.4</ele>
   </trkpt>
   <trkpt lat="46.1764070" lon="13.7203020">
    <ele>165.4</ele>
   </trkpt>
   <trkpt lat="46.1764270" lon="13.7202680">
    <ele>165.4</ele>
   </trkpt>
   <trkpt lat="46.1764500" lon="13.7202320">
    <ele>165.3</ele>
   </trkpt>
   <trkpt lat="46.1764750" lon="13.7201980">
    <ele>165.3</ele>
   </trkpt>
   <trkpt lat="46.1765030" lon="13.7201620">
    <ele>165.2</ele>
   </trkpt>
   <trkpt lat="46.1765320" lon="13.7201280">
    <ele>165.1</ele>
   </trkpt>
   <trkpt lat="46.1765600" lon="13.7200950">
    <ele>165.0</ele>
   </trkpt>
   <trkpt lat="46.1765870" lon="13.7200520">
    <ele>164.9</ele>
   </trkpt>
   <trkpt lat="46.1766120" lon="13.7200100">
    <ele>164.9</ele>
   </trkpt>
   <trkpt lat="46.1766370" lon="13.7199700">
    <ele>164.8</ele>
   </trkpt>
   <trkpt lat="46.1766620" lon="13.7199350">
    <ele>164.8</ele>
   </trkpt>
   <trkpt lat="46.1766870" lon="13.7198980">
    <ele>164.8</ele>
   </trkpt>
   <trkpt lat="46.1767080" lon="13.7198620">
    <ele>164.8</ele>
   </trkpt>
   <trkpt lat="46.1767330" lon="13.7198270">
    <ele>164.8</ele>
   </trkpt>
   <trkpt lat="46.1767570" lon="13.7197920">
    <ele>164.8</ele>
   </trkpt>
   <trkpt lat="46.1767770" lon="13.7197580">
    <ele>164.8</ele>
   </trkpt>
   <trkpt lat="46.1767970" lon="13.7197180">
    <ele>164.9</ele>
   </trkpt>
   <trkpt lat="46.1768130" lon="13.7196800">
    <ele>164.9</ele>
   </trkpt>
   <trkpt lat="46.1768230" lon="13.7196400">
    <ele>164.9</ele>
   </trkpt>
   <trkpt lat="46.1768300" lon="13.7196070">
    <ele>164.9</ele>
   </trkpt>
   <trkpt lat="46.1768300" lon="13.7195770">
    <ele>164.9</ele>
   </trkpt>
   <trkpt lat="46.1768280" lon="13.7195520">
    <ele>164.9</ele>
   </trkpt>
   <trkpt lat="46.1768370" lon="13.7195380">
    <ele>164.9</ele>
   </trkpt>
   <trkpt lat="46.1768520" lon="13.7195430">
    <ele>164.9</ele>
   </trkpt>
   <trkpt lat="46.1768700" lon="13.7195550">
    <ele>164.9</ele>
   </trkpt>
   <trkpt lat="46.1768970" lon="13.7195680">
    <ele>164.9</ele>
   </trkpt>
   <trkpt lat="46.1769200" lon="13.7195920">
    <ele>164.9</ele>
   </trkpt>
   <trkpt lat="46.1769420" lon="13.7196250">
    <ele>164.9</ele>
   </trkpt>
   <trkpt lat="46.1769630" lon="13.7196620">
    <ele>164.8</ele>
   </trkpt>
   <trkpt lat="46.1769870" lon="13.7197020">
    <ele>164.8</ele>
   </trkpt>
   <trkpt lat="46.1770080" lon="13.7197420">
    <ele>164.7</ele>
   </trkpt>
   <trkpt lat="46.1770220" lon="13.7197850">
    <ele>164.7</ele>
   </trkpt>
   <trkpt lat="46.1770320" lon="13.7198300">
    <ele>164.7</ele>
   </trkpt>
   <trkpt lat="46.1770450" lon="13.7198720">
    <ele>164.6</ele>
   </trkpt>
   <trkpt lat="46.1770600" lon="13.7199130">
    <ele>164.6</ele>
   </trkpt>
   <trkpt lat="46.1770650" lon="13.7199480">
    <ele>164.6</ele>
   </trkpt>
   <trkpt lat="46.1770700" lon="13.7199770">
    <ele>164.6</ele>
   </trkpt>
   <trkpt lat="46.1770870" lon="13.7199900">
    <ele>164.6</ele>
   </trkpt>
   <trkpt lat="46.1771080" lon="13.7199850">
    <ele>164.6</ele>
   </trkpt>
   <trkpt lat="46.1771320" lon="13.7199700">
    <ele>164.6</ele>
   </trkpt>
   <trkpt lat="46.1771580" lon="13.7199430">
    <ele>164.6</ele>
   </trkpt>
   <trkpt lat="46.1771830" lon="13.7199100">
    <ele>164.6</ele>
   </trkpt>
   <trkpt lat="46.1772080" lon="13.7198750">
    <ele>164.7</ele>
   </trkpt>
   <trkpt lat="46.1772330" lon="13.7198430">
    <ele>164.7</ele>
   </trkpt>
   <trkpt lat="46.1772600" lon="13.7198120">
    <ele>164.8</ele>
   </trkpt>
   <trkpt lat="46.1772870" lon="13.7197780">
    <ele>164.8</ele>
   </trkpt>
   <trkpt lat="46.1773120" lon="13.7197450">
    <ele>164.9</ele>
   </trkpt>
   <trkpt lat="46.1773380" lon="13.7197100">
    <ele>165.1</ele>
   </trkpt>
   <trkpt lat="46.1773700" lon="13.7196730">
    <ele>165.2</ele>
   </trkpt>
   <trkpt lat="46.1774020" lon="13.7196400">
    <ele>165.4</ele>
   </trkpt>
   <trkpt lat="46.1774280" lon="13.7196130">
    <ele>165.6</ele>
   </trkpt>
   <trkpt lat="46.1774520" lon="13.7195870">
    <ele>165.8</ele>
   </trkpt>
   <trkpt lat="46.1774770" lon="13.7195630">
    <ele>166.0</ele>
   </trkpt>
   <trkpt lat="46.1775000" lon="13.7195450">
    <ele>166.2</ele>
   </trkpt>
   <trkpt lat="46.1775250" lon="13.7195230">
    <ele>166.4</ele>
   </trkpt>
   <trkpt lat="46.1775480" lon="13.7195000">
    <ele>166.6</ele>
   </trkpt>
   <trkpt lat="46.1775680" lon="13.7194770">
    <ele>166.8</ele>
   </trkpt>
   <trkpt lat="46.1775900" lon="13.7194520">
    <ele>167.0</ele>
   </trkpt>
   <trkpt lat="46.1776100" lon="13.7194230">
    <ele>167.2</ele>
   </trkpt>
   <trkpt lat="46.1776300" lon="13.7194000">
    <ele>167.4</ele>
   </trkpt>
   <trkpt lat="46.1776530" lon="13.7193850">
    <ele>167.6</ele>
   </trkpt>
   <trkpt lat="46.1776780" lon="13.7193730">
    <ele>167.7</ele>
   </trkpt>
   <trkpt lat="46.1777030" lon="13.7193680">
    <ele>167.9</ele>
   </trkpt>
   <trkpt lat="46.1777270" lon="13.7193730">
    <ele>168.0</ele>
   </trkpt>
   <trkpt lat="46.1777520" lon="13.7193800">
    <ele>168.0</ele>
   </trkpt>
   <trkpt lat="46.1777770" lon="13.7193850">
    <ele>167.9</ele>
   </trkpt>
   <trkpt lat="46.1778030" lon="13.7193920">
    <ele>167.7</ele>
   </trkpt>
   <trkpt lat="46.1778320" lon="13.7194020">
    <ele>167.6</ele>
   </trkpt>
   <trkpt lat="46.1778630" lon="13.7194130">
    <ele>167.4</ele>
   </trkpt>
   <trkpt lat="46.1778950" lon="13.7194250">
    <ele>167.1</ele>
   </trkpt>
   <trkpt lat="46.1779280" lon="13.7194400">
    <ele>166.9</ele>
   </trkpt>
   <trkpt lat="46.1779630" lon="13.7194550">
    <ele>166.7</ele>
   </trkpt>
   <trkpt lat="46.1780000" lon="13.7194650">
    <ele>166.4</ele>
   </trkpt>
   <trkpt lat="46.1780380" lon="13.7194670">
    <ele>166.2</ele>
   </trkpt>
   <trkpt lat="46.1780700" lon="13.7194730">
    <ele>165.9</ele>
   </trkpt>
   <trkpt lat="46.1781020" lon="13.7194770">
    <ele>165.7</ele>
   </trkpt>
   <trkpt lat="46.1781370" lon="13.7194850">
    <ele>165.6</ele>
   </trkpt>
   <trkpt lat="46.1781750" lon="13.7194930">
    <ele>165.4</ele>
   </trkpt>
   <trkpt lat="46.1782170" lon="13.7195030">
    <ele>165.2</ele>
   </trkpt>
   <trkpt lat="46.1782520" lon="13.7195070">
    <ele>165.0</ele>
   </trkpt>
   <trkpt lat="46.1782920" lon="13.7195030">
    <ele>164.8</ele>
   </trkpt>
   <trkpt lat="46.1783230" lon="13.7194980">
    <ele>164.7</ele>
   </trkpt>
   <trkpt lat="46.1783580" lon="13.7194880">
    <ele>164.6</ele>
   </trkpt>
   <trkpt lat="46.1783930" lon="13.7194850">
    <ele>164.5</ele>
   </trkpt>
   <trkpt lat="46.1784280" lon="13.7194820">
    <ele>164.4</ele>
   </trkpt>
   <trkpt lat="46.1784600" lon="13.7194720">
    <ele>164.4</ele>
   </trkpt>
   <trkpt lat="46.1784920" lon="13.7194620">
    <ele>164.3</ele>
   </trkpt>
   <trkpt lat="46.1785270" lon="13.7194520">
    <ele>164.3</ele>
   </trkpt>
   <trkpt lat="46.1785650" lon="13.7194400">
    <ele>164.3</ele>
   </trkpt>
   <trkpt lat="46.1786000" lon="13.7194320">
    <ele>164.2</ele>
   </trkpt>
   <trkpt lat="46.1786350" lon="13.7194250">
    <ele>164.2</ele>
   </trkpt>
   <trkpt lat="46.1786680" lon="13.7194220">
    <ele>164.2</ele>
   </trkpt>
   <trkpt lat="46.1787000" lon="13.7194180">
    <ele>164.1</ele>
   </trkpt>
   <trkpt lat="46.1787280" lon="13.7194050">
    <ele>164.1</ele>
   </trkpt>
   <trkpt lat="46.1787580" lon="13.7193920">
    <ele>164.1</ele>
   </trkpt>
   <trkpt lat="46.1787900" lon="13.7193830">
    <ele>164.0</ele>
   </trkpt>
   <trkpt lat="46.1788250" lon="13.7193770">
    <ele>164.0</ele>
   </trkpt>
   <trkpt lat="46.1788580" lon="13.7193700">
    <ele>163.9</ele>
   </trkpt>
   <trkpt lat="46.1788900" lon="13.7193670">
    <ele>163.9</ele>
   </trkpt>
   <trkpt lat="46.1789200" lon="13.7193600">
    <ele>163.8</ele>
   </trkpt>
   <trkpt lat="46.1789500" lon="13.7193550">
    <ele>163.8</ele>
   </trkpt>
   <trkpt lat="46.1789800" lon="13.7193520">
    <ele>163.7</ele>
   </trkpt>
   <trkpt lat="46.1790130" lon="13.7193530">
    <ele>163.5</ele>
   </trkpt>
   <trkpt lat="46.1790500" lon="13.7193620">
    <ele>163.4</ele>
   </trkpt>
   <trkpt lat="46.1790850" lon="13.7193750">
    <ele>163.3</ele>
   </trkpt>
   <trkpt lat="46.1791200" lon="13.7193920">
    <ele>163.1</ele>
   </trkpt>
   <trkpt lat="46.1791500" lon="13.7194080">
    <ele>162.9</ele>
   </trkpt>
   <trkpt lat="46.1791780" lon="13.7194250">
    <ele>162.8</ele>
   </trkpt>
   <trkpt lat="46.1792100" lon="13.7194470">
    <ele>162.6</ele>
   </trkpt>
   <trkpt lat="46.1792430" lon="13.7194750">
    <ele>162.4</ele>
   </trkpt>
   <trkpt lat="46.1792800" lon="13.7195030">
    <ele>162.1</ele>
   </trkpt>
   <trkpt lat="46.1793130" lon="13.7195320">
    <ele>161.9</ele>
   </trkpt>
   <trkpt lat="46.1793470" lon="13.7195550">
    <ele>161.7</ele>
   </trkpt>
   <trkpt lat="46.1793770" lon="13.7195780">
    <ele>161.6</ele>
   </trkpt>
   <trkpt lat="46.1794050" lon="13.7196070">
    <ele>161.4</ele>
   </trkpt>
   <trkpt lat="46.1794330" lon="13.7196380">
    <ele>161.3</ele>
   </trkpt>
   <trkpt lat="46.1794580" lon="13.7196720">
    <ele>161.2</ele>
   </trkpt>
   <trkpt lat="46.1794850" lon="13.7197080">
    <ele>161.1</ele>
   </trkpt>
   <trkpt lat="46.1795150" lon="13.7197420">
    <ele>161.1</ele>
   </trkpt>
   <trkpt lat="46.1795470" lon="13.7197720">
    <ele>161.0</ele>
   </trkpt>
   <trkpt lat="46.1795820" lon="13.7197980">
    <ele>161.0</ele>
   </trkpt>
   <trkpt lat="46.1796150" lon="13.7198280">
    <ele>161.0</ele>
   </trkpt>
   <trkpt lat="46.1796520" lon="13.7198630">
    <ele>161.0</ele>
   </trkpt>
   <trkpt lat="46.1796830" lon="13.7198970">
    <ele>161.0</ele>
   </trkpt>
   <trkpt lat="46.1797180" lon="13.7199230">
    <ele>161.0</ele>
   </trkpt>
   <trkpt lat="46.1797480" lon="13.7199470">
    <ele>161.0</ele>
   </trkpt>
   <trkpt lat="46.1797770" lon="13.7199630">
    <ele>161.0</ele>
   </trkpt>
   <trkpt lat="46.1798080" lon="13.7199780">
    <ele>161.0</ele>
   </trkpt>
   <trkpt lat="46.1798400" lon="13.7199900">
    <ele>161.0</ele>
   </trkpt>
   <trkpt lat="46.1798720" lon="13.7199980">
    <ele>161.0</ele>
   </trkpt>
   <trkpt lat="46.1799050" lon="13.7200020">
    <ele>161.0</ele>
   </trkpt>
   <trkpt lat="46.1799420" lon="13.7200020">
    <ele>161.0</ele>
   </trkpt>
   <trkpt lat="46.1799770" lon="13.7200020">
    <ele>161.0</ele>
   </trkpt>
   <trkpt lat="46.1800130" lon="13.7199980">
    <ele>161.1</ele>
   </trkpt>
   <trkpt lat="46.1800470" lon="13.7199880">
    <ele>161.1</ele>
   </trkpt>
   <trkpt lat="46.1800820" lon="13.7199800">
    <ele>161.1</ele>
   </trkpt>
   <trkpt lat="46.1801130" lon="13.7199700">
    <ele>161.1</ele>
   </trkpt>
   <trkpt lat="46.1801420" lon="13.7199530">
    <ele>161.1</ele>
   </trkpt>
   <trkpt lat="46.1801700" lon="13.7199280">
    <ele>161.1</ele>
   </trkpt>
   <trkpt lat="46.1801970" lon="13.7199000">
    <ele>161.1</ele>
   </trkpt>
   <trkpt lat="46.1802200" lon="13.7198680">
    <ele>161.2</ele>
   </trkpt>
   <trkpt lat="46.1802420" lon="13.7198400">
    <ele>161.2</ele>
   </trkpt>
   <trkpt lat="46.1802630" lon="13.7198130">
    <ele>161.2</ele>
   </trkpt>
   <trkpt lat="46.1802850" lon="13.7197870">
    <ele>161.2</ele>
   </trkpt>
   <trkpt lat="46.1803080" lon="13.7197500">
    <ele>161.3</ele>
   </trkpt>
   <trkpt lat="46.1803280" lon="13.7197130">
    <ele>161.3</ele>
   </trkpt>
   <trkpt lat="46.1803500" lon="13.7196780">
    <ele>161.3</ele>
   </trkpt>
   <trkpt lat="46.1803700" lon="13.7196480">
    <ele>161.4</ele>
   </trkpt>
   <trkpt lat="46.1803880" lon="13.7196150">
    <ele>161.4</ele>
   </trkpt>
   <trkpt lat="46.1804070" lon="13.7195800">
    <ele>161.4</ele>
   </trkpt>
   <trkpt lat="46.1804250" lon="13.7195470">
    <ele>161.5</ele>
   </trkpt>
   <trkpt lat="46.1804420" lon="13.7195080">
    <ele>161.5</ele>
   </trkpt>
   <trkpt lat="46.1804620" lon="13.7194820">
    <ele>161.5</ele>
   </trkpt>
   <trkpt lat="46.1804820" lon="13.7194550">
    <ele>161.5</ele>
   </trkpt>
   <trkpt lat="46.1805020" lon="13.7194300">
    <ele>161.6</ele>
   </trkpt>
   <trkpt lat="46.1805250" lon="13.7194030">
    <ele>161.6</ele>
   </trkpt>
   <trkpt lat="46.1805500" lon="13.7193770">
    <ele>161.6</ele>
   </trkpt>
   <trkpt lat="46.1805730" lon="13.7193480">
    <ele>161.6</ele>
   </trkpt>
   <trkpt lat="46.1805980" lon="13.7193150">
    <ele>161.6</ele>
   </trkpt>
   <trkpt lat="46.1806180" lon="13.7192820">
    <ele>161.6</ele>
   </trkpt>
   <trkpt lat="46.1806380" lon="13.7192430">
    <ele>161.6</ele>
   </trkpt>
   <trkpt lat="46.1806570" lon="13.7192070">
    <ele>161.6</ele>
   </trkpt>
   <trkpt lat="46.1806770" lon="13.7191750">
    <ele>161.6</ele>
   </trkpt>
   <trkpt lat="46.1806980" lon="13.7191470">
    <ele>161.6</ele>
   </trkpt>
   <trkpt lat="46.1807220" lon="13.7191170">
    <ele>161.7</ele>
   </trkpt>
   <trkpt lat="46.1807450" lon="13.7190830">
    <ele>161.7</ele>
   </trkpt>
   <trkpt lat="46.1807670" lon="13.7190500">
    <ele>161.7</ele>
   </trkpt>
   <trkpt lat="46.1807920" lon="13.7190180">
    <ele>161.7</ele>
   </trkpt>
   <trkpt lat="46.1808150" lon="13.7189870">
    <ele>161.7</ele>
   </trkpt>
   <trkpt lat="46.1808380" lon="13.7189570">
    <ele>161.7</ele>
   </trkpt>
   <trkpt lat="46.1808630" lon="13.7189250">
    <ele>161.7</ele>
   </trkpt>
   <trkpt lat="46.1808870" lon="13.7188970">
    <ele>161.7</ele>
   </trkpt>
   <trkpt lat="46.1809030" lon="13.7188650">
    <ele>161.7</ele>
   </trkpt>
   <trkpt lat="46.1809200" lon="13.7188380">
    <ele>161.8</ele>
   </trkpt>
   <trkpt lat="46.1809420" lon="13.7188150">
    <ele>161.8</ele>
   </trkpt>
   <trkpt lat="46.1809630" lon="13.7187850">
    <ele>161.8</ele>
   </trkpt>
   <trkpt lat="46.1809830" lon="13.7187530">
    <ele>161.8</ele>
   </trkpt>
   <trkpt lat="46.1810030" lon="13.7187220">
    <ele>161.8</ele>
   </trkpt>
   <trkpt lat="46.1810280" lon="13.7186880">
    <ele>161.8</ele>
   </trkpt>
   <trkpt lat="46.1810530" lon="13.7186550">
    <ele>161.8</ele>
   </trkpt>
   <trkpt lat="46.1810780" lon="13.7186200">
    <ele>161.8</ele>
   </trkpt>
   <trkpt lat="46.1811050" lon="13.7185830">
    <ele>161.8</ele>
   </trkpt>
   <trkpt lat="46.1811300" lon="13.7185430">
    <ele>161.8</ele>
   </trkpt>
   <trkpt lat="46.1811550" lon="13.7185150">
    <ele>161.8</ele>
   </trkpt>
   <trkpt lat="46.1811780" lon="13.7184850">
    <ele>161.8</ele>
   </trkpt>
   <trkpt lat="46.1812030" lon="13.7184520">
    <ele>161.8</ele>
   </trkpt>
   <trkpt lat="46.1812280" lon="13.7184180">
    <ele>161.8</ele>
   </trkpt>
   <trkpt lat="46.1812500" lon="13.7183820">
    <ele>161.8</ele>
   </trkpt>
   <trkpt lat="46.1812720" lon="13.7183470">
    <ele>161.8</ele>
   </trkpt>
   <trkpt lat="46.1812920" lon="13.7183120">
    <ele>161.8</ele>
   </trkpt>
   <trkpt lat="46.1813100" lon="13.7182830">
    <ele>161.9</ele>
   </trkpt>
   <trkpt lat="46.1813320" lon="13.7182520">
    <ele>161.9</ele>
   </trkpt>
   <trkpt lat="46.1813520" lon="13.7182170">
    <ele>161.9</ele>
   </trkpt>
   <trkpt lat="46.1813720" lon="13.7181830">
    <ele>161.9</ele>
   </trkpt>
   <trkpt lat="46.1813930" lon="13.7181500">
    <ele>161.9</ele>
   </trkpt>
   <trkpt lat="46.1814150" lon="13.7181170">
    <ele>161.9</ele>
   </trkpt>
   <trkpt lat="46.1814380" lon="13.7180820">
    <ele>161.9</ele>
   </trkpt>
   <trkpt lat="46.1814620" lon="13.7180480">
    <ele>161.9</ele>
   </trkpt>
   <trkpt lat="46.1814830" lon="13.7180120">
    <ele>162.0</ele>
   </trkpt>
   <trkpt lat="46.1815030" lon="13.7179770">
    <ele>162.0</ele>
   </trkpt>
   <trkpt lat="46.1815220" lon="13.7179450">
    <ele>162.0</ele>
   </trkpt>
   <trkpt lat="46.1815450" lon="13.7179120">
    <ele>162.0</ele>
   </trkpt>
   <trkpt lat="46.1815700" lon="13.7178820">
    <ele>162.0</ele>
   </trkpt>
   <trkpt lat="46.1815920" lon="13.7178320">
    <ele>162.1</ele>
   </trkpt>
   <trkpt lat="46.1816080" lon="13.7177820">
    <ele>162.1</ele>
   </trkpt>
   <trkpt lat="46.1816320" lon="13.7177420">
    <ele>162.1</ele>
   </trkpt>
   <trkpt lat="46.1816500" lon="13.7177120">
    <ele>162.1</ele>
   </trkpt>
   <trkpt lat="46.1816650" lon="13.7176800">
    <ele>162.1</ele>
   </trkpt>
   <trkpt lat="46.1816880" lon="13.7176500">
    <ele>162.2</ele>
   </trkpt>
   <trkpt lat="46.1817130" lon="13.7176220">
    <ele>162.2</ele>
   </trkpt>
   <trkpt lat="46.1817350" lon="13.7175920">
    <ele>162.2</ele>
   </trkpt>
   <trkpt lat="46.1817550" lon="13.7175600">
    <ele>162.2</ele>
   </trkpt>
   <trkpt lat="46.1817720" lon="13.7175320">
    <ele>162.2</ele>
   </trkpt>
   <trkpt lat="46.1817880" lon="13.7175030">
    <ele>162.2</ele>
   </trkpt>
   <trkpt lat="46.1818100" lon="13.7174730">
    <ele>162.2</ele>
   </trkpt>
   <trkpt lat="46.1818300" lon="13.7174430">
    <ele>162.2</ele>
   </trkpt>
   <trkpt lat="46.1818520" lon="13.7174170">
    <ele>162.2</ele>
   </trkpt>
   <trkpt lat="46.1818730" lon="13.7173920">
    <ele>162.2</ele>
   </trkpt>
   <trkpt lat="46.1818930" lon="13.7173670">
    <ele>162.2</ele>
   </trkpt>
   <trkpt lat="46.1819130" lon="13.7173380">
    <ele>162.2</ele>
   </trkpt>
   <trkpt lat="46.1819350" lon="13.7173150">
    <ele>162.2</ele>
   </trkpt>
   <trkpt lat="46.1819550" lon="13.7172880">
    <ele>162.2</ele>
   </trkpt>
   <trkpt lat="46.1819700" lon="13.7172580">
    <ele>162.2</ele>
   </trkpt>
   <trkpt lat="46.1819830" lon="13.7172270">
    <ele>162.2</ele>
   </trkpt>
   <trkpt lat="46.1819980" lon="13.7171880">
    <ele>162.2</ele>
   </trkpt>
   <trkpt lat="46.1820100" lon="13.7171470">
    <ele>162.2</ele>
   </trkpt>
   <trkpt lat="46.1820230" lon="13.7171180">
    <ele>162.2</ele>
   </trkpt>
   <trkpt lat="46.1820350" lon="13.7170880">
    <ele>162.2</ele>
   </trkpt>
   <trkpt lat="46.1820420" lon="13.7170580">
    <ele>162.2</ele>
   </trkpt>
   <trkpt lat="46.1820500" lon="13.7170280">
    <ele>162.2</ele>
   </trkpt>
   <trkpt lat="46.1820580" lon="13.7169970">
    <ele>162.2</ele>
   </trkpt>
   <trkpt lat="46.1820700" lon="13.7169700">
    <ele>162.2</ele>
   </trkpt>
   <trkpt lat="46.1820830" lon="13.7169450">
    <ele>162.2</ele>
   </trkpt>
   <trkpt lat="46.1821000" lon="13.7169170">
    <ele>162.2</ele>
   </trkpt>
   <trkpt lat="46.1821180" lon="13.7168850">
    <ele>162.2</ele>
   </trkpt>
   <trkpt lat="46.1821380" lon="13.7168530">
    <ele>162.2</ele>
   </trkpt>
   <trkpt lat="46.1821570" lon="13.7168200">
    <ele>162.2</ele>
   </trkpt>
   <trkpt lat="46.1821730" lon="13.7167880">
    <ele>162.2</ele>
   </trkpt>
   <trkpt lat="46.1821900" lon="13.7167570">
    <ele>162.2</ele>
   </trkpt>
   <trkpt lat="46.1822100" lon="13.7167270">
    <ele>162.2</ele>
   </trkpt>
   <trkpt lat="46.1822330" lon="13.7166970">
    <ele>162.2</ele>
   </trkpt>
   <trkpt lat="46.1822570" lon="13.7166680">
    <ele>162.2</ele>
   </trkpt>
   <trkpt lat="46.1822820" lon="13.7166370">
    <ele>162.2</ele>
   </trkpt>
   <trkpt lat="46.1823020" lon="13.7166080">
    <ele>162.2</ele>
   </trkpt>
   <trkpt lat="46.1823220" lon="13.7165800">
    <ele>162.2</ele>
   </trkpt>
   <trkpt lat="46.1823420" lon="13.7165500">
    <ele>162.3</ele>
   </trkpt>
   <trkpt lat="46.1823570" lon="13.7165030">
    <ele>162.3</ele>
   </trkpt>
   <trkpt lat="46.1823720" lon="13.7164620">
    <ele>162.3</ele>
   </trkpt>
   <trkpt lat="46.1823900" lon="13.7164230">
    <ele>162.3</ele>
   </trkpt>
   <trkpt lat="46.1824100" lon="13.7163970">
    <ele>162.3</ele>
   </trkpt>
   <trkpt lat="46.1824300" lon="13.7163670">
    <ele>162.3</ele>
   </trkpt>
   <trkpt lat="46.1824500" lon="13.7163380">
    <ele>162.3</ele>
   </trkpt>
   <trkpt lat="46.1824720" lon="13.7163120">
    <ele>162.3</ele>
   </trkpt>
   <trkpt lat="46.1824950" lon="13.7162830">
    <ele>162.3</ele>
   </trkpt>
   <trkpt lat="46.1825170" lon="13.7162550">
    <ele>162.3</ele>
   </trkpt>
   <trkpt lat="46.1825370" lon="13.7162250">
    <ele>162.3</ele>
   </trkpt>
   <trkpt lat="46.1825570" lon="13.7161930">
    <ele>162.3</ele>
   </trkpt>
   <trkpt lat="46.1825750" lon="13.7161620">
    <ele>162.4</ele>
   </trkpt>
   <trkpt lat="46.1825900" lon="13.7161280">
    <ele>162.4</ele>
   </trkpt>
   <trkpt lat="46.1826000" lon="13.7160930">
    <ele>162.5</ele>
   </trkpt>
   <trkpt lat="46.1826080" lon="13.7160600">
    <ele>162.7</ele>
   </trkpt>
   <trkpt lat="46.1826120" lon="13.7160330">
    <ele>162.8</ele>
   </trkpt>
   <trkpt lat="46.1826150" lon="13.7160070">
    <ele>163.0</ele>
   </trkpt>
   <trkpt lat="46.1826180" lon="13.7159780">
    <ele>163.1</ele>
   </trkpt>
   <trkpt lat="46.1826180" lon="13.7159470">
    <ele>163.4</ele>
   </trkpt>
   <trkpt lat="46.1826130" lon="13.7159130">
    <ele>163.6</ele>
   </trkpt>
   <trkpt lat="46.1826080" lon="13.7158830">
    <ele>163.9</ele>
   </trkpt>
   <trkpt lat="46.1826070" lon="13.7158570">
    <ele>164.1</ele>
   </trkpt>
   <trkpt lat="46.1826100" lon="13.7158370">
    <ele>164.3</ele>
   </trkpt>
   <trkpt lat="46.1826150" lon="13.7158150">
    <ele>164.5</ele>
   </trkpt>
   <trkpt lat="46.1826130" lon="13.7157980">
    <ele>164.6</ele>
   </trkpt>
   <trkpt lat="46.1826130" lon="13.7157770">
    <ele>164.8</ele>
   </trkpt>
   <trkpt lat="46.1826180" lon="13.7157520">
    <ele>165.1</ele>
   </trkpt>
   <trkpt lat="46.1826250" lon="13.7157200">
    <ele>165.4</ele>
   </trkpt>
   <trkpt lat="46.1826320" lon="13.7156900">
    <ele>165.6</ele>
   </trkpt>
   <trkpt lat="46.1826400" lon="13.7156680">
    <ele>165.8</ele>
   </trkpt>
   <trkpt lat="46.1826530" lon="13.7156520">
    <ele>166.0</ele>
   </trkpt>
   <trkpt lat="46.1826670" lon="13.7156520">
    <ele>166.2</ele>
   </trkpt>
   <trkpt lat="46.1826770" lon="13.7156650">
    <ele>166.3</ele>
   </trkpt>
   <trkpt lat="46.1826870" lon="13.7156850">
    <ele>166.5</ele>
   </trkpt>
   <trkpt lat="46.1826980" lon="13.7157100">
    <ele>166.5</ele>
   </trkpt>
   <trkpt lat="46.1827180" lon="13.7157380">
    <ele>166.5</ele>
   </trkpt>
   <trkpt lat="46.1827370" lon="13.7157670">
    <ele>166.5</ele>
   </trkpt>
   <trkpt lat="46.1827570" lon="13.7157980">
    <ele>166.5</ele>
   </trkpt>
   <trkpt lat="46.1827780" lon="13.7158300">
    <ele>166.5</ele>
   </trkpt>
   <trkpt lat="46.1827980" lon="13.7158580">
    <ele>166.5</ele>
   </trkpt>
   <trkpt lat="46.1828150" lon="13.7158930">
    <ele>166.4</ele>
   </trkpt>
   <trkpt lat="46.1828320" lon="13.7159320">
    <ele>166.4</ele>
   </trkpt>
   <trkpt lat="46.1828500" lon="13.7159670">
    <ele>166.3</ele>
   </trkpt>
   <trkpt lat="46.1828650" lon="13.7159970">
    <ele>166.3</ele>
   </trkpt>
   <trkpt lat="46.1828800" lon="13.7160280">
    <ele>166.3</ele>
   </trkpt>
   <trkpt lat="46.1828980" lon="13.7160570">
    <ele>166.2</ele>
   </trkpt>
   <trkpt lat="46.1829200" lon="13.7160830">
    <ele>166.2</ele>
   </trkpt>
   <trkpt lat="46.1829430" lon="13.7161130">
    <ele>166.2</ele>
   </trkpt>
   <trkpt lat="46.1829670" lon="13.7161420">
    <ele>166.2</ele>
   </trkpt>
   <trkpt lat="46.1829830" lon="13.7161750">
    <ele>166.2</ele>
   </trkpt>
   <trkpt lat="46.1830020" lon="13.7162080">
    <ele>166.2</ele>
   </trkpt>
   <trkpt lat="46.1830270" lon="13.7162380">
    <ele>166.1</ele>
   </trkpt>
   <trkpt lat="46.1830520" lon="13.7162670">
    <ele>166.1</ele>
   </trkpt>
   <trkpt lat="46.1830750" lon="13.7162980">
    <ele>166.1</ele>
   </trkpt>
   <trkpt lat="46.1830950" lon="13.7163350">
    <ele>166.1</ele>
   </trkpt>
   <trkpt lat="46.1831170" lon="13.7163680">
    <ele>166.1</ele>
   </trkpt>
   <trkpt lat="46.1831350" lon="13.7164020">
    <ele>166.1</ele>
   </trkpt>
   <trkpt lat="46.1831550" lon="13.7164330">
    <ele>166.1</ele>
   </trkpt>
   <trkpt lat="46.1831720" lon="13.7164680">
    <ele>166.1</ele>
   </trkpt>
   <trkpt lat="46.1831880" lon="13.7165030">
    <ele>166.1</ele>
   </trkpt>
   <trkpt lat="46.1832050" lon="13.7165370">
    <ele>166.1</ele>
   </trkpt>
   <trkpt lat="46.1832220" lon="13.7165680">
    <ele>166.1</ele>
   </trkpt>
   <trkpt lat="46.1832400" lon="13.7166000">
    <ele>166.1</ele>
   </trkpt>
   <trkpt lat="46.1832570" lon="13.7166320">
    <ele>166.1</ele>
   </trkpt>
   <trkpt lat="46.1832750" lon="13.7166630">
    <ele>166.1</ele>
   </trkpt>
   <trkpt lat="46.1832920" lon="13.7166980">
    <ele>166.1</ele>
   </trkpt>
   <trkpt lat="46.1833100" lon="13.7167280">
    <ele>166.1</ele>
   </trkpt>
   <trkpt lat="46.1833270" lon="13.7167620">
    <ele>166.1</ele>
   </trkpt>
   <trkpt lat="46.1833480" lon="13.7167930">
    <ele>166.1</ele>
   </trkpt>
   <trkpt lat="46.1833680" lon="13.7168270">
    <ele>166.0</ele>
   </trkpt>
   <trkpt lat="46.1833850" lon="13.7168570">
    <ele>166.0</ele>
   </trkpt>
   <trkpt lat="46.1834030" lon="13.7168850">
    <ele>166.0</ele>
   </trkpt>
   <trkpt lat="46.1834200" lon="13.7169170">
    <ele>166.0</ele>
   </trkpt>
   <trkpt lat="46.1834350" lon="13.7169450">
    <ele>165.9</ele>
   </trkpt>
   <trkpt lat="46.1834470" lon="13.7169680">
    <ele>165.9</ele>
   </trkpt>
   <trkpt lat="46.1834450" lon="13.7169880">
    <ele>165.8</ele>
   </trkpt>
   <trkpt lat="46.1834400" lon="13.7170050">
    <ele>165.7</ele>
   </trkpt>
   <trkpt lat="46.1834370" lon="13.7170250">
    <ele>165.4</ele>
   </trkpt>
   <trkpt lat="46.1834300" lon="13.7170530">
    <ele>165.0</ele>
   </trkpt>
   <trkpt lat="46.1834180" lon="13.7170880">
    <ele>164.5</ele>
   </trkpt>
   <trkpt lat="46.1834020" lon="13.7171270">
    <ele>164.0</ele>
   </trkpt>
   <trkpt lat="46.1833850" lon="13.7171570">
    <ele>163.6</ele>
   </trkpt>
   <trkpt lat="46.1833630" lon="13.7171900">
    <ele>163.2</ele>
   </trkpt>
   <trkpt lat="46.1833470" lon="13.7172150">
    <ele>163.0</ele>
   </trkpt>
   <trkpt lat="46.1833270" lon="13.7172450">
    <ele>162.8</ele>
   </trkpt>
   <trkpt lat="46.1833070" lon="13.7172720">
    <ele>162.6</ele>
   </trkpt>
   <trkpt lat="46.1832900" lon="13.7172980">
    <ele>162.5</ele>
   </trkpt>
   <trkpt lat="46.1832730" lon="13.7173200">
    <ele>162.4</ele>
   </trkpt>
   <trkpt lat="46.1832530" lon="13.7173420">
    <ele>162.3</ele>
   </trkpt>
   <trkpt lat="46.1832420" lon="13.7173650">
    <ele>162.3</ele>
   </trkpt>
   <trkpt lat="46.1832330" lon="13.7173880">
    <ele>162.2</ele>
   </trkpt>
   <trkpt lat="46.1832170" lon="13.7174150">
    <ele>162.2</ele>
   </trkpt>
   <trkpt lat="46.1832020" lon="13.7174350">
    <ele>162.2</ele>
   </trkpt>
   <trkpt lat="46.1831830" lon="13.7174520">
    <ele>162.1</ele>
   </trkpt>
   <trkpt lat="46.1831650" lon="13.7174630">
    <ele>162.1</ele>
   </trkpt>
   <trkpt lat="46.1831480" lon="13.7174730">
    <ele>162.1</ele>
   </trkpt>
   <trkpt lat="46.1831250" lon="13.7174880">
    <ele>162.0</ele>
   </trkpt>
   <trkpt lat="46.1831030" lon="13.7175120">
    <ele>162.0</ele>
   </trkpt>
   <trkpt lat="46.1830850" lon="13.7175370">
    <ele>162.0</ele>
   </trkpt>
   <trkpt lat="46.1830700" lon="13.7175680">
    <ele>161.9</ele>
   </trkpt>
   <trkpt lat="46.1830620" lon="13.7176020">
    <ele>161.9</ele>
   </trkpt>
   <trkpt lat="46.1830520" lon="13.7176430">
    <ele>161.8</ele>
   </trkpt>
   <trkpt lat="46.1830380" lon="13.7176800">
    <ele>161.8</ele>
   </trkpt>
   <trkpt lat="46.1830330" lon="13.7177050">
    <ele>161.8</ele>
   </trkpt>
   <trkpt lat="46.1830170" lon="13.7177330">
    <ele>161.7</ele>
   </trkpt>
   <trkpt lat="46.1830020" lon="13.7177620">
    <ele>161.7</ele>
   </trkpt>
   <trkpt lat="46.1829850" lon="13.7177880">
    <ele>161.6</ele>
   </trkpt>
   <trkpt lat="46.1829630" lon="13.7178080">
    <ele>161.6</ele>
   </trkpt>
   <trkpt lat="46.1829400" lon="13.7178320">
    <ele>161.6</ele>
   </trkpt>
   <trkpt lat="46.1829230" lon="13.7178370">
    <ele>161.5</ele>
   </trkpt>
   <trkpt lat="46.1829070" lon="13.7178370">
    <ele>161.5</ele>
   </trkpt>
   <trkpt lat="46.1828930" lon="13.7178430">
    <ele>161.5</ele>
   </trkpt>
   <trkpt lat="46.1828780" lon="13.7178580">
    <ele>161.4</ele>
   </trkpt>
   <trkpt lat="46.1828650" lon="13.7178820">
    <ele>161.4</ele>
   </trkpt>
   <trkpt lat="46.1828520" lon="13.7179220">
    <ele>161.3</ele>
   </trkpt>
   <trkpt lat="46.1828430" lon="13.7179650">
    <ele>161.3</ele>
   </trkpt>
   <trkpt lat="46.1828350" lon="13.7180120">
    <ele>161.2</ele>
   </trkpt>
   <trkpt lat="46.1828270" lon="13.7180600">
    <ele>161.1</ele>
   </trkpt>
   <trkpt lat="46.1828230" lon="13.7181080">
    <ele>161.0</ele>
   </trkpt>
   <trkpt lat="46.1828170" lon="13.7181600">
    <ele>161.0</ele>
   </trkpt>
   <trkpt lat="46.1828120" lon="13.7182080">
    <ele>161.0</ele>
   </trkpt>
   <trkpt lat="46.1828120" lon="13.7182630">
    <ele>161.0</ele>
   </trkpt>
   <trkpt lat="46.1828100" lon="13.7183150">
    <ele>161.0</ele>
   </trkpt>
   <trkpt lat="46.1827970" lon="13.7183670">
    <ele>161.0</ele>
   </trkpt>
   <trkpt lat="46.1827800" lon="13.7184030">
    <ele>161.0</ele>
   </trkpt>
   <trkpt lat="46.1827580" lon="13.7184370">
    <ele>161.0</ele>
   </trkpt>
   <trkpt lat="46.1827380" lon="13.7184650">
    <ele>160.9</ele>
   </trkpt>
   <trkpt lat="46.1827200" lon="13.7184900">
    <ele>160.9</ele>
   </trkpt>
   <trkpt lat="46.1827050" lon="13.7185100">
    <ele>160.9</ele>
   </trkpt>
   <trkpt lat="46.1826870" lon="13.7185230">
    <ele>160.9</ele>
   </trkpt>
   <trkpt lat="46.1826680" lon="13.7185480">
    <ele>160.9</ele>
   </trkpt>
   <trkpt lat="46.1826480" lon="13.7185750">
    <ele>160.9</ele>
   </trkpt>
   <trkpt lat="46.1826300" lon="13.7185950">
    <ele>160.8</ele>
   </trkpt>
   <trkpt lat="46.1826130" lon="13.7186180">
    <ele>160.8</ele>
   </trkpt>
   <trkpt lat="46.1825950" lon="13.7186480">
    <ele>160.8</ele>
   </trkpt>
   <trkpt lat="46.1825770" lon="13.7186830">
    <ele>160.7</ele>
   </trkpt>
   <trkpt lat="46.1825600" lon="13.7187220">
    <ele>160.7</ele>
   </trkpt>
   <trkpt lat="46.1825430" lon="13.7187650">
    <ele>160.7</ele>
   </trkpt>
   <trkpt lat="46.1825300" lon="13.7188080">
    <ele>160.6</ele>
   </trkpt>
   <trkpt lat="46.1825130" lon="13.7188500">
    <ele>160.6</ele>
   </trkpt>
   <trkpt lat="46.1824980" lon="13.7188880">
    <ele>160.6</ele>
   </trkpt>
   <trkpt lat="46.1824900" lon="13.7189180">
    <ele>160.6</ele>
   </trkpt>
   <trkpt lat="46.1824800" lon="13.7189450">
    <ele>160.6</ele>
   </trkpt>
   <trkpt lat="46.1824670" lon="13.7189700">
    <ele>160.6</ele>
   </trkpt>
   <trkpt lat="46.1824470" lon="13.7190020">
    <ele>160.6</ele>
   </trkpt>
   <trkpt lat="46.1824300" lon="13.7190350">
    <ele>160.6</ele>
   </trkpt>
   <trkpt lat="46.1824130" lon="13.7190620">
    <ele>160.6</ele>
   </trkpt>
   <trkpt lat="46.1823970" lon="13.7190880">
    <ele>160.6</ele>
   </trkpt>
   <trkpt lat="46.1823850" lon="13.7191120">
    <ele>160.6</ele>
   </trkpt>
   <trkpt lat="46.1823720" lon="13.7191400">
    <ele>160.6</ele>
   </trkpt>
   <trkpt lat="46.1823620" lon="13.7191750">
    <ele>160.6</ele>
   </trkpt>
   <trkpt lat="46.1823530" lon="13.7192180">
    <ele>160.6</ele>
   </trkpt>
   <trkpt lat="46.1823480" lon="13.7192630">
    <ele>160.6</ele>
   </trkpt>
   <trkpt lat="46.1823550" lon="13.7193300">
    <ele>160.6</ele>
   </trkpt>
   <trkpt lat="46.1823530" lon="13.7193970">
    <ele>160.6</ele>
   </trkpt>
   <trkpt lat="46.1823500" lon="13.7194620">
    <ele>160.6</ele>
   </trkpt>
   <trkpt lat="46.1823600" lon="13.7195180">
    <ele>160.6</ele>
   </trkpt>
   <trkpt lat="46.1823680" lon="13.7195680">
    <ele>160.6</ele>
   </trkpt>
   <trkpt lat="46.1823730" lon="13.7196080">
    <ele>160.6</ele>
   </trkpt>
   <trkpt lat="46.1823880" lon="13.7196530">
    <ele>160.6</ele>
   </trkpt>
   <trkpt lat="46.1824030" lon="13.7196920">
    <ele>160.6</ele>
   </trkpt>
   <trkpt lat="46.1824130" lon="13.7197330">
    <ele>160.6</ele>
   </trkpt>
   <trkpt lat="46.1824180" lon="13.7197770">
    <ele>160.6</ele>
   </trkpt>
   <trkpt lat="46.1824200" lon="13.7198120">
    <ele>160.6</ele>
   </trkpt>
   <trkpt lat="46.1824170" lon="13.7198450">
    <ele>160.6</ele>
   </trkpt>
   <trkpt lat="46.1824150" lon="13.7198870">
    <ele>160.6</ele>
   </trkpt>
   <trkpt lat="46.1824120" lon="13.7199300">
    <ele>160.6</ele>
   </trkpt>
   <trkpt lat="46.1824080" lon="13.7199720">
    <ele>160.7</ele>
   </trkpt>
   <trkpt lat="46.1824000" lon="13.7200100">
    <ele>160.7</ele>
   </trkpt>
   <trkpt lat="46.1823880" lon="13.7200380">
    <ele>160.7</ele>
   </trkpt>
   <trkpt lat="46.1823800" lon="13.7200520">
    <ele>160.7</ele>
   </trkpt>
   <trkpt lat="46.1823630" lon="13.7200680">
    <ele>160.8</ele>
   </trkpt>
   <trkpt lat="46.1823520" lon="13.7200830">
    <ele>160.8</ele>
   </trkpt>
   <trkpt lat="46.1823400" lon="13.7201080">
    <ele>160.8</ele>
   </trkpt>
   <trkpt lat="46.1823280" lon="13.7201430">
    <ele>160.9</ele>
   </trkpt>
   <trkpt lat="46.1823220" lon="13.7201850">
    <ele>160.9</ele>
   </trkpt>
   <trkpt lat="46.1823200" lon="13.7202300">
    <ele>161.0</ele>
   </trkpt>
   <trkpt lat="46.1823230" lon="13.7202730">
    <ele>161.0</ele>
   </trkpt>
   <trkpt lat="46.1823230" lon="13.7203170">
    <ele>161.0</ele>
   </trkpt>
   <trkpt lat="46.1823150" lon="13.7203480">
    <ele>161.0</ele>
   </trkpt>
   <trkpt lat="46.1822970" lon="13.7203720">
    <ele>161.0</ele>
   </trkpt>
   <trkpt lat="46.1822770" lon="13.7203950">
    <ele>160.9</ele>
   </trkpt>
   <trkpt lat="46.1822480" lon="13.7204270">
    <ele>160.9</ele>
   </trkpt>
   <trkpt lat="46.1822150" lon="13.7204530">
    <ele>160.7</ele>
   </trkpt>
   <trkpt lat="46.1821800" lon="13.7204670">
    <ele>160.6</ele>
   </trkpt>
   <trkpt lat="46.1821470" lon="13.7204750">
    <ele>160.5</ele>
   </trkpt>
   <trkpt lat="46.1821170" lon="13.7204770">
    <ele>160.5</ele>
   </trkpt>
   <trkpt lat="46.1820880" lon="13.7204720">
    <ele>160.4</ele>
   </trkpt>
   <trkpt lat="46.1820600" lon="13.7204700">
    <ele>160.3</ele>
   </trkpt>
   <trkpt lat="46.1820350" lon="13.7204700">
    <ele>160.3</ele>
   </trkpt>
   <trkpt lat="46.1820050" lon="13.7204750">
    <ele>160.2</ele>
   </trkpt>
   <trkpt lat="46.1819780" lon="13.7204830">
    <ele>160.1</ele>
   </trkpt>
   <trkpt lat="46.1819530" lon="13.7204930">
    <ele>160.0</ele>
   </trkpt>
   <trkpt lat="46.1819330" lon="13.7205030">
    <ele>160.0</ele>
   </trkpt>
   <trkpt lat="46.1819200" lon="13.7205050">
    <ele>159.9</ele>
   </trkpt>
   <trkpt lat="46.1819080" lon="13.7205070">
    <ele>159.9</ele>
   </trkpt>
   <trkpt lat="46.1818970" lon="13.7205170">
    <ele>159.8</ele>
   </trkpt>
   <trkpt lat="46.1818750" lon="13.7205450">
    <ele>159.7</ele>
   </trkpt>
   <trkpt lat="46.1818520" lon="13.7205770">
    <ele>159.5</ele>
   </trkpt>
   <trkpt lat="46.1818320" lon="13.7206170">
    <ele>159.3</ele>
   </trkpt>
   <trkpt lat="46.1818130" lon="13.7206580">
    <ele>159.1</ele>
   </trkpt>
   <trkpt lat="46.1818030" lon="13.7207020">
    <ele>159.0</ele>
   </trkpt>
   <trkpt lat="46.1817980" lon="13.7207420">
    <ele>158.8</ele>
   </trkpt>
   <trkpt lat="46.1818020" lon="13.7207780">
    <ele>158.7</ele>
   </trkpt>
   <trkpt lat="46.1818000" lon="13.7208180">
    <ele>158.6</ele>
   </trkpt>
   <trkpt lat="46.1817950" lon="13.7208670">
    <ele>158.5</ele>
   </trkpt>
   <trkpt lat="46.1817900" lon="13.7209130">
    <ele>158.5</ele>
   </trkpt>
   <trkpt lat="46.1817850" lon="13.7209620">
    <ele>158.4</ele>
   </trkpt>
   <trkpt lat="46.1817800" lon="13.7210080">
    <ele>158.4</ele>
   </trkpt>
   <trkpt lat="46.1817770" lon="13.7210620">
    <ele>158.3</ele>
   </trkpt>
   <trkpt lat="46.1817850" lon="13.7211200">
    <ele>158.3</ele>
   </trkpt>
   <trkpt lat="46.1817880" lon="13.7211730">
    <ele>158.4</ele>
   </trkpt>
   <trkpt lat="46.1817780" lon="13.7212220">
    <ele>158.4</ele>
   </trkpt>
   <trkpt lat="46.1817750" lon="13.7212680">
    <ele>158.4</ele>
   </trkpt>
   <trkpt lat="46.1817680" lon="13.7213120">
    <ele>158.5</ele>
   </trkpt>
   <trkpt lat="46.1817680" lon="13.7213550">
    <ele>158.5</ele>
   </trkpt>
   <trkpt lat="46.1817650" lon="13.7213980">
    <ele>158.6</ele>
   </trkpt>
   <trkpt lat="46.1817600" lon="13.7214370">
    <ele>158.7</ele>
   </trkpt>
   <trkpt lat="46.1817600" lon="13.7214770">
    <ele>158.7</ele>
   </trkpt>
   <trkpt lat="46.1817570" lon="13.7215120">
    <ele>158.8</ele>
   </trkpt>
   <trkpt lat="46.1817500" lon="13.7215430">
    <ele>158.9</ele>
   </trkpt>
   <trkpt lat="46.1817450" lon="13.7215680">
    <ele>159.0</ele>
   </trkpt>
   <trkpt lat="46.1817370" lon="13.7215900">
    <ele>159.1</ele>
   </trkpt>
   <trkpt lat="46.1817230" lon="13.7216120">
    <ele>159.2</ele>
   </trkpt>
   <trkpt lat="46.1817080" lon="13.7216400">
    <ele>159.3</ele>
   </trkpt>
   <trkpt lat="46.1816930" lon="13.7216680">
    <ele>159.4</ele>
   </trkpt>
   <trkpt lat="46.1816880" lon="13.7216930">
    <ele>159.5</ele>
   </trkpt>
   <trkpt lat="46.1816800" lon="13.7217200">
    <ele>159.6</ele>
   </trkpt>
   <trkpt lat="46.1816720" lon="13.7217420">
    <ele>159.6</ele>
   </trkpt>
   <trkpt lat="46.1816620" lon="13.7217650">
    <ele>159.7</ele>
   </trkpt>
   <trkpt lat="46.1816520" lon="13.7217830">
    <ele>159.8</ele>
   </trkpt>
   <trkpt lat="46.1816400" lon="13.7217970">
    <ele>159.8</ele>
   </trkpt>
   <trkpt lat="46.1816280" lon="13.7218030">
    <ele>159.8</ele>
   </trkpt>
   <trkpt lat="46.1816070" lon="13.7218250">
    <ele>159.8</ele>
   </trkpt>
   <trkpt lat="46.1815820" lon="13.7218500">
    <ele>159.8</ele>
   </trkpt>
   <trkpt lat="46.1815550" lon="13.7218750">
    <ele>159.8</ele>
   </trkpt>
   <trkpt lat="46.1815320" lon="13.7218950">
    <ele>159.7</ele>
   </trkpt>
   <trkpt lat="46.1815100" lon="13.7219220">
    <ele>159.6</ele>
   </trkpt>
   <trkpt lat="46.1814930" lon="13.7219500">
    <ele>159.5</ele>
   </trkpt>
   <trkpt lat="46.1814800" lon="13.7219750">
    <ele>159.5</ele>
   </trkpt>
   <trkpt lat="46.1814670" lon="13.7220020">
    <ele>159.5</ele>
   </trkpt>
   <trkpt lat="46.1814600" lon="13.7220280">
    <ele>159.5</ele>
   </trkpt>
   <trkpt lat="46.1814500" lon="13.7220600">
    <ele>159.5</ele>
   </trkpt>
   <trkpt lat="46.1814380" lon="13.7220950">
    <ele>159.5</ele>
   </trkpt>
   <trkpt lat="46.1814230" lon="13.7221320">
    <ele>159.6</ele>
   </trkpt>
   <trkpt lat="46.1814100" lon="13.7221650">
    <ele>159.7</ele>
   </trkpt>
   <trkpt lat="46.1813930" lon="13.7221980">
    <ele>159.8</ele>
   </trkpt>
   <trkpt lat="46.1813780" lon="13.7222220">
    <ele>159.9</ele>
   </trkpt>
   <trkpt lat="46.1813670" lon="13.7222420">
    <ele>160.0</ele>
   </trkpt>
   <trkpt lat="46.1813530" lon="13.7222680">
    <ele>160.1</ele>
   </trkpt>
   <trkpt lat="46.1813420" lon="13.7222900">
    <ele>160.1</ele>
   </trkpt>
   <trkpt lat="46.1813280" lon="13.7223100">
    <ele>160.2</ele>
   </trkpt>
   <trkpt lat="46.1813170" lon="13.7223230">
    <ele>160.2</ele>
   </trkpt>
   <trkpt lat="46.1813070" lon="13.7223370">
    <ele>160.2</ele>
   </trkpt>
   <trkpt lat="46.1813020" lon="13.7223400">
    <ele>160.3</ele>
   </trkpt>
   <trkpt lat="46.1813020" lon="13.7223400">
    <ele>160.3</ele>
   </trkpt>
   <trkpt lat="46.1813000" lon="13.7223400">
    <ele>160.3</ele>
   </trkpt>
   <trkpt lat="46.1812870" lon="13.7223580">
    <ele>160.3</ele>
   </trkpt>
   <trkpt lat="46.1812680" lon="13.7223720">
    <ele>160.3</ele>
   </trkpt>
   <trkpt lat="46.1812480" lon="13.7223870">
    <ele>160.3</ele>
   </trkpt>
   <trkpt lat="46.1812300" lon="13.7223980">
    <ele>160.3</ele>
   </trkpt>
   <trkpt lat="46.1812080" lon="13.7224150">
    <ele>160.3</ele>
   </trkpt>
   <trkpt lat="46.1811870" lon="13.7224330">
    <ele>160.3</ele>
   </trkpt>
   <trkpt lat="46.1811620" lon="13.7224500">
    <ele>160.3</ele>
   </trkpt>
   <trkpt lat="46.1811420" lon="13.7224720">
    <ele>160.3</ele>
   </trkpt>
   <trkpt lat="46.1811230" lon="13.7224900">
    <ele>160.2</ele>
   </trkpt>
   <trkpt lat="46.1811020" lon="13.7225070">
    <ele>160.2</ele>
   </trkpt>
   <trkpt lat="46.1810800" lon="13.7225150">
    <ele>160.2</ele>
   </trkpt>
   <trkpt lat="46.1810570" lon="13.7225250">
    <ele>160.1</ele>
   </trkpt>
   <trkpt lat="46.1810350" lon="13.7225370">
    <ele>160.1</ele>
   </trkpt>
   <trkpt lat="46.1810070" lon="13.7225520">
    <ele>160.0</ele>
   </trkpt>
   <trkpt lat="46.1809770" lon="13.7225700">
    <ele>160.0</ele>
   </trkpt>
   <trkpt lat="46.1809470" lon="13.7225870">
    <ele>159.9</ele>
   </trkpt>
   <trkpt lat="46.1809150" lon="13.7226070">
    <ele>159.8</ele>
   </trkpt>
   <trkpt lat="46.1808850" lon="13.7226280">
    <ele>159.7</ele>
   </trkpt>
   <trkpt lat="46.1808570" lon="13.7226480">
    <ele>159.6</ele>
   </trkpt>
   <trkpt lat="46.1808280" lon="13.7226770">
    <ele>159.5</ele>
   </trkpt>
   <trkpt lat="46.1808030" lon="13.7227130">
    <ele>159.4</ele>
   </trkpt>
   <trkpt lat="46.1807780" lon="13.7227520">
    <ele>159.3</ele>
   </trkpt>
   <trkpt lat="46.1807520" lon="13.7227870">
    <ele>159.2</ele>
   </trkpt>
   <trkpt lat="46.1807230" lon="13.7228220">
    <ele>159.1</ele>
   </trkpt>
   <trkpt lat="46.1806950" lon="13.7228550">
    <ele>159.1</ele>
   </trkpt>
   <trkpt lat="46.1806720" lon="13.7228920">
    <ele>159.1</ele>
   </trkpt>
   <trkpt lat="46.1806620" lon="13.7229280">
    <ele>159.2</ele>
   </trkpt>
   <trkpt lat="46.1806480" lon="13.7229650">
    <ele>159.3</ele>
   </trkpt>
   <trkpt lat="46.1806350" lon="13.7229970">
    <ele>159.3</ele>
   </trkpt>
   <trkpt lat="46.1806150" lon="13.7230320">
    <ele>159.5</ele>
   </trkpt>
   <trkpt lat="46.1805900" lon="13.7230700">
    <ele>159.6</ele>
   </trkpt>
   <trkpt lat="46.1805620" lon="13.7231000">
    <ele>159.6</ele>
   </trkpt>
   <trkpt lat="46.1805320" lon="13.7231300">
    <ele>159.7</ele>
   </trkpt>
   <trkpt lat="46.1805030" lon="13.7231730">
    <ele>159.7</ele>
   </trkpt>
   <trkpt lat="46.1804800" lon="13.7232230">
    <ele>159.6</ele>
   </trkpt>
   <trkpt lat="46.1804550" lon="13.7232820">
    <ele>159.5</ele>
   </trkpt>
   <trkpt lat="46.1804350" lon="13.7233170">
    <ele>159.4</ele>
   </trkpt>
   <trkpt lat="46.1804180" lon="13.7233430">
    <ele>159.4</ele>
   </trkpt>
   <trkpt lat="46.1804050" lon="13.7233730">
    <ele>159.3</ele>
   </trkpt>
   <trkpt lat="46.1803970" lon="13.7234050">
    <ele>159.2</ele>
   </trkpt>
   <trkpt lat="46.1804000" lon="13.7234330">
    <ele>159.1</ele>
   </trkpt>
   <trkpt lat="46.1804020" lon="13.7234700">
    <ele>159.1</ele>
   </trkpt>
   <trkpt lat="46.1803980" lon="13.7235080">
    <ele>159.0</ele>
   </trkpt>
   <trkpt lat="46.1803930" lon="13.7235530">
    <ele>158.9</ele>
   </trkpt>
   <trkpt lat="46.1803900" lon="13.7236020">
    <ele>158.8</ele>
   </trkpt>
   <trkpt lat="46.1803780" lon="13.7236470">
    <ele>158.7</ele>
   </trkpt>
   <trkpt lat="46.1803620" lon="13.7236920">
    <ele>158.6</ele>
   </trkpt>
   <trkpt lat="46.1803370" lon="13.7237330">
    <ele>158.5</ele>
   </trkpt>
   <trkpt lat="46.1803130" lon="13.7237600">
    <ele>158.5</ele>
   </trkpt>
   <trkpt lat="46.1802930" lon="13.7237680">
    <ele>158.4</ele>
   </trkpt>
   <trkpt lat="46.1802820" lon="13.7237750">
    <ele>158.4</ele>
   </trkpt>
   <trkpt lat="46.1802670" lon="13.7237820">
    <ele>158.4</ele>
   </trkpt>
   <trkpt lat="46.1802530" lon="13.7237880">
    <ele>158.5</ele>
   </trkpt>
   <trkpt lat="46.1802370" lon="13.7237930">
    <ele>158.5</ele>
   </trkpt>
   <trkpt lat="46.1802200" lon="13.7237930">
    <ele>158.6</ele>
   </trkpt>
   <trkpt lat="46.1802020" lon="13.7237920">
    <ele>158.7</ele>
   </trkpt>
   <trkpt lat="46.1801850" lon="13.7237870">
    <ele>158.8</ele>
   </trkpt>
   <trkpt lat="46.1801750" lon="13.7237870">
    <ele>158.9</ele>
   </trkpt>
   <trkpt lat="46.1801620" lon="13.7237870">
    <ele>159.0</ele>
   </trkpt>
   <trkpt lat="46.1801570" lon="13.7237950">
    <ele>159.1</ele>
   </trkpt>
   <trkpt lat="46.1801530" lon="13.7238080">
    <ele>159.2</ele>
   </trkpt>
   <trkpt lat="46.1801570" lon="13.7238270">
    <ele>159.4</ele>
   </trkpt>
   <trkpt lat="46.1801570" lon="13.7238350">
    <ele>159.4</ele>
   </trkpt>
   <trkpt lat="46.1801550" lon="13.7238430">
    <ele>159.5</ele>
   </trkpt>
   <trkpt lat="46.1801470" lon="13.7238530">
    <ele>159.7</ele>
   </trkpt>
   <trkpt lat="46.1801350" lon="13.7238620">
    <ele>159.9</ele>
   </trkpt>
   <trkpt lat="46.1801220" lon="13.7238680">
    <ele>160.2</ele>
   </trkpt>
   <trkpt lat="46.1801080" lon="13.7238730">
    <ele>160.5</ele>
   </trkpt>
   <trkpt lat="46.1800950" lon="13.7238750">
    <ele>160.8</ele>
   </trkpt>
   <trkpt lat="46.1800780" lon="13.7238780">
    <ele>161.2</ele>
   </trkpt>
   <trkpt lat="46.1800600" lon="13.7238850">
    <ele>161.6</ele>
   </trkpt>
   <trkpt lat="46.1800470" lon="13.7238870">
    <ele>162.0</ele>
   </trkpt>
   <trkpt lat="46.1800280" lon="13.7238850">
    <ele>162.5</ele>
   </trkpt>
   <trkpt lat="46.1800130" lon="13.7238850">
    <ele>162.9</ele>
   </trkpt>
   <trkpt lat="46.1800080" lon="13.7238820">
    <ele>163.1</ele>
   </trkpt>
   <trkpt lat="46.1799970" lon="13.7238870">
    <ele>163.4</ele>
   </trkpt>
   <trkpt lat="46.1799800" lon="13.7239000">
    <ele>163.9</ele>
   </trkpt>
   <trkpt lat="46.1799630" lon="13.7239120">
    <ele>164.4</ele>
   </trkpt>
   <trkpt lat="46.1799450" lon="13.7239230">
    <ele>164.8</ele>
   </trkpt>
   <trkpt lat="46.1799280" lon="13.7239250">
    <ele>165.1</ele>
   </trkpt>
   <trkpt lat="46.1799100" lon="13.7239180">
    <ele>165.4</ele>
   </trkpt>
   <trkpt lat="46.1798920" lon="13.7239050">
    <ele>165.8</ele>
   </trkpt>
   <trkpt lat="46.1798720" lon="13.7238920">
    <ele>166.0</ele>
   </trkpt>
   <trkpt lat="46.1798500" lon="13.7238780">
    <ele>166.3</ele>
   </trkpt>
   <trkpt lat="46.1798180" lon="13.7238770">
    <ele>166.5</ele>
   </trkpt>
   <trkpt lat="46.1797920" lon="13.7238850">
    <ele>166.7</ele>
   </trkpt>
   <trkpt lat="46.1797600" lon="13.7239000">
    <ele>166.8</ele>
   </trkpt>
   <trkpt lat="46.1797280" lon="13.7239220">
    <ele>166.9</ele>
   </trkpt>
   <trkpt lat="46.1797030" lon="13.7239420">
    <ele>166.9</ele>
   </trkpt>
   <trkpt lat="46.1796780" lon="13.7239650">
    <ele>166.9</ele>
   </trkpt>
   <trkpt lat="46.1796600" lon="13.7239830">
    <ele>166.9</ele>
   </trkpt>
   <trkpt lat="46.1796380" lon="13.7240030">
    <ele>167.0</ele>
   </trkpt>
   <trkpt lat="46.1796170" lon="13.7240180">
    <ele>167.0</ele>
   </trkpt>
   <trkpt lat="46.1795970" lon="13.7240320">
    <ele>167.0</ele>
   </trkpt>
   <trkpt lat="46.1795770" lon="13.7240500">
    <ele>166.9</ele>
   </trkpt>
   <trkpt lat="46.1795480" lon="13.7240820">
    <ele>166.9</ele>
   </trkpt>
   <trkpt lat="46.1795220" lon="13.7241150">
    <ele>166.9</ele>
   </trkpt>
   <trkpt lat="46.1794950" lon="13.7241500">
    <ele>166.9</ele>
   </trkpt>
   <trkpt lat="46.1794720" lon="13.7241820">
    <ele>166.8</ele>
   </trkpt>
   <trkpt lat="46.1794400" lon="13.7242250">
    <ele>166.8</ele>
   </trkpt>
   <trkpt lat="46.1794170" lon="13.7242650">
    <ele>166.7</ele>
   </trkpt>
   <trkpt lat="46.1793920" lon="13.7243020">
    <ele>166.7</ele>
   </trkpt>
   <trkpt lat="46.1793670" lon="13.7243320">
    <ele>166.6</ele>
   </trkpt>
   <trkpt lat="46.1793430" lon="13.7243620">
    <ele>166.6</ele>
   </trkpt>
   <trkpt lat="46.1793230" lon="13.7243900">
    <ele>166.5</ele>
   </trkpt>
   <trkpt lat="46.1793000" lon="13.7244220">
    <ele>166.5</ele>
   </trkpt>
   <trkpt lat="46.1792770" lon="13.7244550">
    <ele>166.4</ele>
   </trkpt>
   <trkpt lat="46.1792430" lon="13.7244970">
    <ele>166.3</ele>
   </trkpt>
   <trkpt lat="46.1792200" lon="13.7245300">
    <ele>166.3</ele>
   </trkpt>
   <trkpt lat="46.1791970" lon="13.7245600">
    <ele>166.3</ele>
   </trkpt>
   <trkpt lat="46.1791730" lon="13.7245930">
    <ele>166.2</ele>
   </trkpt>
   <trkpt lat="46.1791520" lon="13.7246220">
    <ele>166.2</ele>
   </trkpt>
   <trkpt lat="46.1791330" lon="13.7246430">
    <ele>166.2</ele>
   </trkpt>
   <trkpt lat="46.1791120" lon="13.7246680">
    <ele>166.2</ele>
   </trkpt>
   <trkpt lat="46.1790820" lon="13.7247020">
    <ele>166.2</ele>
   </trkpt>
   <trkpt lat="46.1790630" lon="13.7247250">
    <ele>166.2</ele>
   </trkpt>
   <trkpt lat="46.1790380" lon="13.7247570">
    <ele>166.1</ele>
   </trkpt>
   <trkpt lat="46.1790120" lon="13.7247920">
    <ele>166.1</ele>
   </trkpt>
   <trkpt lat="46.1789880" lon="13.7248220">
    <ele>166.1</ele>
   </trkpt>
   <trkpt lat="46.1789680" lon="13.7248430">
    <ele>166.1</ele>
   </trkpt>
   <trkpt lat="46.1789430" lon="13.7248650">
    <ele>166.1</ele>
   </trkpt>
   <trkpt lat="46.1789180" lon="13.7248880">
    <ele>166.1</ele>
   </trkpt>
   <trkpt lat="46.1788980" lon="13.7249130">
    <ele>166.1</ele>
   </trkpt>
   <trkpt lat="46.1788730" lon="13.7249420">
    <ele>166.1</ele>
   </trkpt>
   <trkpt lat="46.1788480" lon="13.7249770">
    <ele>166.1</ele>
   </trkpt>
   <trkpt lat="46.1788220" lon="13.7250120">
    <ele>166.1</ele>
   </trkpt>
   <trkpt lat="46.1787930" lon="13.7250500">
    <ele>166.1</ele>
   </trkpt>
   <trkpt lat="46.1787630" lon="13.7250950">
    <ele>166.1</ele>
   </trkpt>
   <trkpt lat="46.1787480" lon="13.7251220">
    <ele>166.1</ele>
   </trkpt>
   <trkpt lat="46.1787330" lon="13.7251520">
    <ele>166.1</ele>
   </trkpt>
   <trkpt lat="46.1787170" lon="13.7251800">
    <ele>166.1</ele>
   </trkpt>
   <trkpt lat="46.1787020" lon="13.7252100">
    <ele>166.1</ele>
   </trkpt>
   <trkpt lat="46.1786850" lon="13.7252520">
    <ele>166.1</ele>
   </trkpt>
   <trkpt lat="46.1786600" lon="13.7253030">
    <ele>166.1</ele>
   </trkpt>
   <trkpt lat="46.1786350" lon="13.7253600">
    <ele>166.2</ele>
   </trkpt>
   <trkpt lat="46.1786080" lon="13.7254100">
    <ele>166.2</ele>
   </trkpt>
   <trkpt lat="46.1785880" lon="13.7254500">
    <ele>166.2</ele>
   </trkpt>
   <trkpt lat="46.1785700" lon="13.7254850">
    <ele>166.2</ele>
   </trkpt>
   <trkpt lat="46.1785580" lon="13.7255170">
    <ele>166.2</ele>
   </trkpt>
   <trkpt lat="46.1785430" lon="13.7255530">
    <ele>166.2</ele>
   </trkpt>
   <trkpt lat="46.1785300" lon="13.7255880">
    <ele>166.2</ele>
   </trkpt>
   <trkpt lat="46.1785150" lon="13.7256200">
    <ele>166.2</ele>
   </trkpt>
   <trkpt lat="46.1785070" lon="13.7256570">
    <ele>166.2</ele>
   </trkpt>
   <trkpt lat="46.1784950" lon="13.7256970">
    <ele>166.2</ele>
   </trkpt>
   <trkpt lat="46.1784850" lon="13.7257380">
    <ele>166.2</ele>
   </trkpt>
   <trkpt lat="46.1784770" lon="13.7257770">
    <ele>166.2</ele>
   </trkpt>
   <trkpt lat="46.1784680" lon="13.7258120">
    <ele>166.2</ele>
   </trkpt>
   <trkpt lat="46.1784620" lon="13.7258470">
    <ele>166.2</ele>
   </trkpt>
   <trkpt lat="46.1784530" lon="13.7258870">
    <ele>166.2</ele>
   </trkpt>
   <trkpt lat="46.1784470" lon="13.7259220">
    <ele>166.2</ele>
   </trkpt>
   <trkpt lat="46.1784370" lon="13.7259600">
    <ele>166.1</ele>
   </trkpt>
   <trkpt lat="46.1784280" lon="13.7260020">
    <ele>166.1</ele>
   </trkpt>
   <trkpt lat="46.1784170" lon="13.7260400">
    <ele>166.1</ele>
   </trkpt>
   <trkpt lat="46.1784030" lon="13.7260820">
    <ele>166.0</ele>
   </trkpt>
   <trkpt lat="46.1783880" lon="13.7261270">
    <ele>166.0</ele>
   </trkpt>
   <trkpt lat="46.1783770" lon="13.7261720">
    <ele>165.9</ele>
   </trkpt>
   <trkpt lat="46.1783670" lon="13.7262200">
    <ele>165.8</ele>
   </trkpt>
   <trkpt lat="46.1783530" lon="13.7262670">
    <ele>165.7</ele>
   </trkpt>
   <trkpt lat="46.1783380" lon="13.7263100">
    <ele>165.6</ele>
   </trkpt>
   <trkpt lat="46.1783280" lon="13.7263520">
    <ele>165.4</ele>
   </trkpt>
   <trkpt lat="46.1783170" lon="13.7263950">
    <ele>165.2</ele>
   </trkpt>
   <trkpt lat="46.1783070" lon="13.7264380">
    <ele>165.0</ele>
   </trkpt>
   <trkpt lat="46.1782920" lon="13.7264820">
    <ele>164.8</ele>
   </trkpt>
   <trkpt lat="46.1782800" lon="13.7265250">
    <ele>164.6</ele>
   </trkpt>
   <trkpt lat="46.1782670" lon="13.7265680">
    <ele>164.3</ele>
   </trkpt>
   <trkpt lat="46.1782550" lon="13.7266120">
    <ele>164.1</ele>
   </trkpt>
   <trkpt lat="46.1782420" lon="13.7266550">
    <ele>163.8</ele>
   </trkpt>
   <trkpt lat="46.1782280" lon="13.7266980">
    <ele>163.5</ele>
   </trkpt>
   <trkpt lat="46.1782120" lon="13.7267420">
    <ele>163.2</ele>
   </trkpt>
   <trkpt lat="46.1781950" lon="13.7267820">
    <ele>162.9</ele>
   </trkpt>
   <trkpt lat="46.1781780" lon="13.7268250">
    <ele>162.6</ele>
   </trkpt>
   <trkpt lat="46.1781670" lon="13.7268720">
    <ele>162.3</ele>
   </trkpt>
   <trkpt lat="46.1781500" lon="13.7269200">
    <ele>162.0</ele>
   </trkpt>
   <trkpt lat="46.1781370" lon="13.7269700">
    <ele>161.6</ele>
   </trkpt>
   <trkpt lat="46.1781270" lon="13.7270220">
    <ele>161.3</ele>
   </trkpt>
   <trkpt lat="46.1781170" lon="13.7270680">
    <ele>161.0</ele>
   </trkpt>
   <trkpt lat="46.1781070" lon="13.7271120">
    <ele>160.7</ele>
   </trkpt>
   <trkpt lat="46.1780880" lon="13.7271580">
    <ele>160.4</ele>
   </trkpt>
   <trkpt lat="46.1780700" lon="13.7272070">
    <ele>160.1</ele>
   </trkpt>
   <trkpt lat="46.1780550" lon="13.7272550">
    <ele>159.9</ele>
   </trkpt>
   <trkpt lat="46.1780370" lon="13.7273070">
    <ele>159.7</ele>
   </trkpt>
   <trkpt lat="46.1780180" lon="13.7273580">
    <ele>159.5</ele>
   </trkpt>
   <trkpt lat="46.1780020" lon="13.7274070">
    <ele>159.3</ele>
   </trkpt>
   <trkpt lat="46.1779900" lon="13.7274550">
    <ele>159.2</ele>
   </trkpt>
   <trkpt lat="46.1779770" lon="13.7274970">
    <ele>159.1</ele>
   </trkpt>
   <trkpt lat="46.1779630" lon="13.7275370">
    <ele>159.0</ele>
   </trkpt>
   <trkpt lat="46.1779520" lon="13.7275770">
    <ele>158.9</ele>
   </trkpt>
   <trkpt lat="46.1779400" lon="13.7276180">
    <ele>158.9</ele>
   </trkpt>
   <trkpt lat="46.1779420" lon="13.7276580">
    <ele>158.9</ele>
   </trkpt>
   <trkpt lat="46.1779380" lon="13.7277070">
    <ele>158.9</ele>
   </trkpt>
   <trkpt lat="46.1779300" lon="13.7277670">
    <ele>158.9</ele>
   </trkpt>
   <trkpt lat="46.1779200" lon="13.7278250">
    <ele>158.9</ele>
   </trkpt>
   <trkpt lat="46.1779130" lon="13.7278770">
    <ele>158.9</ele>
   </trkpt>
   <trkpt lat="46.1779050" lon="13.7279270">
    <ele>159.0</ele>
   </trkpt>
   <trkpt lat="46.1778950" lon="13.7279750">
    <ele>159.0</ele>
   </trkpt>
   <trkpt lat="46.1778900" lon="13.7280220">
    <ele>159.1</ele>
   </trkpt>
   <trkpt lat="46.1778770" lon="13.7280670">
    <ele>159.1</ele>
   </trkpt>
   <trkpt lat="46.1778600" lon="13.7281120">
    <ele>159.2</ele>
   </trkpt>
   <trkpt lat="46.1778450" lon="13.7281550">
    <ele>159.3</ele>
   </trkpt>
   <trkpt lat="46.1778320" lon="13.7281980">
    <ele>159.3</ele>
   </trkpt>
   <trkpt lat="46.1778180" lon="13.7282430">
    <ele>159.4</ele>
   </trkpt>
   <trkpt lat="46.1778080" lon="13.7282880">
    <ele>159.4</ele>
   </trkpt>
   <trkpt lat="46.1777970" lon="13.7283330">
    <ele>159.5</ele>
   </trkpt>
   <trkpt lat="46.1777830" lon="13.7283770">
    <ele>159.5</ele>
   </trkpt>
   <trkpt lat="46.1777720" lon="13.7284200">
    <ele>159.6</ele>
   </trkpt>
   <trkpt lat="46.1777580" lon="13.7284620">
    <ele>159.6</ele>
   </trkpt>
   <trkpt lat="46.1777430" lon="13.7285050">
    <ele>159.7</ele>
   </trkpt>
   <trkpt lat="46.1777300" lon="13.7285500">
    <ele>159.7</ele>
   </trkpt>
   <trkpt lat="46.1777180" lon="13.7285920">
    <ele>159.7</ele>
   </trkpt>
   <trkpt lat="46.1777070" lon="13.7286330">
    <ele>159.7</ele>
   </trkpt>
   <trkpt lat="46.1776920" lon="13.7286780">
    <ele>159.7</ele>
   </trkpt>
   <trkpt lat="46.1776780" lon="13.7287200">
    <ele>159.7</ele>
   </trkpt>
   <trkpt lat="46.1776670" lon="13.7287620">
    <ele>159.7</ele>
   </trkpt>
   <trkpt lat="46.1776550" lon="13.7288000">
    <ele>159.7</ele>
   </trkpt>
   <trkpt lat="46.1776470" lon="13.7288420">
    <ele>159.7</ele>
   </trkpt>
   <trkpt lat="46.1776400" lon="13.7288800">
    <ele>159.7</ele>
   </trkpt>
   <trkpt lat="46.1776330" lon="13.7289180">
    <ele>159.7</ele>
   </trkpt>
   <trkpt lat="46.1776220" lon="13.7289600">
    <ele>159.7</ele>
   </trkpt>
   <trkpt lat="46.1776130" lon="13.7290000">
    <ele>159.7</ele>
   </trkpt>
   <trkpt lat="46.1776050" lon="13.7290400">
    <ele>159.6</ele>
   </trkpt>
   <trkpt lat="46.1775950" lon="13.7290820">
    <ele>159.6</ele>
   </trkpt>
   <trkpt lat="46.1775880" lon="13.7291250">
    <ele>159.6</ele>
   </trkpt>
   <trkpt lat="46.1775820" lon="13.7291630">
    <ele>159.6</ele>
   </trkpt>
   <trkpt lat="46.1775780" lon="13.7292050">
    <ele>159.6</ele>
   </trkpt>
   <trkpt lat="46.1775700" lon="13.7292530">
    <ele>159.6</ele>
   </trkpt>
   <trkpt lat="46.1775600" lon="13.7292950">
    <ele>159.6</ele>
   </trkpt>
   <trkpt lat="46.1775580" lon="13.7293280">
    <ele>159.6</ele>
   </trkpt>
   <trkpt lat="46.1775530" lon="13.7293650">
    <ele>159.6</ele>
   </trkpt>
   <trkpt lat="46.1775430" lon="13.7294080">
    <ele>159.6</ele>
   </trkpt>
   <trkpt lat="46.1775320" lon="13.7294500">
    <ele>159.6</ele>
   </trkpt>
   <trkpt lat="46.1775250" lon="13.7294920">
    <ele>159.6</ele>
   </trkpt>
   <trkpt lat="46.1775120" lon="13.7295300">
    <ele>159.6</ele>
   </trkpt>
   <trkpt lat="46.1774920" lon="13.7295730">
    <ele>159.6</ele>
   </trkpt>
   <trkpt lat="46.1774720" lon="13.7296150">
    <ele>159.6</ele>
   </trkpt>
   <trkpt lat="46.1774550" lon="13.7296530">
    <ele>159.6</ele>
   </trkpt>
   <trkpt lat="46.1774420" lon="13.7296870">
    <ele>159.6</ele>
   </trkpt>
   <trkpt lat="46.1774320" lon="13.7297200">
    <ele>159.6</ele>
   </trkpt>
   <trkpt lat="46.1774180" lon="13.7297520">
    <ele>159.6</ele>
   </trkpt>
   <trkpt lat="46.1773970" lon="13.7297880">
    <ele>159.6</ele>
   </trkpt>
   <trkpt lat="46.1773770" lon="13.7298280">
    <ele>159.6</ele>
   </trkpt>
   <trkpt lat="46.1773600" lon="13.7298620">
    <ele>159.5</ele>
   </trkpt>
   <trkpt lat="46.1773400" lon="13.7298950">
    <ele>159.5</ele>
   </trkpt>
   <trkpt lat="46.1773220" lon="13.7299300">
    <ele>159.5</ele>
   </trkpt>
   <trkpt lat="46.1773000" lon="13.7299600">
    <ele>159.4</ele>
   </trkpt>
   <trkpt lat="46.1772820" lon="13.7299850">
    <ele>159.4</ele>
   </trkpt>
   <trkpt lat="46.1772650" lon="13.7300080">
    <ele>159.3</ele>
   </trkpt>
   <trkpt lat="46.1772500" lon="13.7300250">
    <ele>159.3</ele>
   </trkpt>
   <trkpt lat="46.1772370" lon="13.7300450">
    <ele>159.3</ele>
   </trkpt>
   <trkpt lat="46.1772200" lon="13.7300670">
    <ele>159.2</ele>
   </trkpt>
   <trkpt lat="46.1772030" lon="13.7300970">
    <ele>159.2</ele>
   </trkpt>
   <trkpt lat="46.1771850" lon="13.7301280">
    <ele>159.1</ele>
   </trkpt>
   <trkpt lat="46.1771650" lon="13.7301650">
    <ele>159.1</ele>
   </trkpt>
   <trkpt lat="46.1771480" lon="13.7301950">
    <ele>159.0</ele>
   </trkpt>
   <trkpt lat="46.1771330" lon="13.7302250">
    <ele>158.9</ele>
   </trkpt>
   <trkpt lat="46.1771180" lon="13.7302500">
    <ele>158.9</ele>
   </trkpt>
   <trkpt lat="46.1771000" lon="13.7302770">
    <ele>158.8</ele>
   </trkpt>
   <trkpt lat="46.1770820" lon="13.7303050">
    <ele>158.8</ele>
   </trkpt>
   <trkpt lat="46.1770630" lon="13.7303330">
    <ele>158.8</ele>
   </trkpt>
   <trkpt lat="46.1770450" lon="13.7303630">
    <ele>158.7</ele>
   </trkpt>
   <trkpt lat="46.1770330" lon="13.7304050">
    <ele>158.7</ele>
   </trkpt>
   <trkpt lat="46.1770220" lon="13.7304450">
    <ele>158.7</ele>
   </trkpt>
   <trkpt lat="46.1770080" lon="13.7304830">
    <ele>158.7</ele>
   </trkpt>
   <trkpt lat="46.1769900" lon="13.7305170">
    <ele>158.7</ele>
   </trkpt>
   <trkpt lat="46.1769680" lon="13.7305420">
    <ele>158.8</ele>
   </trkpt>
   <trkpt lat="46.1769470" lon="13.7305580">
    <ele>158.9</ele>
   </trkpt>
   <trkpt lat="46.1769230" lon="13.7305830">
    <ele>159.0</ele>
   </trkpt>
   <trkpt lat="46.1769050" lon="13.7306120">
    <ele>159.1</ele>
   </trkpt>
   <trkpt lat="46.1768920" lon="13.7306450">
    <ele>159.2</ele>
   </trkpt>
   <trkpt lat="46.1768780" lon="13.7306830">
    <ele>159.4</ele>
   </trkpt>
   <trkpt lat="46.1768630" lon="13.7307100">
    <ele>159.6</ele>
   </trkpt>
   <trkpt lat="46.1768550" lon="13.7307270">
    <ele>159.7</ele>
   </trkpt>
   <trkpt lat="46.1768470" lon="13.7307330">
    <ele>159.7</ele>
   </trkpt>
   <trkpt lat="46.1768300" lon="13.7307520">
    <ele>159.9</ele>
   </trkpt>
   <trkpt lat="46.1768130" lon="13.7307800">
    <ele>160.1</ele>
   </trkpt>
   <trkpt lat="46.1767900" lon="13.7308020">
    <ele>160.3</ele>
   </trkpt>
   <trkpt lat="46.1767720" lon="13.7308220">
    <ele>160.5</ele>
   </trkpt>
   <trkpt lat="46.1767550" lon="13.7308450">
    <ele>160.7</ele>
   </trkpt>
   <trkpt lat="46.1767400" lon="13.7308680">
    <ele>160.9</ele>
   </trkpt>
   <trkpt lat="46.1767200" lon="13.7308900">
    <ele>161.1</ele>
   </trkpt>
   <trkpt lat="46.1767020" lon="13.7309120">
    <ele>161.3</ele>
   </trkpt>
   <trkpt lat="46.1766880" lon="13.7309370">
    <ele>161.5</ele>
   </trkpt>
   <trkpt lat="46.1766770" lon="13.7309600">
    <ele>161.6</ele>
   </trkpt>
   <trkpt lat="46.1766650" lon="13.7309850">
    <ele>161.8</ele>
   </trkpt>
   <trkpt lat="46.1766520" lon="13.7310100">
    <ele>162.0</ele>
   </trkpt>
   <trkpt lat="46.1766350" lon="13.7310370">
    <ele>162.2</ele>
   </trkpt>
   <trkpt lat="46.1766180" lon="13.7310680">
    <ele>162.4</ele>
   </trkpt>
   <trkpt lat="46.1766020" lon="13.7310980">
    <ele>162.6</ele>
   </trkpt>
   <trkpt lat="46.1765880" lon="13.7311230">
    <ele>162.8</ele>
   </trkpt>
   <trkpt lat="46.1765770" lon="13.7311500">
    <ele>163.0</ele>
   </trkpt>
   <trkpt lat="46.1765680" lon="13.7311720">
    <ele>163.1</ele>
   </trkpt>
   <trkpt lat="46.1765580" lon="13.7311920">
    <ele>163.3</ele>
   </trkpt>
   <trkpt lat="46.1765500" lon="13.7312250">
    <ele>163.5</ele>
   </trkpt>
   <trkpt lat="46.1765420" lon="13.7312450">
    <ele>163.6</ele>
   </trkpt>
   <trkpt lat="46.1765300" lon="13.7312670">
    <ele>163.8</ele>
   </trkpt>
   <trkpt lat="46.1765130" lon="13.7312900">
    <ele>163.9</ele>
   </trkpt>
   <trkpt lat="46.1764930" lon="13.7313170">
    <ele>164.2</ele>
   </trkpt>
   <trkpt lat="46.1764720" lon="13.7313470">
    <ele>164.4</ele>
   </trkpt>
   <trkpt lat="46.1764520" lon="13.7313800">
    <ele>164.7</ele>
   </trkpt>
   <trkpt lat="46.1764320" lon="13.7314170">
    <ele>164.9</ele>
   </trkpt>
   <trkpt lat="46.1764120" lon="13.7314470">
    <ele>165.2</ele>
   </trkpt>
   <trkpt lat="46.1763880" lon="13.7314770">
    <ele>165.4</ele>
   </trkpt>
   <trkpt lat="46.1763720" lon="13.7314970">
    <ele>165.6</ele>
   </trkpt>
   <trkpt lat="46.1763530" lon="13.7315180">
    <ele>165.8</ele>
   </trkpt>
   <trkpt lat="46.1763350" lon="13.7315400">
    <ele>166.0</ele>
   </trkpt>
   <trkpt lat="46.1763220" lon="13.7315670">
    <ele>166.2</ele>
   </trkpt>
   <trkpt lat="46.1763130" lon="13.7315850">
    <ele>166.3</ele>
   </trkpt>
   <trkpt lat="46.1763020" lon="13.7315970">
    <ele>166.4</ele>
   </trkpt>
   <trkpt lat="46.1762880" lon="13.7316150">
    <ele>166.5</ele>
   </trkpt>
   <trkpt lat="46.1762730" lon="13.7316320">
    <ele>166.7</ele>
   </trkpt>
   <trkpt lat="46.1762580" lon="13.7316450">
    <ele>166.8</ele>
   </trkpt>
   <trkpt lat="46.1762420" lon="13.7316630">
    <ele>167.0</ele>
   </trkpt>
   <trkpt lat="46.1762300" lon="13.7316880">
    <ele>167.2</ele>
   </trkpt>
   <trkpt lat="46.1762170" lon="13.7317070">
    <ele>167.3</ele>
   </trkpt>
   <trkpt lat="46.1761950" lon="13.7317330">
    <ele>167.5</ele>
   </trkpt>
   <trkpt lat="46.1761750" lon="13.7317630">
    <ele>167.7</ele>
   </trkpt>
   <trkpt lat="46.1761580" lon="13.7317930">
    <ele>167.9</ele>
   </trkpt>
   <trkpt lat="46.1761420" lon="13.7318250">
    <ele>168.1</ele>
   </trkpt>
   <trkpt lat="46.1761270" lon="13.7318580">
    <ele>168.3</ele>
   </trkpt>
   <trkpt lat="46.1761080" lon="13.7318900">
    <ele>168.5</ele>
   </trkpt>
   <trkpt lat="46.1760930" lon="13.7319220">
    <ele>168.6</ele>
   </trkpt>
   <trkpt lat="46.1760780" lon="13.7319580">
    <ele>168.8</ele>
   </trkpt>
   <trkpt lat="46.1760630" lon="13.7320030">
    <ele>168.9</ele>
   </trkpt>
   <trkpt lat="46.1760500" lon="13.7320480">
    <ele>169.1</ele>
   </trkpt>
   <trkpt lat="46.1760430" lon="13.7320770">
    <ele>169.1</ele>
   </trkpt>
   <trkpt lat="46.1760480" lon="13.7320950">
    <ele>169.2</ele>
   </trkpt>
   <trkpt lat="46.1760580" lon="13.7321000">
    <ele>169.2</ele>
   </trkpt>
   <trkpt lat="46.1760770" lon="13.7320970">
    <ele>169.2</ele>
   </trkpt>
   <trkpt lat="46.1760980" lon="13.7320900">
    <ele>169.2</ele>
   </trkpt>
   <trkpt lat="46.1761200" lon="13.7320820">
    <ele>169.2</ele>
   </trkpt>
   <trkpt lat="46.1761470" lon="13.7320630">
    <ele>169.2</ele>
   </trkpt>
   <trkpt lat="46.1761720" lon="13.7320480">
    <ele>169.2</ele>
   </trkpt>
   <trkpt lat="46.1761970" lon="13.7320320">
    <ele>169.2</ele>
   </trkpt>
   <trkpt lat="46.1762200" lon="13.7320100">
    <ele>169.2</ele>
   </trkpt>
   <trkpt lat="46.1762470" lon="13.7319870">
    <ele>169.2</ele>
   </trkpt>
   <trkpt lat="46.1762750" lon="13.7319620">
    <ele>169.3</ele>
   </trkpt>
   <trkpt lat="46.1763000" lon="13.7319420">
    <ele>169.3</ele>
   </trkpt>
   <trkpt lat="46.1763220" lon="13.7319230">
    <ele>169.3</ele>
   </trkpt>
   <trkpt lat="46.1763380" lon="13.7319020">
    <ele>169.3</ele>
   </trkpt>
   <trkpt lat="46.1763550" lon="13.7318730">
    <ele>169.3</ele>
   </trkpt>
   <trkpt lat="46.1763780" lon="13.7318380">
    <ele>169.3</ele>
   </trkpt>
   <trkpt lat="46.1764000" lon="13.7318070">
    <ele>169.3</ele>
   </trkpt>
   <trkpt lat="46.1764320" lon="13.7317820">
    <ele>169.3</ele>
   </trkpt>
   <trkpt lat="46.1764600" lon="13.7317470">
    <ele>169.3</ele>
   </trkpt>
   <trkpt lat="46.1764870" lon="13.7317120">
    <ele>169.4</ele>
   </trkpt>
   <trkpt lat="46.1765120" lon="13.7316830">
    <ele>169.4</ele>
   </trkpt>
   <trkpt lat="46.1765350" lon="13.7316670">
    <ele>169.4</ele>
   </trkpt>
   <trkpt lat="46.1765580" lon="13.7316470">
    <ele>169.4</ele>
   </trkpt>
   <trkpt lat="46.1765820" lon="13.7316270">
    <ele>169.4</ele>
   </trkpt>
   <trkpt lat="46.1766050" lon="13.7316100">
    <ele>169.5</ele>
   </trkpt>
   <trkpt lat="46.1766250" lon="13.7315920">
    <ele>169.5</ele>
   </trkpt>
   <trkpt lat="46.1766470" lon="13.7315680">
    <ele>169.5</ele>
   </trkpt>
   <trkpt lat="46.1766720" lon="13.7315420">
    <ele>169.5</ele>
   </trkpt>
   <trkpt lat="46.1766950" lon="13.7315100">
    <ele>169.5</ele>
   </trkpt>
   <trkpt lat="46.1767080" lon="13.7314630">
    <ele>169.5</ele>
   </trkpt>
   <trkpt lat="46.1767250" lon="13.7314280">
    <ele>169.5</ele>
   </trkpt>
   <trkpt lat="46.1767480" lon="13.7313900">
    <ele>169.4</ele>
   </trkpt>
   <trkpt lat="46.1767730" lon="13.7313500">
    <ele>169.4</ele>
   </trkpt>
   <trkpt lat="46.1767980" lon="13.7313150">
    <ele>169.3</ele>
   </trkpt>
   <trkpt lat="46.1768250" lon="13.7312750">
    <ele>169.3</ele>
   </trkpt>
   <trkpt lat="46.1768470" lon="13.7312250">
    <ele>169.2</ele>
   </trkpt>
   <trkpt lat="46.1768650" lon="13.7311800">
    <ele>169.2</ele>
   </trkpt>
   <trkpt lat="46.1768830" lon="13.7311450">
    <ele>169.2</ele>
   </trkpt>
   <trkpt lat="46.1769020" lon="13.7311100">
    <ele>169.2</ele>
   </trkpt>
   <trkpt lat="46.1769180" lon="13.7310730">
    <ele>169.2</ele>
   </trkpt>
   <trkpt lat="46.1769380" lon="13.7310380">
    <ele>169.2</ele>
   </trkpt>
   <trkpt lat="46.1769620" lon="13.7310030">
    <ele>169.2</ele>
   </trkpt>
   <trkpt lat="46.1769850" lon="13.7309720">
    <ele>169.2</ele>
   </trkpt>
   <trkpt lat="46.1770100" lon="13.7309470">
    <ele>169.2</ele>
   </trkpt>
   <trkpt lat="46.1770350" lon="13.7309280">
    <ele>169.2</ele>
   </trkpt>
   <trkpt lat="46.1770630" lon="13.7309130">
    <ele>169.2</ele>
   </trkpt>
   <trkpt lat="46.1770870" lon="13.7309170">
    <ele>169.2</ele>
   </trkpt>
   <trkpt lat="46.1771050" lon="13.7309270">
    <ele>169.2</ele>
   </trkpt>
   <trkpt lat="46.1771280" lon="13.7309400">
    <ele>169.2</ele>
   </trkpt>
   <trkpt lat="46.1771570" lon="13.7309530">
    <ele>169.2</ele>
   </trkpt>
   <trkpt lat="46.1771820" lon="13.7309750">
    <ele>169.2</ele>
   </trkpt>
   <trkpt lat="46.1772120" lon="13.7309950">
    <ele>169.2</ele>
   </trkpt>
   <trkpt lat="46.1772400" lon="13.7310220">
    <ele>169.2</ele>
   </trkpt>
   <trkpt lat="46.1772670" lon="13.7310500">
    <ele>169.2</ele>
   </trkpt>
   <trkpt lat="46.1772900" lon="13.7310780">
    <ele>169.2</ele>
   </trkpt>
   <trkpt lat="46.1773180" lon="13.7311050">
    <ele>169.2</ele>
   </trkpt>
   <trkpt lat="46.1773470" lon="13.7311380">
    <ele>169.2</ele>
   </trkpt>
   <trkpt lat="46.1773770" lon="13.7311670">
    <ele>169.2</ele>
   </trkpt>
   <trkpt lat="46.1774070" lon="13.7311930">
    <ele>169.2</ele>
   </trkpt>
   <trkpt lat="46.1774370" lon="13.7312200">
    <ele>169.2</ele>
   </trkpt>
   <trkpt lat="46.1774600" lon="13.7312480">
    <ele>169.2</ele>
   </trkpt>
   <trkpt lat="46.1774850" lon="13.7312770">
    <ele>169.2</ele>
   </trkpt>
   <trkpt lat="46.1775080" lon="13.7313030">
    <ele>169.2</ele>
   </trkpt>
   <trkpt lat="46.1775300" lon="13.7313320">
    <ele>169.2</ele>
   </trkpt>
   <trkpt lat="46.1775500" lon="13.7313600">
    <ele>169.1</ele>
   </trkpt>
   <trkpt lat="46.1775730" lon="13.7313830">
    <ele>169.0</ele>
   </trkpt>
   <trkpt lat="46.1775950" lon="13.7314070">
    <ele>168.9</ele>
   </trkpt>
   <trkpt lat="46.1776130" lon="13.7314350">
    <ele>168.8</ele>
   </trkpt>
   <trkpt lat="46.1776400" lon="13.7314570">
    <ele>168.6</ele>
   </trkpt>
   <trkpt lat="46.1776670" lon="13.7314800">
    <ele>168.4</ele>
   </trkpt>
   <trkpt lat="46.1776880" lon="13.7315080">
    <ele>168.3</ele>
   </trkpt>
   <trkpt lat="46.1777070" lon="13.7315380">
    <ele>168.1</ele>
   </trkpt>
   <trkpt lat="46.1777250" lon="13.7315680">
    <ele>168.0</ele>
   </trkpt>
   <trkpt lat="46.1777430" lon="13.7316000">
    <ele>167.8</ele>
   </trkpt>
   <trkpt lat="46.1777650" lon="13.7316330">
    <ele>167.6</ele>
   </trkpt>
   <trkpt lat="46.1777880" lon="13.7316650">
    <ele>167.4</ele>
   </trkpt>
   <trkpt lat="46.1778170" lon="13.7316970">
    <ele>167.2</ele>
   </trkpt>
   <trkpt lat="46.1778480" lon="13.7317230">
    <ele>166.9</ele>
   </trkpt>
   <trkpt lat="46.1778750" lon="13.7317420">
    <ele>166.8</ele>
   </trkpt>
   <trkpt lat="46.1779070" lon="13.7317480">
    <ele>166.6</ele>
   </trkpt>
   <trkpt lat="46.1779380" lon="13.7317370">
    <ele>166.4</ele>
   </trkpt>
   <trkpt lat="46.1779680" lon="13.7317130">
    <ele>166.1</ele>
   </trkpt>
   <trkpt lat="46.1780030" lon="13.7316880">
    <ele>165.9</ele>
   </trkpt>
   <trkpt lat="46.1780380" lon="13.7316730">
    <ele>165.7</ele>
   </trkpt>
   <trkpt lat="46.1780730" lon="13.7316650">
    <ele>165.5</ele>
   </trkpt>
   <trkpt lat="46.1781100" lon="13.7316600">
    <ele>165.3</ele>
   </trkpt>
   <trkpt lat="46.1781520" lon="13.7316550">
    <ele>165.3</ele>
   </trkpt>
   <trkpt lat="46.1781800" lon="13.7316500">
    <ele>165.3</ele>
   </trkpt>
   <trkpt lat="46.1782670" lon="13.7317450">
    <ele>165.2</ele>
   </trkpt>
   <trkpt lat="46.1783350" lon="13.7318200">
    <ele>165.6</ele>
   </trkpt>
   <trkpt lat="46.1783880" lon="13.7318780">
    <ele>166.0</ele>
   </trkpt>
   <trkpt lat="46.1783880" lon="13.7318780">
    <ele>166.0</ele>
   </trkpt>
   <trkpt lat="46.1783880" lon="13.7318780">
    <ele>166.0</ele>
   </trkpt>
   <trkpt lat="46.1783880" lon="13.7318780">
    <ele>166.0</ele>
   </trkpt>
   <trkpt lat="46.1783970" lon="13.7319300">
    <ele>166.3</ele>
   </trkpt>
   <trkpt lat="46.1784130" lon="13.7319230">
    <ele>166.4</ele>
   </trkpt>
   <trkpt lat="46.1784300" lon="13.7318800">
    <ele>166.7</ele>
   </trkpt>
   <trkpt lat="46.1784400" lon="13.7318470">
    <ele>166.8</ele>
   </trkpt>
   <trkpt lat="46.1784620" lon="13.7318080">
    <ele>167.1</ele>
   </trkpt>
   <trkpt lat="46.1784770" lon="13.7317720">
    <ele>167.3</ele>
   </trkpt>
   <trkpt lat="46.1784950" lon="13.7317400">
    <ele>167.4</ele>
   </trkpt>
   <trkpt lat="46.1785170" lon="13.7317080">
    <ele>167.6</ele>
   </trkpt>
   <trkpt lat="46.1785370" lon="13.7316780">
    <ele>167.8</ele>
   </trkpt>
   <trkpt lat="46.1785580" lon="13.7316550">
    <ele>167.9</ele>
   </trkpt>
   <trkpt lat="46.1785770" lon="13.7316350">
    <ele>168.1</ele>
   </trkpt>
   <trkpt lat="46.1785980" lon="13.7316120">
    <ele>168.2</ele>
   </trkpt>
   <trkpt lat="46.1786220" lon="13.7315880">
    <ele>168.3</ele>
   </trkpt>
   <trkpt lat="46.1786470" lon="13.7315670">
    <ele>168.5</ele>
   </trkpt>
   <trkpt lat="46.1786670" lon="13.7315520">
    <ele>168.6</ele>
   </trkpt>
   <trkpt lat="46.1786870" lon="13.7315330">
    <ele>168.7</ele>
   </trkpt>
   <trkpt lat="46.1787120" lon="13.7315170">
    <ele>168.8</ele>
   </trkpt>
   <trkpt lat="46.1787350" lon="13.7315050">
    <ele>168.8</ele>
   </trkpt>
   <trkpt lat="46.1787600" lon="13.7315020">
    <ele>168.9</ele>
   </trkpt>
   <trkpt lat="46.1787900" lon="13.7315070">
    <ele>169.0</ele>
   </trkpt>
   <trkpt lat="46.1788130" lon="13.7315220">
    <ele>169.0</ele>
   </trkpt>
   <trkpt lat="46.1788420" lon="13.7315370">
    <ele>169.1</ele>
   </trkpt>
   <trkpt lat="46.1788670" lon="13.7315570">
    <ele>169.1</ele>
   </trkpt>
   <trkpt lat="46.1788930" lon="13.7315770">
    <ele>169.1</ele>
   </trkpt>
   <trkpt lat="46.1789170" lon="13.7316020">
    <ele>169.1</ele>
   </trkpt>
   <trkpt lat="46.1789370" lon="13.7316280">
    <ele>169.1</ele>
   </trkpt>
   <trkpt lat="46.1789570" lon="13.7316520">
    <ele>169.2</ele>
   </trkpt>
   <trkpt lat="46.1789880" lon="13.7316780">
    <ele>169.2</ele>
   </trkpt>
   <trkpt lat="46.1790100" lon="13.7317120">
    <ele>169.2</ele>
   </trkpt>
   <trkpt lat="46.1790350" lon="13.7317400">
    <ele>169.2</ele>
   </trkpt>
   <trkpt lat="46.1790570" lon="13.7317670">
    <ele>169.2</ele>
   </trkpt>
   <trkpt lat="46.1790870" lon="13.7317920">
    <ele>169.2</ele>
   </trkpt>
   <trkpt lat="46.1791180" lon="13.7318130">
    <ele>169.2</ele>
   </trkpt>
   <trkpt lat="46.1791430" lon="13.7318380">
    <ele>169.2</ele>
   </trkpt>
   <trkpt lat="46.1791730" lon="13.7318630">
    <ele>169.3</ele>
   </trkpt>
   <trkpt lat="46.1791970" lon="13.7318870">
    <ele>169.3</ele>
   </trkpt>
   <trkpt lat="46.1792180" lon="13.7319150">
    <ele>169.3</ele>
   </trkpt>
   <trkpt lat="46.1792420" lon="13.7319450">
    <ele>169.3</ele>
   </trkpt>
   <trkpt lat="46.1792570" lon="13.7319750">
    <ele>169.4</ele>
   </trkpt>
   <trkpt lat="46.1792680" lon="13.7320100">
    <ele>169.5</ele>
   </trkpt>
   <trkpt lat="46.1792850" lon="13.7320420">
    <ele>169.5</ele>
   </trkpt>
   <trkpt lat="46.1793030" lon="13.7320880">
    <ele>169.7</ele>
   </trkpt>
   <trkpt lat="46.1793250" lon="13.7321180">
    <ele>169.9</ele>
   </trkpt>
   <trkpt lat="46.1793330" lon="13.7321530">
    <ele>170.0</ele>
   </trkpt>
   <trkpt lat="46.1793380" lon="13.7321930">
    <ele>170.2</ele>
   </trkpt>
   <trkpt lat="46.1793470" lon="13.7322280">
    <ele>170.4</ele>
   </trkpt>
   <trkpt lat="46.1793520" lon="13.7322680">
    <ele>170.7</ele>
   </trkpt>
   <trkpt lat="46.1793550" lon="13.7322980">
    <ele>170.9</ele>
   </trkpt>
   <trkpt lat="46.1793570" lon="13.7323270">
    <ele>171.1</ele>
   </trkpt>
   <trkpt lat="46.1793580" lon="13.7323520">
    <ele>171.3</ele>
   </trkpt>
   <trkpt lat="46.1793600" lon="13.7323720">
    <ele>171.5</ele>
   </trkpt>
   <trkpt lat="46.1793630" lon="13.7323920">
    <ele>171.7</ele>
   </trkpt>
   <trkpt lat="46.1793670" lon="13.7324130">
    <ele>171.8</ele>
   </trkpt>
   <trkpt lat="46.1793700" lon="13.7324380">
    <ele>172.1</ele>
   </trkpt>
   <trkpt lat="46.1793720" lon="13.7324620">
    <ele>172.3</ele>
   </trkpt>
   <trkpt lat="46.1793730" lon="13.7324800">
    <ele>172.5</ele>
   </trkpt>
   <trkpt lat="46.1793730" lon="13.7324980">
    <ele>172.7</ele>
   </trkpt>
   <trkpt lat="46.1793750" lon="13.7325200">
    <ele>172.9</ele>
   </trkpt>
   <trkpt lat="46.1793700" lon="13.7325450">
    <ele>173.2</ele>
   </trkpt>
   <trkpt lat="46.1793730" lon="13.7325650">
    <ele>173.4</ele>
   </trkpt>
   <trkpt lat="46.1793770" lon="13.7325730">
    <ele>173.9</ele>
   </trkpt>
   <trkpt lat="46.1793800" lon="13.7325820">
    <ele>174.2</ele>
   </trkpt>
   <trkpt lat="46.1793870" lon="13.7325870">
    <ele>174.6</ele>
   </trkpt>
   <trkpt lat="46.1793900" lon="13.7325950">
    <ele>174.9</ele>
   </trkpt>
   <trkpt lat="46.1793950" lon="13.7326020">
    <ele>175.3</ele>
   </trkpt>
   <trkpt lat="46.1794020" lon="13.7326050">
    <ele>175.6</ele>
   </trkpt>
   <trkpt lat="46.1794080" lon="13.7326080">
    <ele>176.0</ele>
   </trkpt>
   <trkpt lat="46.1794120" lon="13.7326150">
    <ele>176.3</ele>
   </trkpt>
   <trkpt lat="46.1794170" lon="13.7326250">
    <ele>176.7</ele>
   </trkpt>
   <trkpt lat="46.1794150" lon="13.7326350">
    <ele>177.1</ele>
   </trkpt>
   <trkpt lat="46.1794130" lon="13.7326380">
    <ele>177.2</ele>
   </trkpt>
   <trkpt lat="46.1794080" lon="13.7326400">
    <ele>177.5</ele>
   </trkpt>
   <trkpt lat="46.1793970" lon="13.7326500">
    <ele>178.1</ele>
   </trkpt>
   <trkpt lat="46.1793870" lon="13.7326630">
    <ele>178.7</ele>
   </trkpt>
   <trkpt lat="46.1793780" lon="13.7326750">
    <ele>179.3</ele>
   </trkpt>
   <trkpt lat="46.1793800" lon="13.7326830">
    <ele>179.6</ele>
   </trkpt>
   <trkpt lat="46.1793850" lon="13.7326920">
    <ele>179.9</ele>
   </trkpt>
   <trkpt lat="46.1793970" lon="13.7326980">
    <ele>180.5</ele>
   </trkpt>
   <trkpt lat="46.1794120" lon="13.7327020">
    <ele>181.2</ele>
   </trkpt>
   <trkpt lat="46.1794220" lon="13.7327030">
    <ele>181.6</ele>
   </trkpt>
   <trkpt lat="46.1794320" lon="13.7327050">
    <ele>182.1</ele>
   </trkpt>
   <trkpt lat="46.1794400" lon="13.7327020">
    <ele>182.4</ele>
   </trkpt>
   <trkpt lat="46.1794470" lon="13.7326980">
    <ele>182.7</ele>
   </trkpt>
   <trkpt lat="46.1794550" lon="13.7326900">
    <ele>183.1</ele>
   </trkpt>
   <trkpt lat="46.1794650" lon="13.7326830">
    <ele>183.5</ele>
   </trkpt>
   <trkpt lat="46.1794750" lon="13.7326770">
    <ele>183.9</ele>
   </trkpt>
   <trkpt lat="46.1794850" lon="13.7326650">
    <ele>184.4</ele>
   </trkpt>
   <trkpt lat="46.1794920" lon="13.7326550">
    <ele>184.7</ele>
   </trkpt>
   <trkpt lat="46.1795000" lon="13.7326420">
    <ele>185.1</ele>
   </trkpt>
   <trkpt lat="46.1795080" lon="13.7326300">
    <ele>185.5</ele>
   </trkpt>
   <trkpt lat="46.1795170" lon="13.7326220">
    <ele>185.8</ele>
   </trkpt>
   <trkpt lat="46.1795230" lon="13.7326250">
    <ele>186.0</ele>
   </trkpt>
   <trkpt lat="46.1795350" lon="13.7326280">
    <ele>186.4</ele>
   </trkpt>
   <trkpt lat="46.1795480" lon="13.7326370">
    <ele>186.8</ele>
   </trkpt>
   <trkpt lat="46.1795600" lon="13.7326580">
    <ele>187.3</ele>
   </trkpt>
   <trkpt lat="46.1795630" lon="13.7326900">
    <ele>187.8</ele>
   </trkpt>
   <trkpt lat="46.1795570" lon="13.7327220">
    <ele>187.4</ele>
   </trkpt>
   <trkpt lat="46.1795400" lon="13.7327500">
    <ele>187.1</ele>
   </trkpt>
   <trkpt lat="46.1795180" lon="13.7327880">
    <ele>186.6</ele>
   </trkpt>
   <trkpt lat="46.1795000" lon="13.7328280">
    <ele>186.2</ele>
   </trkpt>
   <trkpt lat="46.1794770" lon="13.7328630">
    <ele>185.7</ele>
   </trkpt>
   <trkpt lat="46.1794480" lon="13.7328950">
    <ele>185.2</ele>
   </trkpt>
   <trkpt lat="46.1794220" lon="13.7329250">
    <ele>184.7</ele>
   </trkpt>
   <trkpt lat="46.1793970" lon="13.7329520">
    <ele>184.3</ele>
   </trkpt>
   <trkpt lat="46.1793700" lon="13.7329800">
    <ele>183.8</ele>
   </trkpt>
   <trkpt lat="46.1793400" lon="13.7330130">
    <ele>183.3</ele>
   </trkpt>
   <trkpt lat="46.1793080" lon="13.7330520">
    <ele>182.6</ele>
   </trkpt>
   <trkpt lat="46.1792750" lon="13.7330970">
    <ele>182.0</ele>
   </trkpt>
   <trkpt lat="46.1792430" lon="13.7331320">
    <ele>181.4</ele>
   </trkpt>
   <trkpt lat="46.1792150" lon="13.7331650">
    <ele>180.9</ele>
   </trkpt>
   <trkpt lat="46.1791830" lon="13.7332030">
    <ele>180.3</ele>
   </trkpt>
   <trkpt lat="46.1791550" lon="13.7332380">
    <ele>179.8</ele>
   </trkpt>
   <trkpt lat="46.1791300" lon="13.7332750">
    <ele>180.0</ele>
   </trkpt>
   <trkpt lat="46.1791080" lon="13.7333080">
    <ele>180.1</ele>
   </trkpt>
   <trkpt lat="46.1790930" lon="13.7333470">
    <ele>180.2</ele>
   </trkpt>
   <trkpt lat="46.1790850" lon="13.7333820">
    <ele>180.3</ele>
   </trkpt>
   <trkpt lat="46.1790820" lon="13.7334120">
    <ele>180.3</ele>
   </trkpt>
   <trkpt lat="46.1790770" lon="13.7334330">
    <ele>180.3</ele>
   </trkpt>
   <trkpt lat="46.1790620" lon="13.7334620">
    <ele>180.3</ele>
   </trkpt>
   <trkpt lat="46.1790430" lon="13.7334850">
    <ele>180.3</ele>
   </trkpt>
   <trkpt lat="46.1790180" lon="13.7335020">
    <ele>180.3</ele>
   </trkpt>
   <trkpt lat="46.1789900" lon="13.7335020">
    <ele>180.2</ele>
   </trkpt>
   <trkpt lat="46.1789520" lon="13.7334980">
    <ele>180.2</ele>
   </trkpt>
   <trkpt lat="46.1789150" lon="13.7334920">
    <ele>180.2</ele>
   </trkpt>
   <trkpt lat="46.1788820" lon="13.7334830">
    <ele>180.2</ele>
   </trkpt>
   <trkpt lat="46.1788530" lon="13.7334800">
    <ele>180.2</ele>
   </trkpt>
   <trkpt lat="46.1788220" lon="13.7334750">
    <ele>180.2</ele>
   </trkpt>
   <trkpt lat="46.1787900" lon="13.7334680">
    <ele>180.3</ele>
   </trkpt>
   <trkpt lat="46.1787530" lon="13.7334680">
    <ele>180.3</ele>
   </trkpt>
   <trkpt lat="46.1787170" lon="13.7334750">
    <ele>180.4</ele>
   </trkpt>
   <trkpt lat="46.1786900" lon="13.7334900">
    <ele>180.5</ele>
   </trkpt>
   <trkpt lat="46.1786700" lon="13.7335050">
    <ele>180.5</ele>
   </trkpt>
   <trkpt lat="46.1786420" lon="13.7335230">
    <ele>180.6</ele>
   </trkpt>
   <trkpt lat="46.1786120" lon="13.7335470">
    <ele>180.6</ele>
   </trkpt>
   <trkpt lat="46.1785800" lon="13.7335680">
    <ele>180.6</ele>
   </trkpt>
   <trkpt lat="46.1785450" lon="13.7335930">
    <ele>180.6</ele>
   </trkpt>
   <trkpt lat="46.1785130" lon="13.7336200">
    <ele>180.7</ele>
   </trkpt>
   <trkpt lat="46.1784770" lon="13.7336420">
    <ele>180.7</ele>
   </trkpt>
   <trkpt lat="46.1784370" lon="13.7336670">
    <ele>180.8</ele>
   </trkpt>
   <trkpt lat="46.1784000" lon="13.7336950">
    <ele>180.8</ele>
   </trkpt>
   <trkpt lat="46.1783800" lon="13.7337270">
    <ele>180.9</ele>
   </trkpt>
   <trkpt lat="46.1783700" lon="13.7337670">
    <ele>180.9</ele>
   </trkpt>
   <trkpt lat="46.1783670" lon="13.7338120">
    <ele>181.0</ele>
   </trkpt>
   <trkpt lat="46.1783670" lon="13.7338530">
    <ele>181.1</ele>
   </trkpt>
   <trkpt lat="46.1783680" lon="13.7338930">
    <ele>181.2</ele>
   </trkpt>
   <trkpt lat="46.1783680" lon="13.7339220">
    <ele>181.3</ele>
   </trkpt>
   <trkpt lat="46.1783600" lon="13.7339530">
    <ele>181.4</ele>
   </trkpt>
   <trkpt lat="46.1783430" lon="13.7339850">
    <ele>181.5</ele>
   </trkpt>
   <trkpt lat="46.1783220" lon="13.7340120">
    <ele>181.5</ele>
   </trkpt>
   <trkpt lat="46.1782950" lon="13.7340400">
    <ele>181.6</ele>
   </trkpt>
   <trkpt lat="46.1782700" lon="13.7340680">
    <ele>181.3</ele>
   </trkpt>
   <trkpt lat="46.1782430" lon="13.7340950">
    <ele>181.5</ele>
   </trkpt>
   <trkpt lat="46.1782150" lon="13.7341250">
    <ele>181.7</ele>
   </trkpt>
   <trkpt lat="46.1781900" lon="13.7341500">
    <ele>181.5</ele>
   </trkpt>
   <trkpt lat="46.1781630" lon="13.7341700">
    <ele>181.7</ele>
   </trkpt>
   <trkpt lat="46.1781330" lon="13.7341870">
    <ele>181.5</ele>
   </trkpt>
   <trkpt lat="46.1780930" lon="13.7341880">
    <ele>181.4</ele>
   </trkpt>
   <trkpt lat="46.1780550" lon="13.7341770">
    <ele>181.2</ele>
   </trkpt>
   <trkpt lat="46.1780270" lon="13.7341500">
    <ele>180.5</ele>
   </trkpt>
   <trkpt lat="46.1780020" lon="13.7341170">
    <ele>180.3</ele>
   </trkpt>
   <trkpt lat="46.1779720" lon="13.7340830">
    <ele>179.6</ele>
   </trkpt>
   <trkpt lat="46.1779450" lon="13.7340530">
    <ele>179.0</ele>
   </trkpt>
   <trkpt lat="46.1779200" lon="13.7340330">
    <ele>178.9</ele>
   </trkpt>
   <trkpt lat="46.1778920" lon="13.7340330">
    <ele>178.7</ele>
   </trkpt>
   <trkpt lat="46.1778630" lon="13.7340480">
    <ele>178.6</ele>
   </trkpt>
   <trkpt lat="46.1778320" lon="13.7340700">
    <ele>178.9</ele>
   </trkpt>
   <trkpt lat="46.1777980" lon="13.7340930">
    <ele>178.7</ele>
   </trkpt>
   <trkpt lat="46.1777670" lon="13.7341150">
    <ele>179.0</ele>
   </trkpt>
   <trkpt lat="46.1777370" lon="13.7341330">
    <ele>178.8</ele>
   </trkpt>
   <trkpt lat="46.1777000" lon="13.7341430">
    <ele>178.7</ele>
   </trkpt>
   <trkpt lat="46.1776650" lon="13.7341550">
    <ele>179.0</ele>
   </trkpt>
   <trkpt lat="46.1776250" lon="13.7341620">
    <ele>178.6</ele>
   </trkpt>
   <trkpt lat="46.1775830" lon="13.7341500">
    <ele>178.0</ele>
   </trkpt>
   <trkpt lat="46.1775530" lon="13.7341320">
    <ele>177.9</ele>
   </trkpt>
   <trkpt lat="46.1775270" lon="13.7340980">
    <ele>177.3</ele>
   </trkpt>
   <trkpt lat="46.1775020" lon="13.7340580">
    <ele>176.6</ele>
   </trkpt>
   <trkpt lat="46.1774800" lon="13.7340130">
    <ele>176.0</ele>
   </trkpt>
   <trkpt lat="46.1774570" lon="13.7339680">
    <ele>175.5</ele>
   </trkpt>
   <trkpt lat="46.1774330" lon="13.7339320">
    <ele>174.9</ele>
   </trkpt>
   <trkpt lat="46.1774150" lon="13.7339080">
    <ele>174.8</ele>
   </trkpt>
   <trkpt lat="46.1774000" lon="13.7338870">
    <ele>174.3</ele>
   </trkpt>
   <trkpt lat="46.1773800" lon="13.7338700">
    <ele>174.2</ele>
   </trkpt>
   <trkpt lat="46.1773570" lon="13.7338650">
    <ele>174.0</ele>
   </trkpt>
   <trkpt lat="46.1773270" lon="13.7338680">
    <ele>173.9</ele>
   </trkpt>
   <trkpt lat="46.1772950" lon="13.7338720">
    <ele>173.8</ele>
   </trkpt>
   <trkpt lat="46.1772670" lon="13.7338730">
    <ele>173.7</ele>
   </trkpt>
   <trkpt lat="46.1772330" lon="13.7338750">
    <ele>173.5</ele>
   </trkpt>
   <trkpt lat="46.1772030" lon="13.7338770">
    <ele>173.3</ele>
   </trkpt>
   <trkpt lat="46.1771750" lon="13.7338850">
    <ele>173.2</ele>
   </trkpt>
   <trkpt lat="46.1771480" lon="13.7338980">
    <ele>173.5</ele>
   </trkpt>
   <trkpt lat="46.1771250" lon="13.7339270">
    <ele>173.3</ele>
   </trkpt>
   <trkpt lat="46.1771050" lon="13.7339620">
    <ele>173.8</ele>
   </trkpt>
   <trkpt lat="46.1770900" lon="13.7339950">
    <ele>174.1</ele>
   </trkpt>
   <trkpt lat="46.1770770" lon="13.7340300">
    <ele>174.5</ele>
   </trkpt>
   <trkpt lat="46.1770600" lon="13.7340720">
    <ele>174.8</ele>
   </trkpt>
   <trkpt lat="46.1770480" lon="13.7341170">
    <ele>175.2</ele>
   </trkpt>
   <trkpt lat="46.1770380" lon="13.7341630">
    <ele>175.5</ele>
   </trkpt>
   <trkpt lat="46.1770230" lon="13.7342170">
    <ele>175.7</ele>
   </trkpt>
   <trkpt lat="46.1770120" lon="13.7342670">
    <ele>176.0</ele>
   </trkpt>
   <trkpt lat="46.1770050" lon="13.7343150">
    <ele>176.2</ele>
   </trkpt>
   <trkpt lat="46.1770120" lon="13.7343580">
    <ele>176.7</ele>
   </trkpt>
   <trkpt lat="46.1770250" lon="13.7343980">
    <ele>177.1</ele>
   </trkpt>
   <trkpt lat="46.1770420" lon="13.7344380">
    <ele>177.6</ele>
   </trkpt>
   <trkpt lat="46.1770620" lon="13.7344780">
    <ele>178.0</ele>
   </trkpt>
   <trkpt lat="46.1770830" lon="13.7345150">
    <ele>178.5</ele>
   </trkpt>
   <trkpt lat="46.1771050" lon="13.7345470">
    <ele>179.1</ele>
   </trkpt>
   <trkpt lat="46.1771250" lon="13.7345800">
    <ele>179.1</ele>
   </trkpt>
   <trkpt lat="46.1771470" lon="13.7346170">
    <ele>179.5</ele>
   </trkpt>
   <trkpt lat="46.1771720" lon="13.7346450">
    <ele>180.0</ele>
   </trkpt>
   <trkpt lat="46.1771880" lon="13.7346780">
    <ele>180.5</ele>
   </trkpt>
   <trkpt lat="46.1772050" lon="13.7347180">
    <ele>180.7</ele>
   </trkpt>
   <trkpt lat="46.1772130" lon="13.7347580">
    <ele>180.9</ele>
   </trkpt>
   <trkpt lat="46.1772250" lon="13.7347930">
    <ele>181.1</ele>
   </trkpt>
   <trkpt lat="46.1772420" lon="13.7348370">
    <ele>181.2</ele>
   </trkpt>
   <trkpt lat="46.1772570" lon="13.7348800">
    <ele>181.6</ele>
   </trkpt>
   <trkpt lat="46.1772700" lon="13.7349230">
    <ele>181.8</ele>
   </trkpt>
   <trkpt lat="46.1772870" lon="13.7349650">
    <ele>182.1</ele>
   </trkpt>
   <trkpt lat="46.1773020" lon="13.7350070">
    <ele>182.2</ele>
   </trkpt>
   <trkpt lat="46.1773170" lon="13.7350500">
    <ele>182.4</ele>
   </trkpt>
   <trkpt lat="46.1773320" lon="13.7350920">
    <ele>182.5</ele>
   </trkpt>
   <trkpt lat="46.1773480" lon="13.7351330">
    <ele>182.7</ele>
   </trkpt>
   <trkpt lat="46.1773650" lon="13.7351750">
    <ele>182.8</ele>
   </trkpt>
   <trkpt lat="46.1773820" lon="13.7352170">
    <ele>182.9</ele>
   </trkpt>
   <trkpt lat="46.1773970" lon="13.7352620">
    <ele>183.0</ele>
   </trkpt>
   <trkpt lat="46.1774100" lon="13.7353080">
    <ele>183.0</ele>
   </trkpt>
   <trkpt lat="46.1774200" lon="13.7353530">
    <ele>183.0</ele>
   </trkpt>
   <trkpt lat="46.1774350" lon="13.7353980">
    <ele>183.1</ele>
   </trkpt>
   <trkpt lat="46.1774500" lon="13.7354420">
    <ele>183.1</ele>
   </trkpt>
   <trkpt lat="46.1774680" lon="13.7354820">
    <ele>183.2</ele>
   </trkpt>
   <trkpt lat="46.1774850" lon="13.7355180">
    <ele>183.2</ele>
   </trkpt>
   <trkpt lat="46.1775050" lon="13.7355550">
    <ele>183.1</ele>
   </trkpt>
   <trkpt lat="46.1775230" lon="13.7355930">
    <ele>183.1</ele>
   </trkpt>
   <trkpt lat="46.1775430" lon="13.7356320">
    <ele>182.9</ele>
   </trkpt>
   <trkpt lat="46.1775570" lon="13.7356720">
    <ele>182.8</ele>
   </trkpt>
   <trkpt lat="46.1775650" lon="13.7357120">
    <ele>182.6</ele>
   </trkpt>
   <trkpt lat="46.1775720" lon="13.7357530">
    <ele>182.4</ele>
   </trkpt>
   <trkpt lat="46.1775780" lon="13.7357970">
    <ele>182.0</ele>
   </trkpt>
   <trkpt lat="46.1775880" lon="13.7358400">
    <ele>181.6</ele>
   </trkpt>
   <trkpt lat="46.1776000" lon="13.7358820">
    <ele>181.2</ele>
   </trkpt>
   <trkpt lat="46.1776100" lon="13.7359230">
    <ele>180.6</ele>
   </trkpt>
   <trkpt lat="46.1776250" lon="13.7359650">
    <ele>180.1</ele>
   </trkpt>
   <trkpt lat="46.1776320" lon="13.7360080">
    <ele>179.4</ele>
   </trkpt>
   <trkpt lat="46.1776370" lon="13.7360520">
    <ele>178.8</ele>
   </trkpt>
   <trkpt lat="46.1776480" lon="13.7360900">
    <ele>178.1</ele>
   </trkpt>
   <trkpt lat="46.1776570" lon="13.7361300">
    <ele>177.5</ele>
   </trkpt>
   <trkpt lat="46.1776680" lon="13.7361720">
    <ele>176.7</ele>
   </trkpt>
   <trkpt lat="46.1776830" lon="13.7362130">
    <ele>176.7</ele>
   </trkpt>
   <trkpt lat="46.1776980" lon="13.7362550">
    <ele>175.9</ele>
   </trkpt>
   <trkpt lat="46.1777170" lon="13.7362950">
    <ele>175.4</ele>
   </trkpt>
   <trkpt lat="46.1777280" lon="13.7363350">
    <ele>174.7</ele>
   </trkpt>
   <trkpt lat="46.1777380" lon="13.7363720">
    <ele>174.3</ele>
   </trkpt>
   <trkpt lat="46.1777520" lon="13.7364100">
    <ele>173.8</ele>
   </trkpt>
   <trkpt lat="46.1777670" lon="13.7364420">
    <ele>173.4</ele>
   </trkpt>
   <trkpt lat="46.1777830" lon="13.7364750">
    <ele>173.0</ele>
   </trkpt>
   <trkpt lat="46.1778080" lon="13.7365070">
    <ele>173.0</ele>
   </trkpt>
   <trkpt lat="46.1778300" lon="13.7365380">
    <ele>172.5</ele>
   </trkpt>
   <trkpt lat="46.1778520" lon="13.7365700">
    <ele>172.1</ele>
   </trkpt>
   <trkpt lat="46.1778670" lon="13.7366000">
    <ele>172.1</ele>
   </trkpt>
   <trkpt lat="46.1778720" lon="13.7366230">
    <ele>171.7</ele>
   </trkpt>
   <trkpt lat="46.1778700" lon="13.7366380">
    <ele>171.7</ele>
   </trkpt>
   <trkpt lat="46.1778550" lon="13.7366500">
    <ele>171.5</ele>
   </trkpt>
   <trkpt lat="46.1778330" lon="13.7366550">
    <ele>171.6</ele>
   </trkpt>
   <trkpt lat="46.1778150" lon="13.7366630">
    <ele>171.6</ele>
   </trkpt>
   <trkpt lat="46.1778050" lon="13.7366720">
    <ele>171.7</ele>
   </trkpt>
   <trkpt lat="46.1778080" lon="13.7366780">
    <ele>171.7</ele>
   </trkpt>
   <trkpt lat="46.1778200" lon="13.7366830">
    <ele>171.6</ele>
   </trkpt>
   <trkpt lat="46.1778370" lon="13.7366930">
    <ele>171.2</ele>
   </trkpt>
   <trkpt lat="46.1778520" lon="13.7367100">
    <ele>171.1</ele>
   </trkpt>
   <trkpt lat="46.1778680" lon="13.7367280">
    <ele>171.1</ele>
   </trkpt>
   <trkpt lat="46.1778850" lon="13.7367470">
    <ele>170.6</ele>
   </trkpt>
   <trkpt lat="46.1778970" lon="13.7367630">
    <ele>170.6</ele>
   </trkpt>
   <trkpt lat="46.1779080" lon="13.7367780">
    <ele>170.1</ele>
   </trkpt>
   <trkpt lat="46.1779120" lon="13.7367930">
    <ele>170.1</ele>
   </trkpt>
   <trkpt lat="46.1779050" lon="13.7368000">
    <ele>170.1</ele>
   </trkpt>
   <trkpt lat="46.1778920" lon="13.7368120">
    <ele>170.2</ele>
   </trkpt>
   <trkpt lat="46.1778700" lon="13.7368320">
    <ele>169.9</ele>
   </trkpt>
   <trkpt lat="46.1778470" lon="13.7368580">
    <ele>170.0</ele>
   </trkpt>
   <trkpt lat="46.1778270" lon="13.7368880">
    <ele>169.8</ele>
   </trkpt>
   <trkpt lat="46.1778020" lon="13.7369180">
    <ele>169.6</ele>
   </trkpt>
   <trkpt lat="46.1777880" lon="13.7369430">
    <ele>169.6</ele>
   </trkpt>
   <trkpt lat="46.1777720" lon="13.7369620">
    <ele>169.3</ele>
   </trkpt>
   <trkpt lat="46.1777630" lon="13.7369850">
    <ele>169.3</ele>
   </trkpt>
   <trkpt lat="46.1777720" lon="13.7370100">
    <ele>168.9</ele>
   </trkpt>
   <trkpt lat="46.1777870" lon="13.7370320">
    <ele>168.4</ele>
   </trkpt>
   <trkpt lat="46.1778030" lon="13.7370470">
    <ele>168.4</ele>
   </trkpt>
   <trkpt lat="46.1778280" lon="13.7370580">
    <ele>168.3</ele>
   </trkpt>
   <trkpt lat="46.1778500" lon="13.7370700">
    <ele>168.1</ele>
   </trkpt>
   <trkpt lat="46.1778770" lon="13.7370720">
    <ele>167.9</ele>
   </trkpt>
   <trkpt lat="46.1778950" lon="13.7370780">
    <ele>167.5</ele>
   </trkpt>
   <trkpt lat="46.1779080" lon="13.7370930">
    <ele>167.3</ele>
   </trkpt>
   <trkpt lat="46.1779270" lon="13.7371170">
    <ele>166.9</ele>
   </trkpt>
   <trkpt lat="46.1779520" lon="13.7371370">
    <ele>166.7</ele>
   </trkpt>
   <trkpt lat="46.1779730" lon="13.7371500">
    <ele>166.5</ele>
   </trkpt>
   <trkpt lat="46.1779970" lon="13.7371620">
    <ele>165.8</ele>
   </trkpt>
   <trkpt lat="46.1780130" lon="13.7371650">
    <ele>165.8</ele>
   </trkpt>
   <trkpt lat="46.1780350" lon="13.7371600">
    <ele>165.5</ele>
   </trkpt>
   <trkpt lat="46.1780530" lon="13.7371520">
    <ele>165.7</ele>
   </trkpt>
   <trkpt lat="46.1780780" lon="13.7371380">
    <ele>165.5</ele>
   </trkpt>
   <trkpt lat="46.1781020" lon="13.7371280">
    <ele>165.5</ele>
   </trkpt>
   <trkpt lat="46.1781220" lon="13.7371100">
    <ele>165.7</ele>
   </trkpt>
   <trkpt lat="46.1781500" lon="13.7371020">
    <ele>165.5</ele>
   </trkpt>
   <trkpt lat="46.1781830" lon="13.7370950">
    <ele>165.3</ele>
   </trkpt>
   <trkpt lat="46.1782120" lon="13.7370970">
    <ele>165.1</ele>
   </trkpt>
   <trkpt lat="46.1782370" lon="13.7371100">
    <ele>164.9</ele>
   </trkpt>
   <trkpt lat="46.1782630" lon="13.7371280">
    <ele>164.3</ele>
   </trkpt>
   <trkpt lat="46.1782770" lon="13.7371600">
    <ele>163.9</ele>
   </trkpt>
   <trkpt lat="46.1782770" lon="13.7372000">
    <ele>163.9</ele>
   </trkpt>
   <trkpt lat="46.1782730" lon="13.7372350">
    <ele>163.4</ele>
   </trkpt>
   <trkpt lat="46.1782670" lon="13.7372750">
    <ele>163.0</ele>
   </trkpt>
   <trkpt lat="46.1782530" lon="13.7373200">
    <ele>162.9</ele>
   </trkpt>
   <trkpt lat="46.1782380" lon="13.7373600">
    <ele>162.9</ele>
   </trkpt>
   <trkpt lat="46.1782230" lon="13.7373980">
    <ele>162.8</ele>
   </trkpt>
   <trkpt lat="46.1782100" lon="13.7374370">
    <ele>162.8</ele>
   </trkpt>
   <trkpt lat="46.1781980" lon="13.7374750">
    <ele>162.8</ele>
   </trkpt>
   <trkpt lat="46.1781870" lon="13.7375170">
    <ele>162.7</ele>
   </trkpt>
   <trkpt lat="46.1781780" lon="13.7375580">
    <ele>162.7</ele>
   </trkpt>
   <trkpt lat="46.1781680" lon="13.7376070">
    <ele>162.7</ele>
   </trkpt>
   <trkpt lat="46.1781530" lon="13.7376530">
    <ele>162.6</ele>
   </trkpt>
   <trkpt lat="46.1781400" lon="13.7376930">
    <ele>162.6</ele>
   </trkpt>
   <trkpt lat="46.1781230" lon="13.7377270">
    <ele>162.6</ele>
   </trkpt>
   <trkpt lat="46.1781050" lon="13.7377570">
    <ele>162.6</ele>
   </trkpt>
   <trkpt lat="46.1780870" lon="13.7377900">
    <ele>162.5</ele>
   </trkpt>
   <trkpt lat="46.1780630" lon="13.7378200">
    <ele>162.5</ele>
   </trkpt>
   <trkpt lat="46.1780350" lon="13.7378670">
    <ele>162.5</ele>
   </trkpt>
   <trkpt lat="46.1780080" lon="13.7379080">
    <ele>162.5</ele>
   </trkpt>
   <trkpt lat="46.1779850" lon="13.7379380">
    <ele>162.5</ele>
   </trkpt>
   <trkpt lat="46.1779670" lon="13.7379780">
    <ele>162.5</ele>
   </trkpt>
   <trkpt lat="46.1779430" lon="13.7380220">
    <ele>162.4</ele>
   </trkpt>
   <trkpt lat="46.1779200" lon="13.7380600">
    <ele>162.4</ele>
   </trkpt>
   <trkpt lat="46.1779020" lon="13.7380920">
    <ele>162.4</ele>
   </trkpt>
   <trkpt lat="46.1778850" lon="13.7381300">
    <ele>162.4</ele>
   </trkpt>
   <trkpt lat="46.1778720" lon="13.7381630">
    <ele>162.4</ele>
   </trkpt>
   <trkpt lat="46.1778520" lon="13.7382050">
    <ele>162.4</ele>
   </trkpt>
   <trkpt lat="46.1778300" lon="13.7382520">
    <ele>162.5</ele>
   </trkpt>
   <trkpt lat="46.1778130" lon="13.7382970">
    <ele>162.5</ele>
   </trkpt>
   <trkpt lat="46.1777950" lon="13.7383380">
    <ele>162.5</ele>
   </trkpt>
   <trkpt lat="46.1777820" lon="13.7383780">
    <ele>162.5</ele>
   </trkpt>
   <trkpt lat="46.1777670" lon="13.7384150">
    <ele>162.6</ele>
   </trkpt>
   <trkpt lat="46.1777480" lon="13.7384500">
    <ele>162.6</ele>
   </trkpt>
   <trkpt lat="46.1777350" lon="13.7384750">
    <ele>162.6</ele>
   </trkpt>
   <trkpt lat="46.1777220" lon="13.7385050">
    <ele>162.6</ele>
   </trkpt>
   <trkpt lat="46.1777080" lon="13.7385280">
    <ele>162.7</ele>
   </trkpt>
   <trkpt lat="46.1776930" lon="13.7385550">
    <ele>162.7</ele>
   </trkpt>
   <trkpt lat="46.1776730" lon="13.7385820">
    <ele>162.7</ele>
   </trkpt>
   <trkpt lat="46.1776530" lon="13.7386050">
    <ele>162.7</ele>
   </trkpt>
   <trkpt lat="46.1776320" lon="13.7386230">
    <ele>162.7</ele>
   </trkpt>
   <trkpt lat="46.1776070" lon="13.7386320">
    <ele>162.7</ele>
   </trkpt>
   <trkpt lat="46.1775770" lon="13.7386380">
    <ele>162.7</ele>
   </trkpt>
   <trkpt lat="46.1775450" lon="13.7386420">
    <ele>162.6</ele>
   </trkpt>
   <trkpt lat="46.1775150" lon="13.7386470">
    <ele>162.6</ele>
   </trkpt>
   <trkpt lat="46.1774880" lon="13.7386550">
    <ele>162.6</ele>
   </trkpt>
   <trkpt lat="46.1774580" lon="13.7386630">
    <ele>162.5</ele>
   </trkpt>
   <trkpt lat="46.1774320" lon="13.7386750">
    <ele>162.5</ele>
   </trkpt>
   <trkpt lat="46.1774050" lon="13.7386830">
    <ele>162.5</ele>
   </trkpt>
   <trkpt lat="46.1773770" lon="13.7386930">
    <ele>162.4</ele>
   </trkpt>
   <trkpt lat="46.1773470" lon="13.7387100">
    <ele>162.4</ele>
   </trkpt>
   <trkpt lat="46.1773130" lon="13.7387270">
    <ele>162.3</ele>
   </trkpt>
   <trkpt lat="46.1772820" lon="13.7387450">
    <ele>162.3</ele>
   </trkpt>
   <trkpt lat="46.1772450" lon="13.7387630">
    <ele>162.3</ele>
   </trkpt>
   <trkpt lat="46.1772050" lon="13.7387750">
    <ele>162.2</ele>
   </trkpt>
   <trkpt lat="46.1771670" lon="13.7387870">
    <ele>162.2</ele>
   </trkpt>
   <trkpt lat="46.1771330" lon="13.7387980">
    <ele>162.2</ele>
   </trkpt>
   <trkpt lat="46.1771030" lon="13.7388120">
    <ele>162.1</ele>
   </trkpt>
   <trkpt lat="46.1770770" lon="13.7388170">
    <ele>162.1</ele>
   </trkpt>
   <trkpt lat="46.1770480" lon="13.7388170">
    <ele>162.1</ele>
   </trkpt>
   <trkpt lat="46.1770200" lon="13.7388180">
    <ele>162.1</ele>
   </trkpt>
   <trkpt lat="46.1769950" lon="13.7388250">
    <ele>162.0</ele>
   </trkpt>
   <trkpt lat="46.1769700" lon="13.7388330">
    <ele>162.0</ele>
   </trkpt>
   <trkpt lat="46.1769450" lon="13.7388370">
    <ele>162.0</ele>
   </trkpt>
   <trkpt lat="46.1769150" lon="13.7388420">
    <ele>162.0</ele>
   </trkpt>
   <trkpt lat="46.1768870" lon="13.7388500">
    <ele>162.0</ele>
   </trkpt>
   <trkpt lat="46.1768520" lon="13.7388680">
    <ele>162.1</ele>
   </trkpt>
   <trkpt lat="46.1768200" lon="13.7388750">
    <ele>162.1</ele>
   </trkpt>
   <trkpt lat="46.1767850" lon="13.7388830">
    <ele>162.1</ele>
   </trkpt>
   <trkpt lat="46.1767570" lon="13.7388920">
    <ele>162.1</ele>
   </trkpt>
   <trkpt lat="46.1767300" lon="13.7388930">
    <ele>162.1</ele>
   </trkpt>
   <trkpt lat="46.1767020" lon="13.7388970">
    <ele>162.1</ele>
   </trkpt>
   <trkpt lat="46.1766730" lon="13.7389120">
    <ele>162.1</ele>
   </trkpt>
   <trkpt lat="46.1766430" lon="13.7389180">
    <ele>162.1</ele>
   </trkpt>
   <trkpt lat="46.1766120" lon="13.7389330">
    <ele>162.1</ele>
   </trkpt>
   <trkpt lat="46.1765770" lon="13.7389450">
    <ele>162.1</ele>
   </trkpt>
   <trkpt lat="46.1765420" lon="13.7389570">
    <ele>162.0</ele>
   </trkpt>
   <trkpt lat="46.1765100" lon="13.7389680">
    <ele>162.0</ele>
   </trkpt>
   <trkpt lat="46.1764820" lon="13.7389870">
    <ele>162.0</ele>
   </trkpt>
   <trkpt lat="46.1764530" lon="13.7390130">
    <ele>162.0</ele>
   </trkpt>
   <trkpt lat="46.1764250" lon="13.7390350">
    <ele>162.0</ele>
   </trkpt>
   <trkpt lat="46.1763930" lon="13.7390600">
    <ele>161.9</ele>
   </trkpt>
   <trkpt lat="46.1763620" lon="13.7390780">
    <ele>161.9</ele>
   </trkpt>
   <trkpt lat="46.1763280" lon="13.7390950">
    <ele>161.8</ele>
   </trkpt>
   <trkpt lat="46.1762930" lon="13.7391020">
    <ele>161.8</ele>
   </trkpt>
   <trkpt lat="46.1762600" lon="13.7391000">
    <ele>161.8</ele>
   </trkpt>
   <trkpt lat="46.1762330" lon="13.7390930">
    <ele>161.7</ele>
   </trkpt>
   <trkpt lat="46.1762080" lon="13.7390900">
    <ele>161.7</ele>
   </trkpt>
   <trkpt lat="46.1761870" lon="13.7390920">
    <ele>161.7</ele>
   </trkpt>
   <trkpt lat="46.1761650" lon="13.7390900">
    <ele>161.6</ele>
   </trkpt>
   <trkpt lat="46.1761400" lon="13.7390920">
    <ele>161.6</ele>
   </trkpt>
   <trkpt lat="46.1761130" lon="13.7390980">
    <ele>161.7</ele>
   </trkpt>
   <trkpt lat="46.1760830" lon="13.7391080">
    <ele>161.7</ele>
   </trkpt>
   <trkpt lat="46.1760530" lon="13.7391100">
    <ele>161.8</ele>
   </trkpt>
   <trkpt lat="46.1760230" lon="13.7391170">
    <ele>161.8</ele>
   </trkpt>
   <trkpt lat="46.1759930" lon="13.7391250">
    <ele>161.9</ele>
   </trkpt>
   <trkpt lat="46.1759600" lon="13.7391350">
    <ele>162.0</ele>
   </trkpt>
   <trkpt lat="46.1759300" lon="13.7391420">
    <ele>162.1</ele>
   </trkpt>
   <trkpt lat="46.1759000" lon="13.7391470">
    <ele>162.2</ele>
   </trkpt>
   <trkpt lat="46.1758680" lon="13.7391500">
    <ele>162.2</ele>
   </trkpt>
   <trkpt lat="46.1758400" lon="13.7391520">
    <ele>162.3</ele>
   </trkpt>
   <trkpt lat="46.1758120" lon="13.7391570">
    <ele>162.3</ele>
   </trkpt>
   <trkpt lat="46.1757830" lon="13.7391630">
    <ele>162.3</ele>
   </trkpt>
   <trkpt lat="46.1757580" lon="13.7391770">
    <ele>162.3</ele>
   </trkpt>
   <trkpt lat="46.1757300" lon="13.7391900">
    <ele>162.2</ele>
   </trkpt>
   <trkpt lat="46.1756980" lon="13.7392080">
    <ele>162.2</ele>
   </trkpt>
   <trkpt lat="46.1756700" lon="13.7392230">
    <ele>162.1</ele>
   </trkpt>
   <trkpt lat="46.1756430" lon="13.7392370">
    <ele>162.1</ele>
   </trkpt>
   <trkpt lat="46.1756200" lon="13.7392450">
    <ele>162.1</ele>
   </trkpt>
   <trkpt lat="46.1755900" lon="13.7392620">
    <ele>162.1</ele>
   </trkpt>
   <trkpt lat="46.1755620" lon="13.7392820">
    <ele>162.1</ele>
   </trkpt>
   <trkpt lat="46.1755350" lon="13.7393000">
    <ele>162.1</ele>
   </trkpt>
   <trkpt lat="46.1755080" lon="13.7393200">
    <ele>162.2</ele>
   </trkpt>
   <trkpt lat="46.1754820" lon="13.7393370">
    <ele>162.2</ele>
   </trkpt>
   <trkpt lat="46.1754480" lon="13.7393630">
    <ele>162.2</ele>
   </trkpt>
   <trkpt lat="46.1754170" lon="13.7393870">
    <ele>162.2</ele>
   </trkpt>
   <trkpt lat="46.1753900" lon="13.7394080">
    <ele>162.2</ele>
   </trkpt>
   <trkpt lat="46.1753620" lon="13.7394280">
    <ele>162.2</ele>
   </trkpt>
   <trkpt lat="46.1753420" lon="13.7394550">
    <ele>162.2</ele>
   </trkpt>
   <trkpt lat="46.1753220" lon="13.7394770">
    <ele>162.3</ele>
   </trkpt>
   <trkpt lat="46.1752980" lon="13.7395000">
    <ele>162.3</ele>
   </trkpt>
   <trkpt lat="46.1752730" lon="13.7395230">
    <ele>162.3</ele>
   </trkpt>
   <trkpt lat="46.1752570" lon="13.7395470">
    <ele>162.3</ele>
   </trkpt>
   <trkpt lat="46.1752450" lon="13.7395700">
    <ele>162.3</ele>
   </trkpt>
   <trkpt lat="46.1752320" lon="13.7395950">
    <ele>162.3</ele>
   </trkpt>
   <trkpt lat="46.1752130" lon="13.7396180">
    <ele>162.3</ele>
   </trkpt>
   <trkpt lat="46.1751950" lon="13.7396470">
    <ele>162.3</ele>
   </trkpt>
   <trkpt lat="46.1751700" lon="13.7396730">
    <ele>162.3</ele>
   </trkpt>
   <trkpt lat="46.1751480" lon="13.7397080">
    <ele>162.3</ele>
   </trkpt>
   <trkpt lat="46.1751250" lon="13.7397430">
    <ele>162.3</ele>
   </trkpt>
   <trkpt lat="46.1751000" lon="13.7397800">
    <ele>162.3</ele>
   </trkpt>
   <trkpt lat="46.1750730" lon="13.7398170">
    <ele>162.4</ele>
   </trkpt>
   <trkpt lat="46.1750500" lon="13.7398420">
    <ele>162.4</ele>
   </trkpt>
   <trkpt lat="46.1750280" lon="13.7398680">
    <ele>162.4</ele>
   </trkpt>
   <trkpt lat="46.1750050" lon="13.7398970">
    <ele>162.4</ele>
   </trkpt>
   <trkpt lat="46.1749800" lon="13.7399270">
    <ele>162.5</ele>
   </trkpt>
   <trkpt lat="46.1749580" lon="13.7399580">
    <ele>162.5</ele>
   </trkpt>
   <trkpt lat="46.1749450" lon="13.7399880">
    <ele>162.6</ele>
   </trkpt>
   <trkpt lat="46.1749450" lon="13.7400180">
    <ele>162.7</ele>
   </trkpt>
   <trkpt lat="46.1749550" lon="13.7400500">
    <ele>162.9</ele>
   </trkpt>
   <trkpt lat="46.1749730" lon="13.7400820">
    <ele>162.9</ele>
   </trkpt>
   <trkpt lat="46.1749950" lon="13.7401130">
    <ele>162.9</ele>
   </trkpt>
   <trkpt lat="46.1750200" lon="13.7401520">
    <ele>162.9</ele>
   </trkpt>
   <trkpt lat="46.1750430" lon="13.7401880">
    <ele>162.9</ele>
   </trkpt>
   <trkpt lat="46.1750580" lon="13.7402220">
    <ele>163.0</ele>
   </trkpt>
   <trkpt lat="46.1750720" lon="13.7402620">
    <ele>163.0</ele>
   </trkpt>
   <trkpt lat="46.1750850" lon="13.7402970">
    <ele>163.0</ele>
   </trkpt>
   <trkpt lat="46.1750970" lon="13.7403280">
    <ele>163.0</ele>
   </trkpt>
   <trkpt lat="46.1751120" lon="13.7403570">
    <ele>163.1</ele>
   </trkpt>
   <trkpt lat="46.1751220" lon="13.7403830">
    <ele>163.1</ele>
   </trkpt>
   <trkpt lat="46.1751350" lon="13.7404100">
    <ele>163.1</ele>
   </trkpt>
   <trkpt lat="46.1751500" lon="13.7404370">
    <ele>163.2</ele>
   </trkpt>
   <trkpt lat="46.1751620" lon="13.7404650">
    <ele>163.3</ele>
   </trkpt>
   <trkpt lat="46.1751700" lon="13.7404930">
    <ele>163.5</ele>
   </trkpt>
   <trkpt lat="46.1751750" lon="13.7405280">
    <ele>163.6</ele>
   </trkpt>
   <trkpt lat="46.1751730" lon="13.7405730">
    <ele>163.9</ele>
   </trkpt>
   <trkpt lat="46.1751680" lon="13.7406180">
    <ele>164.1</ele>
   </trkpt>
   <trkpt lat="46.1751530" lon="13.7406570">
    <ele>164.4</ele>
   </trkpt>
   <trkpt lat="46.1751330" lon="13.7406930">
    <ele>164.6</ele>
   </trkpt>
   <trkpt lat="46.1751220" lon="13.7407280">
    <ele>164.9</ele>
   </trkpt>
   <trkpt lat="46.1751080" lon="13.7407680">
    <ele>165.2</ele>
   </trkpt>
   <trkpt lat="46.1750850" lon="13.7407980">
    <ele>165.5</ele>
   </trkpt>
   <trkpt lat="46.1750720" lon="13.7408250">
    <ele>165.8</ele>
   </trkpt>
   <trkpt lat="46.1750650" lon="13.7408550">
    <ele>166.1</ele>
   </trkpt>
   <trkpt lat="46.1750570" lon="13.7408820">
    <ele>166.3</ele>
   </trkpt>
   <trkpt lat="46.1750430" lon="13.7409050">
    <ele>166.6</ele>
   </trkpt>
   <trkpt lat="46.1750350" lon="13.7409300">
    <ele>166.8</ele>
   </trkpt>
   <trkpt lat="46.1750320" lon="13.7409580">
    <ele>167.1</ele>
   </trkpt>
   <trkpt lat="46.1750380" lon="13.7409850">
    <ele>167.3</ele>
   </trkpt>
   <trkpt lat="46.1750420" lon="13.7410150">
    <ele>167.6</ele>
   </trkpt>
   <trkpt lat="46.1750400" lon="13.7410450">
    <ele>167.8</ele>
   </trkpt>
   <trkpt lat="46.1750420" lon="13.7410780">
    <ele>168.1</ele>
   </trkpt>
   <trkpt lat="46.1750430" lon="13.7411080">
    <ele>168.4</ele>
   </trkpt>
   <trkpt lat="46.1750480" lon="13.7411420">
    <ele>168.7</ele>
   </trkpt>
   <trkpt lat="46.1750430" lon="13.7411750">
    <ele>168.9</ele>
   </trkpt>
   <trkpt lat="46.1750500" lon="13.7412000">
    <ele>169.1</ele>
   </trkpt>
   <trkpt lat="46.1750500" lon="13.7412300">
    <ele>169.3</ele>
   </trkpt>
   <trkpt lat="46.1750570" lon="13.7412550">
    <ele>169.5</ele>
   </trkpt>
   <trkpt lat="46.1750600" lon="13.7412850">
    <ele>169.7</ele>
   </trkpt>
   <trkpt lat="46.1750580" lon="13.7413120">
    <ele>169.8</ele>
   </trkpt>
   <trkpt lat="46.1750530" lon="13.7413330">
    <ele>169.9</ele>
   </trkpt>
   <trkpt lat="46.1750400" lon="13.7413570">
    <ele>170.1</ele>
   </trkpt>
   <trkpt lat="46.1750230" lon="13.7413850">
    <ele>170.2</ele>
   </trkpt>
   <trkpt lat="46.1750070" lon="13.7414080">
    <ele>170.3</ele>
   </trkpt>
   <trkpt lat="46.1749870" lon="13.7414370">
    <ele>170.4</ele>
   </trkpt>
   <trkpt lat="46.1749620" lon="13.7414630">
    <ele>170.5</ele>
   </trkpt>
   <trkpt lat="46.1749380" lon="13.7414900">
    <ele>170.6</ele>
   </trkpt>
   <trkpt lat="46.1749130" lon="13.7415130">
    <ele>170.6</ele>
   </trkpt>
   <trkpt lat="46.1748870" lon="13.7415320">
    <ele>170.6</ele>
   </trkpt>
   <trkpt lat="46.1748620" lon="13.7415520">
    <ele>170.6</ele>
   </trkpt>
   <trkpt lat="46.1748370" lon="13.7415720">
    <ele>170.6</ele>
   </trkpt>
   <trkpt lat="46.1748120" lon="13.7415880">
    <ele>170.6</ele>
   </trkpt>
   <trkpt lat="46.1747870" lon="13.7416070">
    <ele>170.6</ele>
   </trkpt>
   <trkpt lat="46.1747600" lon="13.7416320">
    <ele>170.6</ele>
   </trkpt>
   <trkpt lat="46.1747330" lon="13.7416520">
    <ele>170.5</ele>
   </trkpt>
   <trkpt lat="46.1747080" lon="13.7416800">
    <ele>170.5</ele>
   </trkpt>
   <trkpt lat="46.1746830" lon="13.7417050">
    <ele>170.5</ele>
   </trkpt>
   <trkpt lat="46.1746600" lon="13.7417270">
    <ele>170.5</ele>
   </trkpt>
   <trkpt lat="46.1746370" lon="13.7417550">
    <ele>170.4</ele>
   </trkpt>
   <trkpt lat="46.1746120" lon="13.7417850">
    <ele>170.4</ele>
   </trkpt>
   <trkpt lat="46.1745870" lon="13.7418120">
    <ele>170.4</ele>
   </trkpt>
   <trkpt lat="46.1745600" lon="13.7418450">
    <ele>170.3</ele>
   </trkpt>
   <trkpt lat="46.1745350" lon="13.7418770">
    <ele>170.3</ele>
   </trkpt>
   <trkpt lat="46.1745080" lon="13.7419080">
    <ele>170.2</ele>
   </trkpt>
   <trkpt lat="46.1744830" lon="13.7419400">
    <ele>170.1</ele>
   </trkpt>
   <trkpt lat="46.1744620" lon="13.7419720">
    <ele>170.0</ele>
   </trkpt>
   <trkpt lat="46.1744370" lon="13.7420020">
    <ele>170.0</ele>
   </trkpt>
   <trkpt lat="46.1744100" lon="13.7420280">
    <ele>169.9</ele>
   </trkpt>
   <trkpt lat="46.1743830" lon="13.7420500">
    <ele>169.8</ele>
   </trkpt>
   <trkpt lat="46.1743580" lon="13.7420780">
    <ele>169.8</ele>
   </trkpt>
   <trkpt lat="46.1743300" lon="13.7421020">
    <ele>169.7</ele>
   </trkpt>
   <trkpt lat="46.1743020" lon="13.7421220">
    <ele>169.7</ele>
   </trkpt>
   <trkpt lat="46.1742730" lon="13.7421400">
    <ele>169.6</ele>
   </trkpt>
   <trkpt lat="46.1742450" lon="13.7421620">
    <ele>169.5</ele>
   </trkpt>
   <trkpt lat="46.1742200" lon="13.7421830">
    <ele>169.5</ele>
   </trkpt>
   <trkpt lat="46.1741950" lon="13.7422120">
    <ele>169.4</ele>
   </trkpt>
   <trkpt lat="46.1741670" lon="13.7422350">
    <ele>169.3</ele>
   </trkpt>
   <trkpt lat="46.1741370" lon="13.7422570">
    <ele>169.3</ele>
   </trkpt>
   <trkpt lat="46.1741070" lon="13.7422850">
    <ele>169.2</ele>
   </trkpt>
   <trkpt lat="46.1740800" lon="13.7423150">
    <ele>169.1</ele>
   </trkpt>
   <trkpt lat="46.1740570" lon="13.7423470">
    <ele>169.1</ele>
   </trkpt>
   <trkpt lat="46.1740350" lon="13.7423770">
    <ele>169.0</ele>
   </trkpt>
   <trkpt lat="46.1740120" lon="13.7424050">
    <ele>168.9</ele>
   </trkpt>
   <trkpt lat="46.1739880" lon="13.7424300">
    <ele>168.9</ele>
   </trkpt>
   <trkpt lat="46.1739630" lon="13.7424550">
    <ele>168.8</ele>
   </trkpt>
   <trkpt lat="46.1739370" lon="13.7424770">
    <ele>168.8</ele>
   </trkpt>
   <trkpt lat="46.1739030" lon="13.7425020">
    <ele>168.7</ele>
   </trkpt>
   <trkpt lat="46.1738670" lon="13.7425200">
    <ele>168.6</ele>
   </trkpt>
   <trkpt lat="46.1738400" lon="13.7425370">
    <ele>168.6</ele>
   </trkpt>
   <trkpt lat="46.1738050" lon="13.7425430">
    <ele>168.5</ele>
   </trkpt>
   <trkpt lat="46.1737730" lon="13.7425480">
    <ele>168.5</ele>
   </trkpt>
   <trkpt lat="46.1737480" lon="13.7425470">
    <ele>168.4</ele>
   </trkpt>
   <trkpt lat="46.1737280" lon="13.7425470">
    <ele>168.4</ele>
   </trkpt>
   <trkpt lat="46.1737030" lon="13.7425450">
    <ele>168.3</ele>
   </trkpt>
   <trkpt lat="46.1736730" lon="13.7425280">
    <ele>168.3</ele>
   </trkpt>
   <trkpt lat="46.1736500" lon="13.7425120">
    <ele>168.2</ele>
   </trkpt>
   <trkpt lat="46.1736280" lon="13.7424950">
    <ele>168.2</ele>
   </trkpt>
   <trkpt lat="46.1736070" lon="13.7424850">
    <ele>168.1</ele>
   </trkpt>
   <trkpt lat="46.1735830" lon="13.7424700">
    <ele>168.1</ele>
   </trkpt>
   <trkpt lat="46.1735580" lon="13.7424430">
    <ele>168.0</ele>
   </trkpt>
   <trkpt lat="46.1735320" lon="13.7424170">
    <ele>167.9</ele>
   </trkpt>
   <trkpt lat="46.1735070" lon="13.7423850">
    <ele>167.8</ele>
   </trkpt>
   <trkpt lat="46.1734900" lon="13.7423530">
    <ele>167.7</ele>
   </trkpt>
   <trkpt lat="46.1734830" lon="13.7423080">
    <ele>167.5</ele>
   </trkpt>
   <trkpt lat="46.1734850" lon="13.7422520">
    <ele>167.3</ele>
   </trkpt>
   <trkpt lat="46.1734920" lon="13.7421950">
    <ele>167.0</ele>
   </trkpt>
   <trkpt lat="46.1734980" lon="13.7421370">
    <ele>166.8</ele>
   </trkpt>
   <trkpt lat="46.1735070" lon="13.7420730">
    <ele>167.1</ele>
   </trkpt>
   <trkpt lat="46.1735180" lon="13.7420130">
    <ele>166.9</ele>
   </trkpt>
   <trkpt lat="46.1735320" lon="13.7419570">
    <ele>167.2</ele>
   </trkpt>
   <trkpt lat="46.1735450" lon="13.7419000">
    <ele>167.1</ele>
   </trkpt>
   <trkpt lat="46.1735620" lon="13.7418470">
    <ele>167.2</ele>
   </trkpt>
   <trkpt lat="46.1735700" lon="13.7417930">
    <ele>167.0</ele>
   </trkpt>
   <trkpt lat="46.1735780" lon="13.7417400">
    <ele>166.8</ele>
   </trkpt>
   <trkpt lat="46.1735870" lon="13.7416880">
    <ele>166.6</ele>
   </trkpt>
   <trkpt lat="46.1736030" lon="13.7416420">
    <ele>166.5</ele>
   </trkpt>
   <trkpt lat="46.1736250" lon="13.7416000">
    <ele>166.4</ele>
   </trkpt>
   <trkpt lat="46.1736450" lon="13.7415580">
    <ele>166.3</ele>
   </trkpt>
   <trkpt lat="46.1736630" lon="13.7415150">
    <ele>166.2</ele>
   </trkpt>
   <trkpt lat="46.1736770" lon="13.7414720">
    <ele>166.1</ele>
   </trkpt>
   <trkpt lat="46.1736850" lon="13.7414300">
    <ele>165.7</ele>
   </trkpt>
   <trkpt lat="46.1736920" lon="13.7413900">
    <ele>165.6</ele>
   </trkpt>
   <trkpt lat="46.1736930" lon="13.7413520">
    <ele>165.4</ele>
   </trkpt>
   <trkpt lat="46.1736950" lon="13.7413150">
    <ele>165.1</ele>
   </trkpt>
   <trkpt lat="46.1736900" lon="13.7412780">
    <ele>164.8</ele>
   </trkpt>
   <trkpt lat="46.1736870" lon="13.7412380">
    <ele>164.6</ele>
   </trkpt>
   <trkpt lat="46.1736820" lon="13.7411920">
    <ele>163.9</ele>
   </trkpt>
   <trkpt lat="46.1736720" lon="13.7411380">
    <ele>163.0</ele>
   </trkpt>
   <trkpt lat="46.1736720" lon="13.7410900">
    <ele>162.2</ele>
   </trkpt>
   <trkpt lat="46.1736750" lon="13.7410380">
    <ele>161.6</ele>
   </trkpt>
   <trkpt lat="46.1736830" lon="13.7409980">
    <ele>162.2</ele>
   </trkpt>
   <trkpt lat="46.1736970" lon="13.7409670">
    <ele>162.0</ele>
   </trkpt>
   <trkpt lat="46.1737080" lon="13.7409350">
    <ele>161.9</ele>
   </trkpt>
   <trkpt lat="46.1737150" lon="13.7409050">
    <ele>162.9</ele>
   </trkpt>
   <trkpt lat="46.1737280" lon="13.7408730">
    <ele>163.0</ele>
   </trkpt>
   <trkpt lat="46.1737430" lon="13.7408450">
    <ele>164.0</ele>
   </trkpt>
   <trkpt lat="46.1737550" lon="13.7408180">
    <ele>163.9</ele>
   </trkpt>
   <trkpt lat="46.1737700" lon="13.7407960">
    <ele>164.7</ele>
   </trkpt>
   <trkpt lat="46.1737770" lon="13.7407850">
    <ele>164.5</ele>
   </trkpt>
   <trkpt lat="46.1737880" lon="13.7407690">
    <ele>164.4</ele>
   </trkpt>
   <trkpt lat="46.1737990" lon="13.7407530">
    <ele>164.8</ele>
   </trkpt>
   <trkpt lat="46.1738100" lon="13.7407360">
    <ele>164.7</ele>
   </trkpt>
   <trkpt lat="46.1738210" lon="13.7407200">
    <ele>164.7</ele>
   </trkpt>
   <trkpt lat="46.1738320" lon="13.7407030">
    <ele>164.7</ele>
   </trkpt>
   <trkpt lat="46.1738430" lon="13.7406870">
    <ele>164.6</ele>
   </trkpt>
   <trkpt lat="46.1738540" lon="13.7406710">
    <ele>164.6</ele>
   </trkpt>
   <trkpt lat="46.1738650" lon="13.7406540">
    <ele>164.4</ele>
   </trkpt>
   <trkpt lat="46.1738760" lon="13.7406380">
    <ele>164.2</ele>
   </trkpt>
   <trkpt lat="46.1738870" lon="13.7406220">
    <ele>164.2</ele>
   </trkpt>
   <trkpt lat="46.1738980" lon="13.7406050">
    <ele>163.8</ele>
   </trkpt>
   <trkpt lat="46.1739090" lon="13.7405890">
    <ele>163.8</ele>
   </trkpt>
   <trkpt lat="46.1739200" lon="13.7405730">
    <ele>163.3</ele>
   </trkpt>
   <trkpt lat="46.1739310" lon="13.7405560">
    <ele>163.1</ele>
   </trkpt>
   <trkpt lat="46.1739420" lon="13.7405400">
    <ele>163.1</ele>
   </trkpt>
   <trkpt lat="46.1739530" lon="13.7405230">
    <ele>162.5</ele>
   </trkpt>
   <trkpt lat="46.1739640" lon="13.7405070">
    <ele>162.4</ele>
   </trkpt>
   <trkpt lat="46.1739750" lon="13.7404910">
    <ele>162.4</ele>
   </trkpt>
   <trkpt lat="46.1739860" lon="13.7404740">
    <ele>161.7</ele>
   </trkpt>
   <trkpt lat="46.1739970" lon="13.7404580">
    <ele>161.7</ele>
   </trkpt>
   <trkpt lat="46.1740080" lon="13.7404420">
    <ele>161.1</ele>
   </trkpt>
   <trkpt lat="46.1740190" lon="13.7404250">
    <ele>161.0</ele>
   </trkpt>
   <trkpt lat="46.1740300" lon="13.7404090">
    <ele>161.0</ele>
   </trkpt>
   <trkpt lat="46.1740410" lon="13.7403920">
    <ele>160.4</ele>
   </trkpt>
   <trkpt lat="46.1740520" lon="13.7403760">
    <ele>160.5</ele>
   </trkpt>
   <trkpt lat="46.1740630" lon="13.7403600">
    <ele>160.3</ele>
   </trkpt>
   <trkpt lat="46.1740740" lon="13.7403430">
    <ele>159.9</ele>
   </trkpt>
   <trkpt lat="46.1740850" lon="13.7403270">
    <ele>159.9</ele>
   </trkpt>
   <trkpt lat="46.1740530" lon="13.7403750">
    <ele>159.8</ele>
   </trkpt>
   <trkpt lat="46.1740050" lon="13.7403650">
    <ele>160.5</ele>
   </trkpt>
   <trkpt lat="46.1740100" lon="13.7403530">
    <ele>159.9</ele>
   </trkpt>
   <trkpt lat="46.1740030" lon="13.7403480">
    <ele>160.2</ele>
   </trkpt>
   <trkpt lat="46.1739920" lon="13.7403450">
    <ele>160.1</ele>
   </trkpt>
   <trkpt lat="46.1739880" lon="13.7403450">
    <ele>159.9</ele>
   </trkpt>
   <trkpt lat="46.1739870" lon="13.7403570">
    <ele>159.9</ele>
   </trkpt>
   <trkpt lat="46.1739950" lon="13.7403550">
    <ele>160.0</ele>
   </trkpt>
   <trkpt lat="46.1739980" lon="13.7403500">
    <ele>160.0</ele>
   </trkpt>
   <trkpt lat="46.1740100" lon="13.7403380">
    <ele>160.0</ele>
   </trkpt>
   <trkpt lat="46.1740230" lon="13.7403270">
    <ele>160.1</ele>
   </trkpt>
   <trkpt lat="46.1740400" lon="13.7403150">
    <ele>160.1</ele>
   </trkpt>
   <trkpt lat="46.1740570" lon="13.7403050">
    <ele>160.2</ele>
   </trkpt>
   <trkpt lat="46.1740700" lon="13.7402900">
    <ele>160.2</ele>
   </trkpt>
   <trkpt lat="46.1740800" lon="13.7402720">
    <ele>160.2</ele>
   </trkpt>
   <trkpt lat="46.1740920" lon="13.7402530">
    <ele>160.3</ele>
   </trkpt>
   <trkpt lat="46.1741000" lon="13.7402380">
    <ele>160.3</ele>
   </trkpt>
   <trkpt lat="46.1741020" lon="13.7402350">
    <ele>160.3</ele>
   </trkpt>
   <trkpt lat="46.1741020" lon="13.7402370">
    <ele>160.3</ele>
   </trkpt>
  </trkseg>
 </trk>
</gpx>
